Path	Bytes
Assets/3D Models/Props/Weapons/Grenades/M18/Example/Materials/FloorMaterial.mat	3845
Assets/3D Models/Props/Weapons/Grenades/M18/Example/Prefabs/ShowRoom.prefab	43538
Assets/3D Models/Props/Weapons/Grenades/M18/Example/Scene/Scene.unity	17640
Assets/3D Models/Props/Weapons/Grenades/M18/Example/Scripts/Editor/ShowRoomEditor.cs	1776
Assets/3D Models/Props/Weapons/Grenades/M18/Example/Scripts/M18ShowRoom_AD.asmdef	417
Assets/3D Models/Props/Weapons/Grenades/M18/Example/Scripts/ShowRoom.cs	4496
Assets/3D Models/Props/Weapons/Grenades/M18/Mesh/M18.FBX	170624
Assets/3D Models/Props/Weapons/Grenades/M18/Mesh/M18_LOD0.FBX	125856
Assets/3D Models/Props/Weapons/Grenades/M18/Mesh/Materials/M18_Blue.mat	4196
Assets/3D Models/Props/Weapons/Grenades/M18/Mesh/Materials/M18_Green.mat	4198
Assets/3D Models/Props/Weapons/Grenades/M18/Mesh/Materials/M18_Red.mat	4270
Assets/3D Models/Props/Weapons/Grenades/M18/Mesh/Materials/M18_White.mat	4198
Assets/3D Models/Props/Weapons/Grenades/M18/Mesh/Materials/RED.mat	3852
Assets/3D Models/Props/Weapons/Grenades/M18/Prefabs/M18_Blue.prefab	7519
Assets/3D Models/Props/Weapons/Grenades/M18/Prefabs/M18_Green.prefab	7520
Assets/3D Models/Props/Weapons/Grenades/M18/Prefabs/M18_Red.prefab	7518
Assets/3D Models/Props/Weapons/Grenades/M18/Prefabs/M18_White.prefab	7520
Assets/3D Models/Props/Weapons/Grenades/M18/README.md	236
Assets/3D Models/Props/Weapons/Grenades/M18/Textures/M18_Albedo_Blue.png	3033635
Assets/3D Models/Props/Weapons/Grenades/M18/Textures/M18_Albedo_Green.png	3005926
Assets/3D Models/Props/Weapons/Grenades/M18/Textures/M18_Albedo_Red.png	3025490
Assets/3D Models/Props/Weapons/Grenades/M18/Textures/M18_Albedo_White.png	3030413
Assets/3D Models/Props/Weapons/Grenades/M18/Textures/M18_AO.png	21626
Assets/3D Models/Props/Weapons/Grenades/M18/Textures/M18_Normal.png	3041464
Assets/3D Models/Props/Weapons/Grenades/M18/Textures/M18_Specular.png	2506592
Assets/Animations/Aim Idle.anim	2588876
Assets/Animations/Human Death.anim	2055715
Assets/Animations/Humanoid Idle.anim	590405
Assets/Animations/Humanoid Run.anim	707851
Assets/Animations/Humanoid Walk.anim	2103527
Assets/Animations/Reload.anim	874225
Assets/Animations/ShooterAnimator.controller	14520
Assets/Animations/SurvivalistTPS.controller	21687
Assets/Animations/Upper Body Mask.mask	370
Assets/Animations/Zombie Animator.controller	6056
Assets/Animations/Zombie Character.controller	9715
Assets/Animations/Zombie Idle.anim	4310287
Assets/Animations/Zombie Run.anim	694875
Assets/Apocalyptic_World/Art/Materials/BarbWire.mat	4340
Assets/Apocalyptic_World/Art/Materials/Brick.mat	3980
Assets/Apocalyptic_World/Art/Materials/Building_Low.mat	4068
Assets/Apocalyptic_World/Art/Materials/Car_1.mat	3981
Assets/Apocalyptic_World/Art/Materials/Car_2.mat	3981
Assets/Apocalyptic_World/Art/Materials/Car_3.mat	3981
Assets/Apocalyptic_World/Art/Materials/ChainLink.mat	4341
Assets/Apocalyptic_World/Art/Materials/ChainLink_.mat	2657
Assets/Apocalyptic_World/Art/Materials/Cliff_ 2.mat	4014
Assets/Apocalyptic_World/Art/Materials/Cliff_ 3.mat	4013
Assets/Apocalyptic_World/Art/Materials/Cliff_ 4.mat	4013
Assets/Apocalyptic_World/Art/Materials/Cliff_1.mat	4012
Assets/Apocalyptic_World/Art/Materials/Dumpster.mat	4063
Assets/Apocalyptic_World/Art/Materials/Flag_America.mat	4343
Assets/Apocalyptic_World/Art/Materials/Flag_Freedom.mat	4344
Assets/Apocalyptic_World/Art/Materials/Flag_Gate.mat	4771
Assets/Apocalyptic_World/Art/Materials/Flag_Lockdown.mat	4346
Assets/Apocalyptic_World/Art/Materials/Flag_Shop_Blue.mat	4346
Assets/Apocalyptic_World/Art/Materials/Flag_Shop_Dough.mat	4348
Assets/Apocalyptic_World/Art/Materials/Flag_Shop_Green.mat	4348
Assets/Apocalyptic_World/Art/Materials/Flag_Shop_Red.mat	4345
Assets/Apocalyptic_World/Art/Materials/Grass.mat	4056
Assets/Apocalyptic_World/Art/Materials/Horse.mat	3980
Assets/Apocalyptic_World/Art/Materials/Mud.mat	4056
Assets/Apocalyptic_World/Art/Materials/RoadMarking.mat	4028
Assets/Apocalyptic_World/Art/Materials/Rock_2.mat	4062
Assets/Apocalyptic_World/Art/Materials/Sandbag.mat	3981
Assets/Apocalyptic_World/Art/Materials/Signs.mat	3908
Assets/Apocalyptic_World/Art/Materials/Trim_Damaged.mat	3972
Assets/Apocalyptic_World/Art/Materials/Trim_Metal.mat	4066
Assets/Apocalyptic_World/Art/Materials/Trim_Mud.mat	4061
Assets/Apocalyptic_World/Art/Materials/Trim_Pavements.mat	4068
Assets/Apocalyptic_World/Art/Materials/Veg_Bannana.mat	4900
Assets/Apocalyptic_World/Art/Materials/Veg_Fern.mat	4895
Assets/Apocalyptic_World/Art/Materials/Veg_Grass.mat	4343
Assets/Apocalyptic_World/Art/Materials/Veg_Grass_Tall.mat	4344
Assets/Apocalyptic_World/Art/Materials/Veg_Leaf.mat	4464
Assets/Apocalyptic_World/Art/Materials/Veg_Plant.mat	4342
Assets/Apocalyptic_World/Art/Materials/Veg_Tree_Bark.mat	4070
Assets/Apocalyptic_World/Art/Materials/Veg_Tree_Bark_End.mat	3996
Assets/Apocalyptic_World/Art/Materials/Veg_Tree_Fir.mat	5059
Assets/Apocalyptic_World/Art/Materials/VegBush.mat	4339
Assets/Apocalyptic_World/Art/Materials/VegGround.mat	4880
Assets/Apocalyptic_World/Art/Materials/VegIvy.mat	4817
Assets/Apocalyptic_World/Art/Materials/Window_2.mat	3982
Assets/Apocalyptic_World/Art/Materials/Window_3.mat	4063
Assets/Apocalyptic_World/Art/Materials/Window_4.mat	3985
Assets/Apocalyptic_World/Art/Materials/Window_Black_Glass.mat	4802
Assets/Apocalyptic_World/Art/Materials/Wood.mat	4052
Assets/Apocalyptic_World/Art/Materials/Z_Grey.mat	3855
Assets/Apocalyptic_World/Art/StaticMesh/Buildings/SM_Building_01.FBX	4036176
Assets/Apocalyptic_World/Art/StaticMesh/Buildings/SM_Building_02.FBX	3078192
Assets/Apocalyptic_World/Art/StaticMesh/Buildings/SM_Building_03.FBX	891632
Assets/Apocalyptic_World/Art/StaticMesh/Buildings/SM_Building_04.FBX	1683536
Assets/Apocalyptic_World/Art/StaticMesh/Buildings/SM_Building_05.FBX	2534096
Assets/Apocalyptic_World/Art/StaticMesh/Buildings/SM_Building_06.FBX	4282576
Assets/Apocalyptic_World/Art/StaticMesh/Buildings/SM_Building_07.FBX	2531648
Assets/Apocalyptic_World/Art/StaticMesh/Buildings/SM_Building_Broken_01.FBX	286976
Assets/Apocalyptic_World/Art/StaticMesh/Buildings/SM_Building_Low_01.FBX	95504
Assets/Apocalyptic_World/Art/StaticMesh/Buildings/SM_Building_Low_02.FBX	78480
Assets/Apocalyptic_World/Art/StaticMesh/Buildings/SM_Building_Low_03.FBX	77264
Assets/Apocalyptic_World/Art/StaticMesh/Buildings/SM_Building_Low_04.FBX	132400
Assets/Apocalyptic_World/Art/StaticMesh/Buildings/SM_Building_Low_05.FBX	103216
Assets/Apocalyptic_World/Art/StaticMesh/Buildings/SM_Building_Low_06.FBX	232480
Assets/Apocalyptic_World/Art/StaticMesh/Buildings/SM_Building_Low_07.FBX	251616
Assets/Apocalyptic_World/Art/StaticMesh/Buildings/SM_Building_Low_08.FBX	88592
Assets/Apocalyptic_World/Art/StaticMesh/Buildings/SM_Building_Low_09.FBX	397568
Assets/Apocalyptic_World/Art/StaticMesh/Buildings/SM_Building_Low_10.FBX	648384
Assets/Apocalyptic_World/Art/StaticMesh/Cars/SM_Vehicle_Car_01.FBX	915872
Assets/Apocalyptic_World/Art/StaticMesh/Cars/SM_Vehicle_Car_02.FBX	930352
Assets/Apocalyptic_World/Art/StaticMesh/Cars/SM_Vehicle_Car_03.FBX	903712
Assets/Apocalyptic_World/Art/StaticMesh/Grounds/SM_Grounds_01.FBX	428064
Assets/Apocalyptic_World/Art/StaticMesh/Grounds/SM_Grounds_02.FBX	402368
Assets/Apocalyptic_World/Art/StaticMesh/Grounds/SM_Grounds_03.FBX	185296
Assets/Apocalyptic_World/Art/StaticMesh/Props/SM_HorseCorpse_01.FBX	949136
Assets/Apocalyptic_World/Art/StaticMesh/Props/SM_Props_BarbWire_01.FBX	422480
Assets/Apocalyptic_World/Art/StaticMesh/Props/SM_Props_Barrier_01.FBX	218080
Assets/Apocalyptic_World/Art/StaticMesh/Props/SM_Props_Box_01.FBX	289312
Assets/Apocalyptic_World/Art/StaticMesh/Props/SM_Props_Box_02.FBX	249936
Assets/Apocalyptic_World/Art/StaticMesh/Props/SM_Props_Can_01.FBX	181712
Assets/Apocalyptic_World/Art/StaticMesh/Props/SM_Props_Can_02.FBX	181712
Assets/Apocalyptic_World/Art/StaticMesh/Props/SM_Props_Can_03.FBX	181712
Assets/Apocalyptic_World/Art/StaticMesh/Props/SM_Props_Dumpster_01.FBX	552320
Assets/Apocalyptic_World/Art/StaticMesh/Props/SM_Props_Dumpster_02.FBX	380160
Assets/Apocalyptic_World/Art/StaticMesh/Props/SM_Props_ElectMast_01.FBX	911120
Assets/Apocalyptic_World/Art/StaticMesh/Props/SM_Props_ElectMast_02.FBX	437136
Assets/Apocalyptic_World/Art/StaticMesh/Props/SM_Props_Fence_01.FBX	231632
Assets/Apocalyptic_World/Art/StaticMesh/Props/SM_Props_Fence_02_Broken.FBX	270864
Assets/Apocalyptic_World/Art/StaticMesh/Props/SM_Props_Gate_01.FBX	191184
Assets/Apocalyptic_World/Art/StaticMesh/Props/SM_Props_Gate_Door_01.FBX	204832
Assets/Apocalyptic_World/Art/StaticMesh/Props/SM_Props_Hut_01.FBX	236624
Assets/Apocalyptic_World/Art/StaticMesh/Props/SM_Props_Ladder_01.FBX	195440
Assets/Apocalyptic_World/Art/StaticMesh/Props/SM_Props_Lampost_01.FBX	320928
Assets/Apocalyptic_World/Art/StaticMesh/Props/SM_Props_Paper_01.FBX	200000
Assets/Apocalyptic_World/Art/StaticMesh/Props/SM_Props_Pizza_01.FBX	201424
Assets/Apocalyptic_World/Art/StaticMesh/Props/SM_Props_Sandbag_01.FBX	1355744
Assets/Apocalyptic_World/Art/StaticMesh/Props/SM_Props_Sandbag_02.FBX	936160
Assets/Apocalyptic_World/Art/StaticMesh/Props/SM_Props_Sandbag_03.FBX	1395184
Assets/Apocalyptic_World/Art/StaticMesh/Props/SM_Props_Sandbag_04.FBX	405712
Assets/Apocalyptic_World/Art/StaticMesh/Props/SM_Props_Scaf.FBX	1055040
Assets/Apocalyptic_World/Art/StaticMesh/Props/SM_Props_Scaf_02.FBX	873696
Assets/Apocalyptic_World/Art/StaticMesh/Props/SM_Props_Scaf_03.FBX	424256
Assets/Apocalyptic_World/Art/StaticMesh/Props/SM_Props_TrafficLight_01.FBX	893312
Assets/Apocalyptic_World/Art/StaticMesh/Props/SM_Props_TrafficLight_02.FBX	801200
Assets/Apocalyptic_World/Art/StaticMesh/Props/SM_Props_TrafficSign_01.FBX	582560
Assets/Apocalyptic_World/Art/StaticMesh/Props/SM_Props_WalkWay_01.FBX	202704
Assets/Apocalyptic_World/Art/StaticMesh/Props/SM_Props_WalkWay_02.FBX	258320
Assets/Apocalyptic_World/Art/StaticMesh/Props/SM_Props_WalkWay_Stairs_01.FBX	294096
Assets/Apocalyptic_World/Art/StaticMesh/Roads/SM_Road_Damage_01.FBX	1801552
Assets/Apocalyptic_World/Art/StaticMesh/Roads/SM_Road_Damage_02.FBX	306224
Assets/Apocalyptic_World/Art/StaticMesh/Roads/SM_Road_Damage_03.FBX	1060624
Assets/Apocalyptic_World/Art/StaticMesh/Roads/SM_Road_Damage_04.FBX	1129584
Assets/Apocalyptic_World/Art/StaticMesh/Roads/SM_Roads_01_Straight.FBX	253824
Assets/Apocalyptic_World/Art/StaticMesh/Roads/SM_Roads_02_L.FBX	264944
Assets/Apocalyptic_World/Art/StaticMesh/Roads/SM_Roads_03_Cross.FBX	296240
Assets/Apocalyptic_World/Art/StaticMesh/Roads/SM_Roads_04_Curve.FBX	945040
Assets/Apocalyptic_World/Art/StaticMesh/Roads/SM_Roads_05_Hill.FBX	315792
Assets/Apocalyptic_World/Art/StaticMesh/Roads/SM_Roads_Bridge_01.FBX	347488
Assets/Apocalyptic_World/Art/StaticMesh/Roads/SM_Roads_Bridge_02.FBX	698624
Assets/Apocalyptic_World/Art/StaticMesh/Roads/SM_Roads_Bridge_03.FBX	691856
Assets/Apocalyptic_World/Art/StaticMesh/Roads/SM_Roads_Frame_01.FBX	266080
Assets/Apocalyptic_World/Art/StaticMesh/Rocks/SM_Rock_01.FBX	2031264
Assets/Apocalyptic_World/Art/StaticMesh/Rocks/SM_Rock_02.FBX	1207904
Assets/Apocalyptic_World/Art/StaticMesh/Signs/Prop_Flag_America.FBX	194240
Assets/Apocalyptic_World/Art/StaticMesh/Signs/Prop_Flag_Freedom.FBX	194240
Assets/Apocalyptic_World/Art/StaticMesh/Signs/Prop_Flag_Gate.FBX	194224
Assets/Apocalyptic_World/Art/StaticMesh/Signs/Prop_Flag_Lockdown.FBX	194240
Assets/Apocalyptic_World/Art/StaticMesh/Signs/Shop_Sign_DoughManic_01.FBX	355392
Assets/Apocalyptic_World/Art/StaticMesh/Signs/SM_Props_Sign_01.FBX	173856
Assets/Apocalyptic_World/Art/StaticMesh/Signs/SM_Props_Sign_02.FBX	173856
Assets/Apocalyptic_World/Art/StaticMesh/Signs/SM_Props_Sign_03.FBX	173856
Assets/Apocalyptic_World/Art/StaticMesh/Signs/SM_Props_Sign_04.FBX	173856
Assets/Apocalyptic_World/Art/StaticMesh/Signs/SM_Props_Sign_05.FBX	173856
Assets/Apocalyptic_World/Art/StaticMesh/Signs/SM_Props_Sign_06.FBX	173856
Assets/Apocalyptic_World/Art/StaticMesh/Signs/SM_Props_Sign_07.FBX	173856
Assets/Apocalyptic_World/Art/StaticMesh/Signs/SM_Props_Sign_LeftTurn.FBX	199312
Assets/Apocalyptic_World/Art/StaticMesh/Signs/SM_Props_Sign_NoParking.FBX	195008
Assets/Apocalyptic_World/Art/StaticMesh/Signs/SM_Props_Sign_NoParking_02.FBX	194960
Assets/Apocalyptic_World/Art/StaticMesh/Signs/SM_Props_Sign_RighTurn.FBX	199232
Assets/Apocalyptic_World/Art/StaticMesh/Signs/SM_Props_Sign_Round.FBX	194976
Assets/Apocalyptic_World/Art/StaticMesh/Signs/SM_Props_Sign_Speed50.FBX	194896
Assets/Apocalyptic_World/Art/StaticMesh/Signs/SM_Props_Sign_Stop.FBX	190080
Assets/Apocalyptic_World/Art/StaticMesh/Signs/SM_Shop_Canopy_01.FBX	195168
Assets/Apocalyptic_World/Art/StaticMesh/Signs/SM_Shop_Canopy_02.FBX	204448
Assets/Apocalyptic_World/Art/StaticMesh/Signs/SM_Shop_Canopy_03.FBX	183104
Assets/Apocalyptic_World/Art/StaticMesh/Signs/SM_Shop_Canopy_04.FBX	199792
Assets/Apocalyptic_World/Art/StaticMesh/Signs/SM_Shop_Sign_0.FBX	199072
Assets/Apocalyptic_World/Art/StaticMesh/Signs/SM_Shop_Sign_01.FBX	205280
Assets/Apocalyptic_World/Art/StaticMesh/Signs/SM_Shop_Sign_02.FBX	196320
Assets/Apocalyptic_World/Art/StaticMesh/Signs/SM_Shop_Sign_03.FBX	195696
Assets/Apocalyptic_World/Art/StaticMesh/Signs/SM_Shop_Sign_04.FBX	205280
Assets/Apocalyptic_World/Art/StaticMesh/Signs/SM_Shop_Sign_05.FBX	195536
Assets/Apocalyptic_World/Art/StaticMesh/Signs/SM_Shop_Sign_06.FBX	195504
Assets/Apocalyptic_World/Art/StaticMesh/Signs/SM_Shop_Sign_07.FBX	195536
Assets/Apocalyptic_World/Art/StaticMesh/Signs/SM_Shop_Sign_08.FBX	205264
Assets/Apocalyptic_World/Art/StaticMesh/Signs/SM_Shop_Sign_09.FBX	195504
Assets/Apocalyptic_World/Art/StaticMesh/Signs/SM_Shop_Sign_DoughManic_02.FBX	202160
Assets/Apocalyptic_World/Art/StaticMesh/Structures/SM_Structure_Pillar_01.FBX	196336
Assets/Apocalyptic_World/Art/StaticMesh/Structures/SM_Structure_Pillar_02.FBX	193936
Assets/Apocalyptic_World/Art/StaticMesh/Structures/SM_Structure_Pillar_02_Broken.FBX	492928
Assets/Apocalyptic_World/Art/StaticMesh/Structures/SM_Structure_Stairs_1.FBX	196864
Assets/Apocalyptic_World/Art/StaticMesh/Structures/SM_Structure_Stairs_2.FBX	435488
Assets/Apocalyptic_World/Art/StaticMesh/Structures/SM_Structure_Stairs_3.FBX	439664
Assets/Apocalyptic_World/Art/StaticMesh/Structures/SM_Structure_Wall_01.FBX	253264
Assets/Apocalyptic_World/Art/StaticMesh/Structures/SM_Structure_Wall_02.FBX	196336
Assets/Apocalyptic_World/Art/StaticMesh/Structures/SM_Structure_Wall_03.FBX	311760
Assets/Apocalyptic_World/Art/StaticMesh/Structures/SM_Structure_Wall_03_Broken.FBX	335472
Assets/Apocalyptic_World/Art/StaticMesh/Veg/SM_Veg_BanannaPalm_01.FBX	203728
Assets/Apocalyptic_World/Art/StaticMesh/Veg/SM_Veg_Bush_01.FBX	248384
Assets/Apocalyptic_World/Art/StaticMesh/Veg/SM_Veg_Fern_01.FBX	203632
Assets/Apocalyptic_World/Art/StaticMesh/Veg/SM_Veg_Grass_01.FBX	86928
Assets/Apocalyptic_World/Art/StaticMesh/Veg/SM_Veg_Ground.FBX	55936
Assets/Apocalyptic_World/Art/StaticMesh/Veg/SM_Veg_Ivy_01.FBX	86640
Assets/Apocalyptic_World/Art/StaticMesh/Veg/SM_Veg_Ivy_02.FBX	89248
Assets/Apocalyptic_World/Art/StaticMesh/Veg/SM_Veg_Plant_01.FBX	188080
Assets/Apocalyptic_World/Art/StaticMesh/Veg/SM_Veg_Plant_Grass_02.FBX	210688
Assets/Apocalyptic_World/Art/StaticMesh/Veg/SM_Veg_Plant_Grass_03.FBX	197840
Assets/Apocalyptic_World/Art/StaticMesh/Veg/SM_Veg_Plant_GrassTall_01.FBX	210832
Assets/Apocalyptic_World/Art/StaticMesh/Veg/SM_Veg_Tree_01.FBX	1093312
Assets/Apocalyptic_World/Art/StaticMesh/Veg/SM_Veg_Tree_Fir_01.FBX	713056
Assets/Apocalyptic_World/Art/StaticMesh/Veg/SM_Veg_Tree_Fir_02.FBX	821952
Assets/Apocalyptic_World/Art/StaticMesh/Veg/SM_Veg_Tree_Fir_03_Broken.FBX	464048
Assets/Apocalyptic_World/Art/Textures/Aston.bmp	16777272
Assets/Apocalyptic_World/Art/Textures/Aston_n.bmp	16777272
Assets/Apocalyptic_World/Art/Textures/BarbWire.tga	1048620
Assets/Apocalyptic_World/Art/Textures/Brick.bmp	786488
Assets/Apocalyptic_World/Art/Textures/Brick_n.bmp	786488
Assets/Apocalyptic_World/Art/Textures/Building_Shop_Blue.tga	2097196
Assets/Apocalyptic_World/Art/Textures/Building_Shop_DouchManic.tga	2097196
Assets/Apocalyptic_World/Art/Textures/Building_Shop_Green.tga	2097196
Assets/Apocalyptic_World/Art/Textures/Building_Shop_Red.tga	2097196
Assets/Apocalyptic_World/Art/Textures/Car_3.bmp	16777272
Assets/Apocalyptic_World/Art/Textures/Car_3_n.bmp	16777272
Assets/Apocalyptic_World/Art/Textures/ChainLink.tga	4194348
Assets/Apocalyptic_World/Art/Textures/City_Map_01.bmp	12582968
Assets/Apocalyptic_World/Art/Textures/City_Map_01_n.bmp	12582968
Assets/Apocalyptic_World/Art/Textures/Cliff_01.bmp	67108920
Assets/Apocalyptic_World/Art/Textures/Cliff_01_n.bmp	67108920
Assets/Apocalyptic_World/Art/Textures/Cliff_02.bmp	67108920
Assets/Apocalyptic_World/Art/Textures/Cliff_02_n.bmp	67108920
Assets/Apocalyptic_World/Art/Textures/Cliff_03.bmp	67108920
Assets/Apocalyptic_World/Art/Textures/Cliff_03_n.bmp	67108920
Assets/Apocalyptic_World/Art/Textures/Cliff_04.bmp	67108920
Assets/Apocalyptic_World/Art/Textures/Cliff_04_n.bmp	67108920
Assets/Apocalyptic_World/Art/Textures/Cloth.tga	2097196
Assets/Apocalyptic_World/Art/Textures/Flag_America.tga	2097196
Assets/Apocalyptic_World/Art/Textures/Flag_Freedom.tga	2097196
Assets/Apocalyptic_World/Art/Textures/Flag_Gate.tga	2097196
Assets/Apocalyptic_World/Art/Textures/Flag_LockDown.tga	1048620
Assets/Apocalyptic_World/Art/Textures/Glass_01.tga	262188
Assets/Apocalyptic_World/Art/Textures/Glass_n.bmp	196664
Assets/Apocalyptic_World/Art/Textures/Gound_Mud.bmp	12582968
Assets/Apocalyptic_World/Art/Textures/Gound_Mud_n.bmp	12582968
Assets/Apocalyptic_World/Art/Textures/Grass.bmp	36750056
Assets/Apocalyptic_World/Art/Textures/Grass.tga	2097196
Assets/Apocalyptic_World/Art/Textures/Grass_n.bmp	36750056
Assets/Apocalyptic_World/Art/Textures/Grass_Plant.tga	3191540
Assets/Apocalyptic_World/Art/Textures/Grass_Tall.tga	2097196
Assets/Apocalyptic_World/Art/Textures/Horse.bmp	16777272
Assets/Apocalyptic_World/Art/Textures/Horse_n.bmp	16777272
Assets/Apocalyptic_World/Art/Textures/Lambo.bmp	16777272
Assets/Apocalyptic_World/Art/Textures/Lambo_n.bmp	16777272
Assets/Apocalyptic_World/Art/Textures/Log_end.bmp	3145784
Assets/Apocalyptic_World/Art/Textures/Log_end_n.bmp	3145784
Assets/Apocalyptic_World/Art/Textures/palmleaf.tga	2097196
Assets/Apocalyptic_World/Art/Textures/palmleaf_n.bmp	2097208
Assets/Apocalyptic_World/Art/Textures/PalmTrunk.bmp	196664
Assets/Apocalyptic_World/Art/Textures/PalmTrunk_n.bmp	196664
Assets/Apocalyptic_World/Art/Textures/Prop_Bin.bmp	12582968
Assets/Apocalyptic_World/Art/Textures/prop_tree_bark_01.bmp	3145784
Assets/Apocalyptic_World/Art/Textures/prop_tree_bark_01_n.bmp	3145784
Assets/Apocalyptic_World/Art/Textures/RoadMarkings.tga	16777260
Assets/Apocalyptic_World/Art/Textures/Rock_01.bmp	268435512
Assets/Apocalyptic_World/Art/Textures/Rock_01_n.bmp	268435512
Assets/Apocalyptic_World/Art/Textures/Sandbag_01.bmp	8388664
Assets/Apocalyptic_World/Art/Textures/Sandbag_01_n.bmp	8388664
Assets/Apocalyptic_World/Art/Textures/Signs.bmp	12582968
Assets/Apocalyptic_World/Art/Textures/T_Wood_01.bmp	12582968
Assets/Apocalyptic_World/Art/Textures/T_Wood_01_h.bmp	196664
Assets/Apocalyptic_World/Art/Textures/T_Wood_01_n.bmp	12582968
Assets/Apocalyptic_World/Art/Textures/Tree Leaf.tga	4194348
Assets/Apocalyptic_World/Art/Textures/Trim_Beams.bmp	12582968
Assets/Apocalyptic_World/Art/Textures/Trim_Beams_n.bmp	12582968
Assets/Apocalyptic_World/Art/Textures/Trim_Pavements.bmp	67108920
Assets/Apocalyptic_World/Art/Textures/Trim_Pavements_2.bmp	50331704
Assets/Apocalyptic_World/Art/Textures/Trim_Pavements_2_n.bmp	50331704
Assets/Apocalyptic_World/Art/Textures/Trim_Pavements_n.bmp	67108920
Assets/Apocalyptic_World/Art/Textures/Veg_Fern.tga	2097196
Assets/Apocalyptic_World/Art/Textures/Veg_Fern_n.bmp	2097208
Assets/Apocalyptic_World/Art/Textures/Veg_Ground_1.tga	4194348
Assets/Apocalyptic_World/Art/Textures/Veg_Stingy.tga	770092
Assets/Apocalyptic_World/Art/Textures/Veg_Tree Bush_1.bmp	4194360
Assets/Apocalyptic_World/Art/Textures/Veg_Tree Bush_1_a.bmp	4194360
Assets/Apocalyptic_World/Art/Textures/Veg_Tree_Fir_01.tga	2097196
Assets/Apocalyptic_World/Art/Textures/Veg_WideLeaf.tga	1048620
Assets/Apocalyptic_World/Art/Textures/Veg_WideLeaf_n.bmp	1048632
Assets/Apocalyptic_World/Art/Textures/Window_2.bmp	786488
Assets/Apocalyptic_World/Art/Textures/Window_2_n.bmp	786488
Assets/Apocalyptic_World/Art/Textures/Window_3.bmp	786488
Assets/Apocalyptic_World/Art/Textures/Window_3_n.bmp	786488
Assets/Apocalyptic_World/Art/Textures/Window_4.bmp	786488
Assets/Apocalyptic_World/Art/Textures/Window_4_n.bmp	786488
Assets/Apocalyptic_World/Art/Textures/Window_5.bmp	3145784
Assets/Apocalyptic_World/Art/Textures/Window_5_n.bmp	3145784
Assets/Apocalyptic_World/Prefabs/Prefabs_Groups/Barrier_Group_01.prefab	33522
Assets/Apocalyptic_World/Prefabs/Prefabs_Groups/Bridge_Group_01.prefab	30007
Assets/Apocalyptic_World/Prefabs/Prefabs_Groups/Building_Example_01.prefab	126937
Assets/Apocalyptic_World/Prefabs/Prefabs_Groups/Building_Example_02.prefab	21273
Assets/Apocalyptic_World/Prefabs/Prefabs_Groups/Building_Example_03.prefab	78803
Assets/Apocalyptic_World/Prefabs/Prefabs_Groups/Fence_Group_01.prefab	73768
Assets/Apocalyptic_World/Prefabs/Prefabs_Groups/Rubbish_Group_01.prefab	65128
Assets/Apocalyptic_World/Prefabs/Prefabs_Groups/Veg_Cluster_01.prefab	34544
Assets/Apocalyptic_World/Prefabs/Prefabs_Groups/Veg_Tree_Cluster.prefab	25269
Assets/Apocalyptic_World/Prefabs/Prefabs_Groups/Wall_Group_01.prefab	70644
Assets/Apocalyptic_World/Prefabs/Prefabs_SingleMeshes/Buildings/SM_Building_01.prefab	7160
Assets/Apocalyptic_World/Prefabs/Prefabs_SingleMeshes/Buildings/SM_Building_02.prefab	6951
Assets/Apocalyptic_World/Prefabs/Prefabs_SingleMeshes/Buildings/SM_Building_03.prefab	7635
Assets/Apocalyptic_World/Prefabs/Prefabs_SingleMeshes/Buildings/SM_Building_04.prefab	7023
Assets/Apocalyptic_World/Prefabs/Prefabs_SingleMeshes/Buildings/SM_Building_05.prefab	7594
Assets/Apocalyptic_World/Prefabs/Prefabs_SingleMeshes/Buildings/SM_Building_06.prefab	7154
Assets/Apocalyptic_World/Prefabs/Prefabs_SingleMeshes/Buildings/SM_Building_07.prefab	6994
Assets/Apocalyptic_World/Prefabs/Prefabs_SingleMeshes/Buildings/SM_Building_Broken_01.prefab	2800
Assets/Apocalyptic_World/Prefabs/Prefabs_SingleMeshes/Buildings/SM_Building_Low_01.prefab	2799
Assets/Apocalyptic_World/Prefabs/Prefabs_SingleMeshes/Buildings/SM_Building_Low_02.prefab	2801
Assets/Apocalyptic_World/Prefabs/Prefabs_SingleMeshes/Buildings/SM_Building_Low_03.prefab	2797
Assets/Apocalyptic_World/Prefabs/Prefabs_SingleMeshes/Buildings/SM_Building_Low_04.prefab	2792
Assets/Apocalyptic_World/Prefabs/Prefabs_SingleMeshes/Buildings/SM_Building_Low_05.prefab	3109
Assets/Apocalyptic_World/Prefabs/Prefabs_SingleMeshes/Buildings/SM_Building_Low_06.prefab	2401
Assets/Apocalyptic_World/Prefabs/Prefabs_SingleMeshes/Buildings/SM_Building_Low_07.prefab	2793
Assets/Apocalyptic_World/Prefabs/Prefabs_SingleMeshes/Buildings/SM_Building_Low_08.prefab	2782
Assets/Apocalyptic_World/Prefabs/Prefabs_SingleMeshes/Buildings/SM_Building_Low_09.prefab	2787
Assets/Apocalyptic_World/Prefabs/Prefabs_SingleMeshes/Buildings/SM_Building_Low_10.prefab	2779
Assets/Apocalyptic_World/Prefabs/Prefabs_SingleMeshes/Car/SM_Vehicle_Car_01.prefab	3268
Assets/Apocalyptic_World/Prefabs/Prefabs_SingleMeshes/Car/SM_Vehicle_Car_02.prefab	2800
Assets/Apocalyptic_World/Prefabs/Prefabs_SingleMeshes/Car/SM_Vehicle_Car_03.prefab	2792
Assets/Apocalyptic_World/Prefabs/Prefabs_SingleMeshes/Grounds/SM_Grounds_01.prefab	9604
Assets/Apocalyptic_World/Prefabs/Prefabs_SingleMeshes/Grounds/SM_Grounds_02.prefab	9615
Assets/Apocalyptic_World/Prefabs/Prefabs_SingleMeshes/Grounds/SM_Grounds_03.prefab	2775
Assets/Apocalyptic_World/Prefabs/Prefabs_SingleMeshes/Props/SM_HorseCorpse_01.prefab	9216
Assets/Apocalyptic_World/Prefabs/Prefabs_SingleMeshes/Props/SM_Props_BarbWire_01 1.prefab	2813
Assets/Apocalyptic_World/Prefabs/Prefabs_SingleMeshes/Props/SM_Props_BarbWire_01.prefab	2806
Assets/Apocalyptic_World/Prefabs/Prefabs_SingleMeshes/Props/SM_Props_Barrier_01.prefab	2830
Assets/Apocalyptic_World/Prefabs/Prefabs_SingleMeshes/Props/SM_Props_Box_01.prefab	2780
Assets/Apocalyptic_World/Prefabs/Prefabs_SingleMeshes/Props/SM_Props_Box_02.prefab	2785
Assets/Apocalyptic_World/Prefabs/Prefabs_SingleMeshes/Props/SM_Props_Can_01.prefab	2780
Assets/Apocalyptic_World/Prefabs/Prefabs_SingleMeshes/Props/SM_Props_Can_02.prefab	2781
Assets/Apocalyptic_World/Prefabs/Prefabs_SingleMeshes/Props/SM_Props_Can_03.prefab	2782
Assets/Apocalyptic_World/Prefabs/Prefabs_SingleMeshes/Props/SM_Props_Dumpster_01.prefab	6742
Assets/Apocalyptic_World/Prefabs/Prefabs_SingleMeshes/Props/SM_Props_Dumpster_02.prefab	6748
Assets/Apocalyptic_World/Prefabs/Prefabs_SingleMeshes/Props/SM_Props_ElectMast_01.prefab	7114
Assets/Apocalyptic_World/Prefabs/Prefabs_SingleMeshes/Props/SM_Props_ElectMast_02.prefab	7039
Assets/Apocalyptic_World/Prefabs/Prefabs_SingleMeshes/Props/SM_Props_Fence_01.prefab	2852
Assets/Apocalyptic_World/Prefabs/Prefabs_SingleMeshes/Props/SM_Props_Fence_02_Broken.prefab	2876
Assets/Apocalyptic_World/Prefabs/Prefabs_SingleMeshes/Props/SM_Props_Gate_01.prefab	2868
Assets/Apocalyptic_World/Prefabs/Prefabs_SingleMeshes/Props/SM_Props_Gate_Door_01.prefab	2856
Assets/Apocalyptic_World/Prefabs/Prefabs_SingleMeshes/Props/SM_Props_Hut_01.prefab	2940
Assets/Apocalyptic_World/Prefabs/Prefabs_SingleMeshes/Props/SM_Props_Ladder_01.prefab	2801
Assets/Apocalyptic_World/Prefabs/Prefabs_SingleMeshes/Props/SM_Props_Lampost_01.prefab	6821
Assets/Apocalyptic_World/Prefabs/Prefabs_SingleMeshes/Props/SM_Props_Paper_01.prefab	2329
Assets/Apocalyptic_World/Prefabs/Prefabs_SingleMeshes/Props/SM_Props_Pizza_01.prefab	2780
Assets/Apocalyptic_World/Prefabs/Prefabs_SingleMeshes/Props/SM_Props_Sandbag_01.prefab	6723
Assets/Apocalyptic_World/Prefabs/Prefabs_SingleMeshes/Props/SM_Props_Sandbag_02.prefab	6748
Assets/Apocalyptic_World/Prefabs/Prefabs_SingleMeshes/Props/SM_Props_Sandbag_03.prefab	9213
Assets/Apocalyptic_World/Prefabs/Prefabs_SingleMeshes/Props/SM_Props_Sandbag_04.prefab	6748
Assets/Apocalyptic_World/Prefabs/Prefabs_SingleMeshes/Props/SM_Props_Scaf.prefab	6881
Assets/Apocalyptic_World/Prefabs/Prefabs_SingleMeshes/Props/SM_Props_Scaf_02.prefab	6891
Assets/Apocalyptic_World/Prefabs/Prefabs_SingleMeshes/Props/SM_Props_Scaf_03.prefab	6890
Assets/Apocalyptic_World/Prefabs/Prefabs_SingleMeshes/Props/SM_Props_TrafficLight_01.prefab	7120
Assets/Apocalyptic_World/Prefabs/Prefabs_SingleMeshes/Props/SM_Props_TrafficLight_02.prefab	6975
Assets/Apocalyptic_World/Prefabs/Prefabs_SingleMeshes/Props/SM_Props_TrafficSign_01.prefab	7052
Assets/Apocalyptic_World/Prefabs/Prefabs_SingleMeshes/Props/SM_Props_WalkWay_01.prefab	2873
Assets/Apocalyptic_World/Prefabs/Prefabs_SingleMeshes/Props/SM_Props_WalkWay_02.prefab	2849
Assets/Apocalyptic_World/Prefabs/Prefabs_SingleMeshes/Props/SM_Props_WalkWay_Stairs_01.prefab	6829
Assets/Apocalyptic_World/Prefabs/Prefabs_SingleMeshes/Roads/SM_Road_Damage_01.prefab	9322
Assets/Apocalyptic_World/Prefabs/Prefabs_SingleMeshes/Roads/SM_Road_Damage_02.prefab	6744
Assets/Apocalyptic_World/Prefabs/Prefabs_SingleMeshes/Roads/SM_Road_Damage_03.prefab	6751
Assets/Apocalyptic_World/Prefabs/Prefabs_SingleMeshes/Roads/SM_Road_Damage_04.prefab	6949
Assets/Apocalyptic_World/Prefabs/Prefabs_SingleMeshes/Roads/SM_Roads_01_Straight.prefab	6822
Assets/Apocalyptic_World/Prefabs/Prefabs_SingleMeshes/Roads/SM_Roads_02_L.prefab	6803
Assets/Apocalyptic_World/Prefabs/Prefabs_SingleMeshes/Roads/SM_Roads_03_Cross.prefab	6823
Assets/Apocalyptic_World/Prefabs/Prefabs_SingleMeshes/Roads/SM_Roads_04_Curve.prefab	6824
Assets/Apocalyptic_World/Prefabs/Prefabs_SingleMeshes/Roads/SM_Roads_05_Hill.prefab	6749
Assets/Apocalyptic_World/Prefabs/Prefabs_SingleMeshes/Roads/SM_Roads_Bridge_01.prefab	6892
Assets/Apocalyptic_World/Prefabs/Prefabs_SingleMeshes/Roads/SM_Roads_Bridge_02.prefab	6825
Assets/Apocalyptic_World/Prefabs/Prefabs_SingleMeshes/Roads/SM_Roads_Bridge_03.prefab	6824
Assets/Apocalyptic_World/Prefabs/Prefabs_SingleMeshes/Roads/SM_Roads_Frame_01.prefab	2328
Assets/Apocalyptic_World/Prefabs/Prefabs_SingleMeshes/Rocks/SM_Rock_01.prefab	12488
Assets/Apocalyptic_World/Prefabs/Prefabs_SingleMeshes/Rocks/SM_Rock_02.prefab	9166
Assets/Apocalyptic_World/Prefabs/Prefabs_SingleMeshes/Signs/Prop_Flag_America.prefab	2328
Assets/Apocalyptic_World/Prefabs/Prefabs_SingleMeshes/Signs/Prop_Flag_Freedom.prefab	2329
Assets/Apocalyptic_World/Prefabs/Prefabs_SingleMeshes/Signs/Prop_Flag_Gate.prefab	2729
Assets/Apocalyptic_World/Prefabs/Prefabs_SingleMeshes/Signs/Prop_Flag_Lockdown.prefab	2328
Assets/Apocalyptic_World/Prefabs/Prefabs_SingleMeshes/Signs/Shop_Sign_DoughManic_01.prefab	6913
Assets/Apocalyptic_World/Prefabs/Prefabs_SingleMeshes/Signs/SM_Props_Sign_01.prefab	2324
Assets/Apocalyptic_World/Prefabs/Prefabs_SingleMeshes/Signs/SM_Props_Sign_02.prefab	2327
Assets/Apocalyptic_World/Prefabs/Prefabs_SingleMeshes/Signs/SM_Props_Sign_03.prefab	2327
Assets/Apocalyptic_World/Prefabs/Prefabs_SingleMeshes/Signs/SM_Props_Sign_04.prefab	2323
Assets/Apocalyptic_World/Prefabs/Prefabs_SingleMeshes/Signs/SM_Props_Sign_05.prefab	2328
Assets/Apocalyptic_World/Prefabs/Prefabs_SingleMeshes/Signs/SM_Props_Sign_06.prefab	2328
Assets/Apocalyptic_World/Prefabs/Prefabs_SingleMeshes/Signs/SM_Props_Sign_07.prefab	2326
Assets/Apocalyptic_World/Prefabs/Prefabs_SingleMeshes/Signs/SM_Props_Sign_LeftTurn.prefab	2861
Assets/Apocalyptic_World/Prefabs/Prefabs_SingleMeshes/Signs/SM_Props_Sign_NoParking.prefab	2405
Assets/Apocalyptic_World/Prefabs/Prefabs_SingleMeshes/Signs/SM_Props_Sign_NoParking_02.prefab	2894
Assets/Apocalyptic_World/Prefabs/Prefabs_SingleMeshes/Signs/SM_Props_Sign_RighTurn.prefab	3159
Assets/Apocalyptic_World/Prefabs/Prefabs_SingleMeshes/Signs/SM_Props_Sign_Round.prefab	2398
Assets/Apocalyptic_World/Prefabs/Prefabs_SingleMeshes/Signs/SM_Props_Sign_Speed50.prefab	2870
Assets/Apocalyptic_World/Prefabs/Prefabs_SingleMeshes/Signs/SM_Props_Sign_Stop.prefab	2854
Assets/Apocalyptic_World/Prefabs/Prefabs_SingleMeshes/Signs/SM_Shop_Canopy_01.prefab	2938
Assets/Apocalyptic_World/Prefabs/Prefabs_SingleMeshes/Signs/SM_Shop_Canopy_02.prefab	2795
Assets/Apocalyptic_World/Prefabs/Prefabs_SingleMeshes/Signs/SM_Shop_Canopy_03.prefab	2798
Assets/Apocalyptic_World/Prefabs/Prefabs_SingleMeshes/Signs/SM_Shop_Canopy_04.prefab	2869
Assets/Apocalyptic_World/Prefabs/Prefabs_SingleMeshes/Signs/SM_Shop_Sign_01.prefab	2854
Assets/Apocalyptic_World/Prefabs/Prefabs_SingleMeshes/Signs/SM_Shop_Sign_02.prefab	2777
Assets/Apocalyptic_World/Prefabs/Prefabs_SingleMeshes/Signs/SM_Shop_Sign_03.prefab	2792
Assets/Apocalyptic_World/Prefabs/Prefabs_SingleMeshes/Signs/SM_Shop_Sign_04.prefab	2850
Assets/Apocalyptic_World/Prefabs/Prefabs_SingleMeshes/Signs/SM_Shop_Sign_05.prefab	2773
Assets/Apocalyptic_World/Prefabs/Prefabs_SingleMeshes/Signs/SM_Shop_Sign_06.prefab	2805
Assets/Apocalyptic_World/Prefabs/Prefabs_SingleMeshes/Signs/SM_Shop_Sign_07.prefab	2771
Assets/Apocalyptic_World/Prefabs/Prefabs_SingleMeshes/Signs/SM_Shop_Sign_08.prefab	2850
Assets/Apocalyptic_World/Prefabs/Prefabs_SingleMeshes/Signs/SM_Shop_Sign_09.prefab	2804
Assets/Apocalyptic_World/Prefabs/Prefabs_SingleMeshes/Signs/SM_Shop_Sign_DoughManic_02.prefab	2878
Assets/Apocalyptic_World/Prefabs/Prefabs_SingleMeshes/Structures/SM_Structure_Pillar_01.prefab	2857
Assets/Apocalyptic_World/Prefabs/Prefabs_SingleMeshes/Structures/SM_Structure_Pillar_02.prefab	2782
Assets/Apocalyptic_World/Prefabs/Prefabs_SingleMeshes/Structures/SM_Structure_Pillar_02_Broken.prefab	7003
Assets/Apocalyptic_World/Prefabs/Prefabs_SingleMeshes/Structures/SM_Structure_Stairs_1.prefab	2939
Assets/Apocalyptic_World/Prefabs/Prefabs_SingleMeshes/Structures/SM_Structure_Stairs_2.prefab	2944
Assets/Apocalyptic_World/Prefabs/Prefabs_SingleMeshes/Structures/SM_Structure_Stairs_3.prefab	2871
Assets/Apocalyptic_World/Prefabs/Prefabs_SingleMeshes/Structures/SM_Structure_Wall_01.prefab	2859
Assets/Apocalyptic_World/Prefabs/Prefabs_SingleMeshes/Structures/SM_Structure_Wall_02.prefab	2784
Assets/Apocalyptic_World/Prefabs/Prefabs_SingleMeshes/Structures/SM_Structure_Wall_03.prefab	2856
Assets/Apocalyptic_World/Prefabs/Prefabs_SingleMeshes/Structures/SM_Structure_Wall_03_Broken.prefab	2858
Assets/Apocalyptic_World/Prefabs/Prefabs_SingleMeshes/Veg/SM_Veg_BanannaPalm_01.prefab	2331
Assets/Apocalyptic_World/Prefabs/Prefabs_SingleMeshes/Veg/SM_Veg_Bush_01.prefab	2326
Assets/Apocalyptic_World/Prefabs/Prefabs_SingleMeshes/Veg/SM_Veg_Fern_01.prefab	2324
Assets/Apocalyptic_World/Prefabs/Prefabs_SingleMeshes/Veg/SM_Veg_Grass_01.prefab	2327
Assets/Apocalyptic_World/Prefabs/Prefabs_SingleMeshes/Veg/SM_Veg_Ground.prefab	2322
Assets/Apocalyptic_World/Prefabs/Prefabs_SingleMeshes/Veg/SM_Veg_Ivy_01.prefab	2324
Assets/Apocalyptic_World/Prefabs/Prefabs_SingleMeshes/Veg/SM_Veg_Ivy_02.prefab	2320
Assets/Apocalyptic_World/Prefabs/Prefabs_SingleMeshes/Veg/SM_Veg_Plant_01.prefab	2395
Assets/Apocalyptic_World/Prefabs/Prefabs_SingleMeshes/Veg/SM_Veg_Plant_Grass_02.prefab	2328
Assets/Apocalyptic_World/Prefabs/Prefabs_SingleMeshes/Veg/SM_Veg_Plant_Grass_03.prefab	2401
Assets/Apocalyptic_World/Prefabs/Prefabs_SingleMeshes/Veg/SM_Veg_Plant_GrassTall_01.prefab	2408
Assets/Apocalyptic_World/Prefabs/Prefabs_SingleMeshes/Veg/SM_Veg_Tree_01.prefab	9349
Assets/Apocalyptic_World/Prefabs/Prefabs_SingleMeshes/Veg/SM_Veg_Tree_Fir_01.prefab	6839
Assets/Apocalyptic_World/Prefabs/Prefabs_SingleMeshes/Veg/SM_Veg_Tree_Fir_02.prefab	6853
Assets/Apocalyptic_World/Prefabs/Prefabs_SingleMeshes/Veg/SM_Veg_Tree_Fir_03_Broken.prefab	6917
Assets/Apocalyptic_World/Scenes/SampleScene_Profiles/PostFX Profile.asset	26523
Assets/Apocalyptic_World/Scenes/SCENE_Apocalyptic_World.unity	884147
Assets/Apocalyptic_World/Scenes/SCENE_Apocalyptic_World/LightingData.asset	172184
Assets/Apocalyptic_World/Scenes/SCENE_Apocalyptic_World/Lightmap-0_comp_dir.png	968814
Assets/Apocalyptic_World/Scenes/SCENE_Apocalyptic_World/Lightmap-0_comp_light.exr	2913448
Assets/Apocalyptic_World/Scenes/SCENE_Apocalyptic_World/Lightmap-1_comp_dir.png	796960
Assets/Apocalyptic_World/Scenes/SCENE_Apocalyptic_World/Lightmap-1_comp_light.exr	2378241
Assets/Apocalyptic_World/Scenes/SCENE_Apocalyptic_World/Lightmap-10_comp_dir.png	708815
Assets/Apocalyptic_World/Scenes/SCENE_Apocalyptic_World/Lightmap-10_comp_light.exr	2625739
Assets/Apocalyptic_World/Scenes/SCENE_Apocalyptic_World/Lightmap-100_comp_dir.png	1312788
Assets/Apocalyptic_World/Scenes/SCENE_Apocalyptic_World/Lightmap-100_comp_light.exr	3248719
Assets/Apocalyptic_World/Scenes/SCENE_Apocalyptic_World/Lightmap-101_comp_dir.png	1393888
Assets/Apocalyptic_World/Scenes/SCENE_Apocalyptic_World/Lightmap-101_comp_light.exr	3523195
Assets/Apocalyptic_World/Scenes/SCENE_Apocalyptic_World/Lightmap-102_comp_dir.png	1551150
Assets/Apocalyptic_World/Scenes/SCENE_Apocalyptic_World/Lightmap-102_comp_light.exr	3437722
Assets/Apocalyptic_World/Scenes/SCENE_Apocalyptic_World/Lightmap-103_comp_dir.png	1662911
Assets/Apocalyptic_World/Scenes/SCENE_Apocalyptic_World/Lightmap-103_comp_light.exr	3751572
Assets/Apocalyptic_World/Scenes/SCENE_Apocalyptic_World/Lightmap-104_comp_dir.png	1462582
Assets/Apocalyptic_World/Scenes/SCENE_Apocalyptic_World/Lightmap-104_comp_light.exr	3570067
Assets/Apocalyptic_World/Scenes/SCENE_Apocalyptic_World/Lightmap-105_comp_dir.png	1501684
Assets/Apocalyptic_World/Scenes/SCENE_Apocalyptic_World/Lightmap-105_comp_light.exr	3676851
Assets/Apocalyptic_World/Scenes/SCENE_Apocalyptic_World/Lightmap-106_comp_dir.png	1316626
Assets/Apocalyptic_World/Scenes/SCENE_Apocalyptic_World/Lightmap-106_comp_light.exr	3509336
Assets/Apocalyptic_World/Scenes/SCENE_Apocalyptic_World/Lightmap-107_comp_dir.png	1449166
Assets/Apocalyptic_World/Scenes/SCENE_Apocalyptic_World/Lightmap-107_comp_light.exr	3368652
Assets/Apocalyptic_World/Scenes/SCENE_Apocalyptic_World/Lightmap-108_comp_dir.png	1398521
Assets/Apocalyptic_World/Scenes/SCENE_Apocalyptic_World/Lightmap-108_comp_light.exr	3349406
Assets/Apocalyptic_World/Scenes/SCENE_Apocalyptic_World/Lightmap-109_comp_dir.png	1498493
Assets/Apocalyptic_World/Scenes/SCENE_Apocalyptic_World/Lightmap-109_comp_light.exr	3615948
Assets/Apocalyptic_World/Scenes/SCENE_Apocalyptic_World/Lightmap-11_comp_dir.png	805610
Assets/Apocalyptic_World/Scenes/SCENE_Apocalyptic_World/Lightmap-11_comp_light.exr	2656158
Assets/Apocalyptic_World/Scenes/SCENE_Apocalyptic_World/Lightmap-110_comp_dir.png	1435904
Assets/Apocalyptic_World/Scenes/SCENE_Apocalyptic_World/Lightmap-110_comp_light.exr	3679952
Assets/Apocalyptic_World/Scenes/SCENE_Apocalyptic_World/Lightmap-111_comp_dir.png	1675860
Assets/Apocalyptic_World/Scenes/SCENE_Apocalyptic_World/Lightmap-111_comp_light.exr	3655646
Assets/Apocalyptic_World/Scenes/SCENE_Apocalyptic_World/Lightmap-112_comp_dir.png	1330817
Assets/Apocalyptic_World/Scenes/SCENE_Apocalyptic_World/Lightmap-112_comp_light.exr	3569506
Assets/Apocalyptic_World/Scenes/SCENE_Apocalyptic_World/Lightmap-113_comp_dir.png	1556059
Assets/Apocalyptic_World/Scenes/SCENE_Apocalyptic_World/Lightmap-113_comp_light.exr	3608570
Assets/Apocalyptic_World/Scenes/SCENE_Apocalyptic_World/Lightmap-114_comp_dir.png	1683818
Assets/Apocalyptic_World/Scenes/SCENE_Apocalyptic_World/Lightmap-114_comp_light.exr	3757272
Assets/Apocalyptic_World/Scenes/SCENE_Apocalyptic_World/Lightmap-115_comp_dir.png	1337096
Assets/Apocalyptic_World/Scenes/SCENE_Apocalyptic_World/Lightmap-115_comp_light.exr	3641696
Assets/Apocalyptic_World/Scenes/SCENE_Apocalyptic_World/Lightmap-116_comp_dir.png	1655839
Assets/Apocalyptic_World/Scenes/SCENE_Apocalyptic_World/Lightmap-116_comp_light.exr	3772825
Assets/Apocalyptic_World/Scenes/SCENE_Apocalyptic_World/Lightmap-117_comp_dir.png	1522965
Assets/Apocalyptic_World/Scenes/SCENE_Apocalyptic_World/Lightmap-117_comp_light.exr	3665936
Assets/Apocalyptic_World/Scenes/SCENE_Apocalyptic_World/Lightmap-118_comp_dir.png	1283121
Assets/Apocalyptic_World/Scenes/SCENE_Apocalyptic_World/Lightmap-118_comp_light.exr	3411263
Assets/Apocalyptic_World/Scenes/SCENE_Apocalyptic_World/Lightmap-119_comp_dir.png	1707815
Assets/Apocalyptic_World/Scenes/SCENE_Apocalyptic_World/Lightmap-119_comp_light.exr	3893417
Assets/Apocalyptic_World/Scenes/SCENE_Apocalyptic_World/Lightmap-12_comp_dir.png	716023
Assets/Apocalyptic_World/Scenes/SCENE_Apocalyptic_World/Lightmap-12_comp_light.exr	2489585
Assets/Apocalyptic_World/Scenes/SCENE_Apocalyptic_World/Lightmap-120_comp_dir.png	1532594
Assets/Apocalyptic_World/Scenes/SCENE_Apocalyptic_World/Lightmap-120_comp_light.exr	3662013
Assets/Apocalyptic_World/Scenes/SCENE_Apocalyptic_World/Lightmap-121_comp_dir.png	1465220
Assets/Apocalyptic_World/Scenes/SCENE_Apocalyptic_World/Lightmap-121_comp_light.exr	3501620
Assets/Apocalyptic_World/Scenes/SCENE_Apocalyptic_World/Lightmap-122_comp_dir.png	1201006
Assets/Apocalyptic_World/Scenes/SCENE_Apocalyptic_World/Lightmap-122_comp_light.exr	3496679
Assets/Apocalyptic_World/Scenes/SCENE_Apocalyptic_World/Lightmap-123_comp_dir.png	1295610
Assets/Apocalyptic_World/Scenes/SCENE_Apocalyptic_World/Lightmap-123_comp_light.exr	3515547
Assets/Apocalyptic_World/Scenes/SCENE_Apocalyptic_World/Lightmap-124_comp_dir.png	1095793
Assets/Apocalyptic_World/Scenes/SCENE_Apocalyptic_World/Lightmap-124_comp_light.exr	2976441
Assets/Apocalyptic_World/Scenes/SCENE_Apocalyptic_World/Lightmap-125_comp_dir.png	1509117
Assets/Apocalyptic_World/Scenes/SCENE_Apocalyptic_World/Lightmap-125_comp_light.exr	3478490
Assets/Apocalyptic_World/Scenes/SCENE_Apocalyptic_World/Lightmap-126_comp_dir.png	1530032
Assets/Apocalyptic_World/Scenes/SCENE_Apocalyptic_World/Lightmap-126_comp_light.exr	3550641
Assets/Apocalyptic_World/Scenes/SCENE_Apocalyptic_World/Lightmap-127_comp_dir.png	1245209
Assets/Apocalyptic_World/Scenes/SCENE_Apocalyptic_World/Lightmap-127_comp_light.exr	3320908
Assets/Apocalyptic_World/Scenes/SCENE_Apocalyptic_World/Lightmap-128_comp_dir.png	1327119
Assets/Apocalyptic_World/Scenes/SCENE_Apocalyptic_World/Lightmap-128_comp_light.exr	3075480
Assets/Apocalyptic_World/Scenes/SCENE_Apocalyptic_World/Lightmap-129_comp_dir.png	1154935
Assets/Apocalyptic_World/Scenes/SCENE_Apocalyptic_World/Lightmap-129_comp_light.exr	3003593
Assets/Apocalyptic_World/Scenes/SCENE_Apocalyptic_World/Lightmap-13_comp_dir.png	774580
Assets/Apocalyptic_World/Scenes/SCENE_Apocalyptic_World/Lightmap-13_comp_light.exr	2445096
Assets/Apocalyptic_World/Scenes/SCENE_Apocalyptic_World/Lightmap-130_comp_dir.png	1277887
Assets/Apocalyptic_World/Scenes/SCENE_Apocalyptic_World/Lightmap-130_comp_light.exr	3136434
Assets/Apocalyptic_World/Scenes/SCENE_Apocalyptic_World/Lightmap-131_comp_dir.png	888083
Assets/Apocalyptic_World/Scenes/SCENE_Apocalyptic_World/Lightmap-131_comp_light.exr	2243298
Assets/Apocalyptic_World/Scenes/SCENE_Apocalyptic_World/Lightmap-132_comp_dir.png	986106
Assets/Apocalyptic_World/Scenes/SCENE_Apocalyptic_World/Lightmap-132_comp_light.exr	2392163
Assets/Apocalyptic_World/Scenes/SCENE_Apocalyptic_World/Lightmap-133_comp_dir.png	1066869
Assets/Apocalyptic_World/Scenes/SCENE_Apocalyptic_World/Lightmap-133_comp_light.exr	2442292
Assets/Apocalyptic_World/Scenes/SCENE_Apocalyptic_World/Lightmap-134_comp_dir.png	869498
Assets/Apocalyptic_World/Scenes/SCENE_Apocalyptic_World/Lightmap-134_comp_light.exr	2171817
Assets/Apocalyptic_World/Scenes/SCENE_Apocalyptic_World/Lightmap-135_comp_dir.png	1420978
Assets/Apocalyptic_World/Scenes/SCENE_Apocalyptic_World/Lightmap-135_comp_light.exr	3202031
Assets/Apocalyptic_World/Scenes/SCENE_Apocalyptic_World/Lightmap-136_comp_dir.png	1416884
Assets/Apocalyptic_World/Scenes/SCENE_Apocalyptic_World/Lightmap-136_comp_light.exr	3343617
Assets/Apocalyptic_World/Scenes/SCENE_Apocalyptic_World/Lightmap-137_comp_dir.png	1105370
Assets/Apocalyptic_World/Scenes/SCENE_Apocalyptic_World/Lightmap-137_comp_light.exr	2661998
Assets/Apocalyptic_World/Scenes/SCENE_Apocalyptic_World/Lightmap-138_comp_dir.png	1360824
Assets/Apocalyptic_World/Scenes/SCENE_Apocalyptic_World/Lightmap-138_comp_light.exr	3246358
Assets/Apocalyptic_World/Scenes/SCENE_Apocalyptic_World/Lightmap-139_comp_dir.png	1393802
Assets/Apocalyptic_World/Scenes/SCENE_Apocalyptic_World/Lightmap-139_comp_light.exr	3288750
Assets/Apocalyptic_World/Scenes/SCENE_Apocalyptic_World/Lightmap-14_comp_dir.png	889385
Assets/Apocalyptic_World/Scenes/SCENE_Apocalyptic_World/Lightmap-14_comp_light.exr	2873996
Assets/Apocalyptic_World/Scenes/SCENE_Apocalyptic_World/Lightmap-140_comp_dir.png	1736116
Assets/Apocalyptic_World/Scenes/SCENE_Apocalyptic_World/Lightmap-140_comp_light.exr	4008537
Assets/Apocalyptic_World/Scenes/SCENE_Apocalyptic_World/Lightmap-141_comp_dir.png	1652443
Assets/Apocalyptic_World/Scenes/SCENE_Apocalyptic_World/Lightmap-141_comp_light.exr	3800401
Assets/Apocalyptic_World/Scenes/SCENE_Apocalyptic_World/Lightmap-142_comp_dir.png	1622169
Assets/Apocalyptic_World/Scenes/SCENE_Apocalyptic_World/Lightmap-142_comp_light.exr	3422505
Assets/Apocalyptic_World/Scenes/SCENE_Apocalyptic_World/Lightmap-143_comp_dir.png	535916
Assets/Apocalyptic_World/Scenes/SCENE_Apocalyptic_World/Lightmap-143_comp_light.exr	1489971
Assets/Apocalyptic_World/Scenes/SCENE_Apocalyptic_World/Lightmap-144_comp_dir.png	806596
Assets/Apocalyptic_World/Scenes/SCENE_Apocalyptic_World/Lightmap-144_comp_light.exr	1750351
Assets/Apocalyptic_World/Scenes/SCENE_Apocalyptic_World/Lightmap-145_comp_dir.png	715577
Assets/Apocalyptic_World/Scenes/SCENE_Apocalyptic_World/Lightmap-145_comp_light.exr	1760343
Assets/Apocalyptic_World/Scenes/SCENE_Apocalyptic_World/Lightmap-146_comp_dir.png	788534
Assets/Apocalyptic_World/Scenes/SCENE_Apocalyptic_World/Lightmap-146_comp_light.exr	1716855
Assets/Apocalyptic_World/Scenes/SCENE_Apocalyptic_World/Lightmap-147_comp_dir.png	588372
Assets/Apocalyptic_World/Scenes/SCENE_Apocalyptic_World/Lightmap-147_comp_light.exr	1661974
Assets/Apocalyptic_World/Scenes/SCENE_Apocalyptic_World/Lightmap-148_comp_dir.png	719932
Assets/Apocalyptic_World/Scenes/SCENE_Apocalyptic_World/Lightmap-148_comp_light.exr	1680021
Assets/Apocalyptic_World/Scenes/SCENE_Apocalyptic_World/Lightmap-149_comp_dir.png	718251
Assets/Apocalyptic_World/Scenes/SCENE_Apocalyptic_World/Lightmap-149_comp_light.exr	1604068
Assets/Apocalyptic_World/Scenes/SCENE_Apocalyptic_World/Lightmap-15_comp_dir.png	968892
Assets/Apocalyptic_World/Scenes/SCENE_Apocalyptic_World/Lightmap-15_comp_light.exr	2673295
Assets/Apocalyptic_World/Scenes/SCENE_Apocalyptic_World/Lightmap-150_comp_dir.png	596796
Assets/Apocalyptic_World/Scenes/SCENE_Apocalyptic_World/Lightmap-150_comp_light.exr	1489631
Assets/Apocalyptic_World/Scenes/SCENE_Apocalyptic_World/Lightmap-151_comp_dir.png	570580
Assets/Apocalyptic_World/Scenes/SCENE_Apocalyptic_World/Lightmap-151_comp_light.exr	1433877
Assets/Apocalyptic_World/Scenes/SCENE_Apocalyptic_World/Lightmap-152_comp_dir.png	861006
Assets/Apocalyptic_World/Scenes/SCENE_Apocalyptic_World/Lightmap-152_comp_light.exr	2328549
Assets/Apocalyptic_World/Scenes/SCENE_Apocalyptic_World/Lightmap-153_comp_dir.png	899483
Assets/Apocalyptic_World/Scenes/SCENE_Apocalyptic_World/Lightmap-153_comp_light.exr	1961501
Assets/Apocalyptic_World/Scenes/SCENE_Apocalyptic_World/Lightmap-154_comp_dir.png	705203
Assets/Apocalyptic_World/Scenes/SCENE_Apocalyptic_World/Lightmap-154_comp_light.exr	1459881
Assets/Apocalyptic_World/Scenes/SCENE_Apocalyptic_World/Lightmap-155_comp_dir.png	706400
Assets/Apocalyptic_World/Scenes/SCENE_Apocalyptic_World/Lightmap-155_comp_light.exr	1452123
Assets/Apocalyptic_World/Scenes/SCENE_Apocalyptic_World/Lightmap-156_comp_dir.png	691134
Assets/Apocalyptic_World/Scenes/SCENE_Apocalyptic_World/Lightmap-156_comp_light.exr	1433493
Assets/Apocalyptic_World/Scenes/SCENE_Apocalyptic_World/Lightmap-157_comp_dir.png	893304
Assets/Apocalyptic_World/Scenes/SCENE_Apocalyptic_World/Lightmap-157_comp_light.exr	2224734
Assets/Apocalyptic_World/Scenes/SCENE_Apocalyptic_World/Lightmap-158_comp_dir.png	753262
Assets/Apocalyptic_World/Scenes/SCENE_Apocalyptic_World/Lightmap-158_comp_light.exr	2161328
Assets/Apocalyptic_World/Scenes/SCENE_Apocalyptic_World/Lightmap-159_comp_dir.png	344452
Assets/Apocalyptic_World/Scenes/SCENE_Apocalyptic_World/Lightmap-159_comp_light.exr	852973
Assets/Apocalyptic_World/Scenes/SCENE_Apocalyptic_World/Lightmap-16_comp_dir.png	1167409
Assets/Apocalyptic_World/Scenes/SCENE_Apocalyptic_World/Lightmap-16_comp_light.exr	3165285
Assets/Apocalyptic_World/Scenes/SCENE_Apocalyptic_World/Lightmap-160_comp_dir.png	1088182
Assets/Apocalyptic_World/Scenes/SCENE_Apocalyptic_World/Lightmap-160_comp_light.exr	2923915
Assets/Apocalyptic_World/Scenes/SCENE_Apocalyptic_World/Lightmap-161_comp_dir.png	1032313
Assets/Apocalyptic_World/Scenes/SCENE_Apocalyptic_World/Lightmap-161_comp_light.exr	2917165
Assets/Apocalyptic_World/Scenes/SCENE_Apocalyptic_World/Lightmap-162_comp_dir.png	1145701
Assets/Apocalyptic_World/Scenes/SCENE_Apocalyptic_World/Lightmap-162_comp_light.exr	3095904
Assets/Apocalyptic_World/Scenes/SCENE_Apocalyptic_World/Lightmap-163_comp_dir.png	968057
Assets/Apocalyptic_World/Scenes/SCENE_Apocalyptic_World/Lightmap-163_comp_light.exr	2471410
Assets/Apocalyptic_World/Scenes/SCENE_Apocalyptic_World/Lightmap-164_comp_dir.png	819120
Assets/Apocalyptic_World/Scenes/SCENE_Apocalyptic_World/Lightmap-164_comp_light.exr	2030809
Assets/Apocalyptic_World/Scenes/SCENE_Apocalyptic_World/Lightmap-165_comp_dir.png	1143218
Assets/Apocalyptic_World/Scenes/SCENE_Apocalyptic_World/Lightmap-165_comp_light.exr	3144670
Assets/Apocalyptic_World/Scenes/SCENE_Apocalyptic_World/Lightmap-166_comp_dir.png	949729
Assets/Apocalyptic_World/Scenes/SCENE_Apocalyptic_World/Lightmap-166_comp_light.exr	2846327
Assets/Apocalyptic_World/Scenes/SCENE_Apocalyptic_World/Lightmap-167_comp_dir.png	882737
Assets/Apocalyptic_World/Scenes/SCENE_Apocalyptic_World/Lightmap-167_comp_light.exr	2707422
Assets/Apocalyptic_World/Scenes/SCENE_Apocalyptic_World/Lightmap-168_comp_dir.png	437043
Assets/Apocalyptic_World/Scenes/SCENE_Apocalyptic_World/Lightmap-168_comp_light.exr	1053967
Assets/Apocalyptic_World/Scenes/SCENE_Apocalyptic_World/Lightmap-169_comp_dir.png	427218
Assets/Apocalyptic_World/Scenes/SCENE_Apocalyptic_World/Lightmap-169_comp_light.exr	1022565
Assets/Apocalyptic_World/Scenes/SCENE_Apocalyptic_World/Lightmap-17_comp_dir.png	803227
Assets/Apocalyptic_World/Scenes/SCENE_Apocalyptic_World/Lightmap-17_comp_light.exr	2841242
Assets/Apocalyptic_World/Scenes/SCENE_Apocalyptic_World/Lightmap-170_comp_dir.png	416280
Assets/Apocalyptic_World/Scenes/SCENE_Apocalyptic_World/Lightmap-170_comp_light.exr	1036259
Assets/Apocalyptic_World/Scenes/SCENE_Apocalyptic_World/Lightmap-171_comp_dir.png	421008
Assets/Apocalyptic_World/Scenes/SCENE_Apocalyptic_World/Lightmap-171_comp_light.exr	1113009
Assets/Apocalyptic_World/Scenes/SCENE_Apocalyptic_World/Lightmap-172_comp_dir.png	460762
Assets/Apocalyptic_World/Scenes/SCENE_Apocalyptic_World/Lightmap-172_comp_light.exr	1084327
Assets/Apocalyptic_World/Scenes/SCENE_Apocalyptic_World/Lightmap-173_comp_dir.png	383908
Assets/Apocalyptic_World/Scenes/SCENE_Apocalyptic_World/Lightmap-173_comp_light.exr	1063084
Assets/Apocalyptic_World/Scenes/SCENE_Apocalyptic_World/Lightmap-174_comp_dir.png	235007
Assets/Apocalyptic_World/Scenes/SCENE_Apocalyptic_World/Lightmap-174_comp_light.exr	638617
Assets/Apocalyptic_World/Scenes/SCENE_Apocalyptic_World/Lightmap-175_comp_dir.png	431366
Assets/Apocalyptic_World/Scenes/SCENE_Apocalyptic_World/Lightmap-175_comp_light.exr	1064736
Assets/Apocalyptic_World/Scenes/SCENE_Apocalyptic_World/Lightmap-176_comp_dir.png	551924
Assets/Apocalyptic_World/Scenes/SCENE_Apocalyptic_World/Lightmap-176_comp_light.exr	1127211
Assets/Apocalyptic_World/Scenes/SCENE_Apocalyptic_World/Lightmap-177_comp_dir.png	443012
Assets/Apocalyptic_World/Scenes/SCENE_Apocalyptic_World/Lightmap-177_comp_light.exr	1038441
Assets/Apocalyptic_World/Scenes/SCENE_Apocalyptic_World/Lightmap-178_comp_dir.png	522162
Assets/Apocalyptic_World/Scenes/SCENE_Apocalyptic_World/Lightmap-178_comp_light.exr	1099288
Assets/Apocalyptic_World/Scenes/SCENE_Apocalyptic_World/Lightmap-179_comp_dir.png	541457
Assets/Apocalyptic_World/Scenes/SCENE_Apocalyptic_World/Lightmap-179_comp_light.exr	1117124
Assets/Apocalyptic_World/Scenes/SCENE_Apocalyptic_World/Lightmap-18_comp_dir.png	758479
Assets/Apocalyptic_World/Scenes/SCENE_Apocalyptic_World/Lightmap-18_comp_light.exr	2149214
Assets/Apocalyptic_World/Scenes/SCENE_Apocalyptic_World/Lightmap-180_comp_dir.png	407387
Assets/Apocalyptic_World/Scenes/SCENE_Apocalyptic_World/Lightmap-180_comp_light.exr	1051334
Assets/Apocalyptic_World/Scenes/SCENE_Apocalyptic_World/Lightmap-181_comp_dir.png	1436217
Assets/Apocalyptic_World/Scenes/SCENE_Apocalyptic_World/Lightmap-181_comp_light.exr	3564161
Assets/Apocalyptic_World/Scenes/SCENE_Apocalyptic_World/Lightmap-182_comp_dir.png	884490
Assets/Apocalyptic_World/Scenes/SCENE_Apocalyptic_World/Lightmap-182_comp_light.exr	2626361
Assets/Apocalyptic_World/Scenes/SCENE_Apocalyptic_World/Lightmap-183_comp_dir.png	1765367
Assets/Apocalyptic_World/Scenes/SCENE_Apocalyptic_World/Lightmap-183_comp_light.exr	3676561
Assets/Apocalyptic_World/Scenes/SCENE_Apocalyptic_World/Lightmap-184_comp_dir.png	1699351
Assets/Apocalyptic_World/Scenes/SCENE_Apocalyptic_World/Lightmap-184_comp_light.exr	3626008
Assets/Apocalyptic_World/Scenes/SCENE_Apocalyptic_World/Lightmap-185_comp_dir.png	1190981
Assets/Apocalyptic_World/Scenes/SCENE_Apocalyptic_World/Lightmap-185_comp_light.exr	2856802
Assets/Apocalyptic_World/Scenes/SCENE_Apocalyptic_World/Lightmap-19_comp_dir.png	1015085
Assets/Apocalyptic_World/Scenes/SCENE_Apocalyptic_World/Lightmap-19_comp_light.exr	2599256
Assets/Apocalyptic_World/Scenes/SCENE_Apocalyptic_World/Lightmap-2_comp_dir.png	974869
Assets/Apocalyptic_World/Scenes/SCENE_Apocalyptic_World/Lightmap-2_comp_light.exr	3117993
Assets/Apocalyptic_World/Scenes/SCENE_Apocalyptic_World/Lightmap-20_comp_dir.png	260083
Assets/Apocalyptic_World/Scenes/SCENE_Apocalyptic_World/Lightmap-20_comp_light.exr	1117519
Assets/Apocalyptic_World/Scenes/SCENE_Apocalyptic_World/Lightmap-21_comp_dir.png	1594476
Assets/Apocalyptic_World/Scenes/SCENE_Apocalyptic_World/Lightmap-21_comp_light.exr	3844487
Assets/Apocalyptic_World/Scenes/SCENE_Apocalyptic_World/Lightmap-22_comp_dir.png	434278
Assets/Apocalyptic_World/Scenes/SCENE_Apocalyptic_World/Lightmap-22_comp_light.exr	1884203
Assets/Apocalyptic_World/Scenes/SCENE_Apocalyptic_World/Lightmap-23_comp_dir.png	658487
Assets/Apocalyptic_World/Scenes/SCENE_Apocalyptic_World/Lightmap-23_comp_light.exr	2537907
Assets/Apocalyptic_World/Scenes/SCENE_Apocalyptic_World/Lightmap-24_comp_dir.png	842339
Assets/Apocalyptic_World/Scenes/SCENE_Apocalyptic_World/Lightmap-24_comp_light.exr	2095215
Assets/Apocalyptic_World/Scenes/SCENE_Apocalyptic_World/Lightmap-25_comp_dir.png	978694
Assets/Apocalyptic_World/Scenes/SCENE_Apocalyptic_World/Lightmap-25_comp_light.exr	2459178
Assets/Apocalyptic_World/Scenes/SCENE_Apocalyptic_World/Lightmap-26_comp_dir.png	775624
Assets/Apocalyptic_World/Scenes/SCENE_Apocalyptic_World/Lightmap-26_comp_light.exr	2016656
Assets/Apocalyptic_World/Scenes/SCENE_Apocalyptic_World/Lightmap-27_comp_dir.png	682813
Assets/Apocalyptic_World/Scenes/SCENE_Apocalyptic_World/Lightmap-27_comp_light.exr	1713869
Assets/Apocalyptic_World/Scenes/SCENE_Apocalyptic_World/Lightmap-28_comp_dir.png	661870
Assets/Apocalyptic_World/Scenes/SCENE_Apocalyptic_World/Lightmap-28_comp_light.exr	1693498
Assets/Apocalyptic_World/Scenes/SCENE_Apocalyptic_World/Lightmap-29_comp_dir.png	623680
Assets/Apocalyptic_World/Scenes/SCENE_Apocalyptic_World/Lightmap-29_comp_light.exr	2327108
Assets/Apocalyptic_World/Scenes/SCENE_Apocalyptic_World/Lightmap-3_comp_dir.png	897742
Assets/Apocalyptic_World/Scenes/SCENE_Apocalyptic_World/Lightmap-3_comp_light.exr	3060780
Assets/Apocalyptic_World/Scenes/SCENE_Apocalyptic_World/Lightmap-30_comp_dir.png	397328
Assets/Apocalyptic_World/Scenes/SCENE_Apocalyptic_World/Lightmap-30_comp_light.exr	1821465
Assets/Apocalyptic_World/Scenes/SCENE_Apocalyptic_World/Lightmap-31_comp_dir.png	863125
Assets/Apocalyptic_World/Scenes/SCENE_Apocalyptic_World/Lightmap-31_comp_light.exr	2364714
Assets/Apocalyptic_World/Scenes/SCENE_Apocalyptic_World/Lightmap-32_comp_dir.png	657284
Assets/Apocalyptic_World/Scenes/SCENE_Apocalyptic_World/Lightmap-32_comp_light.exr	1978111
Assets/Apocalyptic_World/Scenes/SCENE_Apocalyptic_World/Lightmap-33_comp_dir.png	932140
Assets/Apocalyptic_World/Scenes/SCENE_Apocalyptic_World/Lightmap-33_comp_light.exr	2137574
Assets/Apocalyptic_World/Scenes/SCENE_Apocalyptic_World/Lightmap-34_comp_dir.png	1109405
Assets/Apocalyptic_World/Scenes/SCENE_Apocalyptic_World/Lightmap-34_comp_light.exr	3361478
Assets/Apocalyptic_World/Scenes/SCENE_Apocalyptic_World/Lightmap-35_comp_dir.png	376019
Assets/Apocalyptic_World/Scenes/SCENE_Apocalyptic_World/Lightmap-35_comp_light.exr	1574909
Assets/Apocalyptic_World/Scenes/SCENE_Apocalyptic_World/Lightmap-36_comp_dir.png	567314
Assets/Apocalyptic_World/Scenes/SCENE_Apocalyptic_World/Lightmap-36_comp_light.exr	2404309
Assets/Apocalyptic_World/Scenes/SCENE_Apocalyptic_World/Lightmap-37_comp_dir.png	350871
Assets/Apocalyptic_World/Scenes/SCENE_Apocalyptic_World/Lightmap-37_comp_light.exr	1793479
Assets/Apocalyptic_World/Scenes/SCENE_Apocalyptic_World/Lightmap-38_comp_dir.png	563914
Assets/Apocalyptic_World/Scenes/SCENE_Apocalyptic_World/Lightmap-38_comp_light.exr	2022798
Assets/Apocalyptic_World/Scenes/SCENE_Apocalyptic_World/Lightmap-39_comp_dir.png	432505
Assets/Apocalyptic_World/Scenes/SCENE_Apocalyptic_World/Lightmap-39_comp_light.exr	1812903
Assets/Apocalyptic_World/Scenes/SCENE_Apocalyptic_World/Lightmap-4_comp_dir.png	941550
Assets/Apocalyptic_World/Scenes/SCENE_Apocalyptic_World/Lightmap-4_comp_light.exr	2929175
Assets/Apocalyptic_World/Scenes/SCENE_Apocalyptic_World/Lightmap-40_comp_dir.png	490376
Assets/Apocalyptic_World/Scenes/SCENE_Apocalyptic_World/Lightmap-40_comp_light.exr	2034297
Assets/Apocalyptic_World/Scenes/SCENE_Apocalyptic_World/Lightmap-41_comp_dir.png	1086436
Assets/Apocalyptic_World/Scenes/SCENE_Apocalyptic_World/Lightmap-41_comp_light.exr	2552953
Assets/Apocalyptic_World/Scenes/SCENE_Apocalyptic_World/Lightmap-42_comp_dir.png	1062225
Assets/Apocalyptic_World/Scenes/SCENE_Apocalyptic_World/Lightmap-42_comp_light.exr	3270919
Assets/Apocalyptic_World/Scenes/SCENE_Apocalyptic_World/Lightmap-43_comp_dir.png	807058
Assets/Apocalyptic_World/Scenes/SCENE_Apocalyptic_World/Lightmap-43_comp_light.exr	2128953
Assets/Apocalyptic_World/Scenes/SCENE_Apocalyptic_World/Lightmap-44_comp_dir.png	1299572
Assets/Apocalyptic_World/Scenes/SCENE_Apocalyptic_World/Lightmap-44_comp_light.exr	3545872
Assets/Apocalyptic_World/Scenes/SCENE_Apocalyptic_World/Lightmap-45_comp_dir.png	609770
Assets/Apocalyptic_World/Scenes/SCENE_Apocalyptic_World/Lightmap-45_comp_light.exr	1647539
Assets/Apocalyptic_World/Scenes/SCENE_Apocalyptic_World/Lightmap-46_comp_dir.png	489183
Assets/Apocalyptic_World/Scenes/SCENE_Apocalyptic_World/Lightmap-46_comp_light.exr	2029427
Assets/Apocalyptic_World/Scenes/SCENE_Apocalyptic_World/Lightmap-47_comp_dir.png	680785
Assets/Apocalyptic_World/Scenes/SCENE_Apocalyptic_World/Lightmap-47_comp_light.exr	1897208
Assets/Apocalyptic_World/Scenes/SCENE_Apocalyptic_World/Lightmap-48_comp_dir.png	800435
Assets/Apocalyptic_World/Scenes/SCENE_Apocalyptic_World/Lightmap-48_comp_light.exr	2111962
Assets/Apocalyptic_World/Scenes/SCENE_Apocalyptic_World/Lightmap-49_comp_dir.png	1037414
Assets/Apocalyptic_World/Scenes/SCENE_Apocalyptic_World/Lightmap-49_comp_light.exr	3248704
Assets/Apocalyptic_World/Scenes/SCENE_Apocalyptic_World/Lightmap-5_comp_dir.png	993430
Assets/Apocalyptic_World/Scenes/SCENE_Apocalyptic_World/Lightmap-5_comp_light.exr	2893186
Assets/Apocalyptic_World/Scenes/SCENE_Apocalyptic_World/Lightmap-50_comp_dir.png	1063107
Assets/Apocalyptic_World/Scenes/SCENE_Apocalyptic_World/Lightmap-50_comp_light.exr	2519947
Assets/Apocalyptic_World/Scenes/SCENE_Apocalyptic_World/Lightmap-51_comp_dir.png	481215
Assets/Apocalyptic_World/Scenes/SCENE_Apocalyptic_World/Lightmap-51_comp_light.exr	2029668
Assets/Apocalyptic_World/Scenes/SCENE_Apocalyptic_World/Lightmap-52_comp_dir.png	1286705
Assets/Apocalyptic_World/Scenes/SCENE_Apocalyptic_World/Lightmap-52_comp_light.exr	3540683
Assets/Apocalyptic_World/Scenes/SCENE_Apocalyptic_World/Lightmap-53_comp_dir.png	601661
Assets/Apocalyptic_World/Scenes/SCENE_Apocalyptic_World/Lightmap-53_comp_light.exr	1650226
Assets/Apocalyptic_World/Scenes/SCENE_Apocalyptic_World/Lightmap-54_comp_dir.png	444246
Assets/Apocalyptic_World/Scenes/SCENE_Apocalyptic_World/Lightmap-54_comp_light.exr	2103667
Assets/Apocalyptic_World/Scenes/SCENE_Apocalyptic_World/Lightmap-55_comp_dir.png	987097
Assets/Apocalyptic_World/Scenes/SCENE_Apocalyptic_World/Lightmap-55_comp_light.exr	2522839
Assets/Apocalyptic_World/Scenes/SCENE_Apocalyptic_World/Lightmap-56_comp_dir.png	276898
Assets/Apocalyptic_World/Scenes/SCENE_Apocalyptic_World/Lightmap-56_comp_light.exr	1158639
Assets/Apocalyptic_World/Scenes/SCENE_Apocalyptic_World/Lightmap-57_comp_dir.png	1019703
Assets/Apocalyptic_World/Scenes/SCENE_Apocalyptic_World/Lightmap-57_comp_light.exr	2820262
Assets/Apocalyptic_World/Scenes/SCENE_Apocalyptic_World/Lightmap-58_comp_dir.png	928123
Assets/Apocalyptic_World/Scenes/SCENE_Apocalyptic_World/Lightmap-58_comp_light.exr	2993807
Assets/Apocalyptic_World/Scenes/SCENE_Apocalyptic_World/Lightmap-59_comp_dir.png	762429
Assets/Apocalyptic_World/Scenes/SCENE_Apocalyptic_World/Lightmap-59_comp_light.exr	2811288
Assets/Apocalyptic_World/Scenes/SCENE_Apocalyptic_World/Lightmap-6_comp_dir.png	932542
Assets/Apocalyptic_World/Scenes/SCENE_Apocalyptic_World/Lightmap-6_comp_light.exr	3004412
Assets/Apocalyptic_World/Scenes/SCENE_Apocalyptic_World/Lightmap-60_comp_dir.png	409162
Assets/Apocalyptic_World/Scenes/SCENE_Apocalyptic_World/Lightmap-60_comp_light.exr	1098420
Assets/Apocalyptic_World/Scenes/SCENE_Apocalyptic_World/Lightmap-61_comp_dir.png	1118425
Assets/Apocalyptic_World/Scenes/SCENE_Apocalyptic_World/Lightmap-61_comp_light.exr	3064547
Assets/Apocalyptic_World/Scenes/SCENE_Apocalyptic_World/Lightmap-62_comp_dir.png	718990
Assets/Apocalyptic_World/Scenes/SCENE_Apocalyptic_World/Lightmap-62_comp_light.exr	2357176
Assets/Apocalyptic_World/Scenes/SCENE_Apocalyptic_World/Lightmap-63_comp_dir.png	559880
Assets/Apocalyptic_World/Scenes/SCENE_Apocalyptic_World/Lightmap-63_comp_light.exr	1643519
Assets/Apocalyptic_World/Scenes/SCENE_Apocalyptic_World/Lightmap-64_comp_dir.png	1192887
Assets/Apocalyptic_World/Scenes/SCENE_Apocalyptic_World/Lightmap-64_comp_light.exr	3204717
Assets/Apocalyptic_World/Scenes/SCENE_Apocalyptic_World/Lightmap-65_comp_dir.png	1653031
Assets/Apocalyptic_World/Scenes/SCENE_Apocalyptic_World/Lightmap-65_comp_light.exr	4029024
Assets/Apocalyptic_World/Scenes/SCENE_Apocalyptic_World/Lightmap-66_comp_dir.png	1051114
Assets/Apocalyptic_World/Scenes/SCENE_Apocalyptic_World/Lightmap-66_comp_light.exr	2582563
Assets/Apocalyptic_World/Scenes/SCENE_Apocalyptic_World/Lightmap-67_comp_dir.png	1652637
Assets/Apocalyptic_World/Scenes/SCENE_Apocalyptic_World/Lightmap-67_comp_light.exr	3679034
Assets/Apocalyptic_World/Scenes/SCENE_Apocalyptic_World/Lightmap-68_comp_dir.png	1617180
Assets/Apocalyptic_World/Scenes/SCENE_Apocalyptic_World/Lightmap-68_comp_light.exr	3363414
Assets/Apocalyptic_World/Scenes/SCENE_Apocalyptic_World/Lightmap-69_comp_dir.png	1227061
Assets/Apocalyptic_World/Scenes/SCENE_Apocalyptic_World/Lightmap-69_comp_light.exr	3303123
Assets/Apocalyptic_World/Scenes/SCENE_Apocalyptic_World/Lightmap-7_comp_dir.png	929110
Assets/Apocalyptic_World/Scenes/SCENE_Apocalyptic_World/Lightmap-7_comp_light.exr	3191879
Assets/Apocalyptic_World/Scenes/SCENE_Apocalyptic_World/Lightmap-70_comp_dir.png	1309321
Assets/Apocalyptic_World/Scenes/SCENE_Apocalyptic_World/Lightmap-70_comp_light.exr	3653716
Assets/Apocalyptic_World/Scenes/SCENE_Apocalyptic_World/Lightmap-71_comp_dir.png	1042939
Assets/Apocalyptic_World/Scenes/SCENE_Apocalyptic_World/Lightmap-71_comp_light.exr	2584138
Assets/Apocalyptic_World/Scenes/SCENE_Apocalyptic_World/Lightmap-72_comp_dir.png	1218422
Assets/Apocalyptic_World/Scenes/SCENE_Apocalyptic_World/Lightmap-72_comp_light.exr	3431568
Assets/Apocalyptic_World/Scenes/SCENE_Apocalyptic_World/Lightmap-73_comp_dir.png	1678813
Assets/Apocalyptic_World/Scenes/SCENE_Apocalyptic_World/Lightmap-73_comp_light.exr	3569453
Assets/Apocalyptic_World/Scenes/SCENE_Apocalyptic_World/Lightmap-74_comp_dir.png	954252
Assets/Apocalyptic_World/Scenes/SCENE_Apocalyptic_World/Lightmap-74_comp_light.exr	2738350
Assets/Apocalyptic_World/Scenes/SCENE_Apocalyptic_World/Lightmap-75_comp_dir.png	1931567
Assets/Apocalyptic_World/Scenes/SCENE_Apocalyptic_World/Lightmap-75_comp_light.exr	4015184
Assets/Apocalyptic_World/Scenes/SCENE_Apocalyptic_World/Lightmap-76_comp_dir.png	1613856
Assets/Apocalyptic_World/Scenes/SCENE_Apocalyptic_World/Lightmap-76_comp_light.exr	3717864
Assets/Apocalyptic_World/Scenes/SCENE_Apocalyptic_World/Lightmap-77_comp_dir.png	1699880
Assets/Apocalyptic_World/Scenes/SCENE_Apocalyptic_World/Lightmap-77_comp_light.exr	3704234
Assets/Apocalyptic_World/Scenes/SCENE_Apocalyptic_World/Lightmap-78_comp_dir.png	1781614
Assets/Apocalyptic_World/Scenes/SCENE_Apocalyptic_World/Lightmap-78_comp_light.exr	3908739
Assets/Apocalyptic_World/Scenes/SCENE_Apocalyptic_World/Lightmap-79_comp_dir.png	836244
Assets/Apocalyptic_World/Scenes/SCENE_Apocalyptic_World/Lightmap-79_comp_light.exr	2445220
Assets/Apocalyptic_World/Scenes/SCENE_Apocalyptic_World/Lightmap-8_comp_dir.png	1065223
Assets/Apocalyptic_World/Scenes/SCENE_Apocalyptic_World/Lightmap-8_comp_light.exr	3314103
Assets/Apocalyptic_World/Scenes/SCENE_Apocalyptic_World/Lightmap-80_comp_dir.png	939021
Assets/Apocalyptic_World/Scenes/SCENE_Apocalyptic_World/Lightmap-80_comp_light.exr	2583642
Assets/Apocalyptic_World/Scenes/SCENE_Apocalyptic_World/Lightmap-81_comp_dir.png	1045725
Assets/Apocalyptic_World/Scenes/SCENE_Apocalyptic_World/Lightmap-81_comp_light.exr	2696351
Assets/Apocalyptic_World/Scenes/SCENE_Apocalyptic_World/Lightmap-82_comp_dir.png	1043474
Assets/Apocalyptic_World/Scenes/SCENE_Apocalyptic_World/Lightmap-82_comp_light.exr	2589677
Assets/Apocalyptic_World/Scenes/SCENE_Apocalyptic_World/Lightmap-83_comp_dir.png	1076199
Assets/Apocalyptic_World/Scenes/SCENE_Apocalyptic_World/Lightmap-83_comp_light.exr	3260959
Assets/Apocalyptic_World/Scenes/SCENE_Apocalyptic_World/Lightmap-84_comp_dir.png	1350852
Assets/Apocalyptic_World/Scenes/SCENE_Apocalyptic_World/Lightmap-84_comp_light.exr	3637778
Assets/Apocalyptic_World/Scenes/SCENE_Apocalyptic_World/Lightmap-85_comp_dir.png	1855596
Assets/Apocalyptic_World/Scenes/SCENE_Apocalyptic_World/Lightmap-85_comp_light.exr	4029581
Assets/Apocalyptic_World/Scenes/SCENE_Apocalyptic_World/Lightmap-86_comp_dir.png	1746279
Assets/Apocalyptic_World/Scenes/SCENE_Apocalyptic_World/Lightmap-86_comp_light.exr	3972728
Assets/Apocalyptic_World/Scenes/SCENE_Apocalyptic_World/Lightmap-87_comp_dir.png	1118273
Assets/Apocalyptic_World/Scenes/SCENE_Apocalyptic_World/Lightmap-87_comp_light.exr	2772137
Assets/Apocalyptic_World/Scenes/SCENE_Apocalyptic_World/Lightmap-88_comp_dir.png	965556
Assets/Apocalyptic_World/Scenes/SCENE_Apocalyptic_World/Lightmap-88_comp_light.exr	2141475
Assets/Apocalyptic_World/Scenes/SCENE_Apocalyptic_World/Lightmap-89_comp_dir.png	990913
Assets/Apocalyptic_World/Scenes/SCENE_Apocalyptic_World/Lightmap-89_comp_light.exr	2388776
Assets/Apocalyptic_World/Scenes/SCENE_Apocalyptic_World/Lightmap-9_comp_dir.png	622972
Assets/Apocalyptic_World/Scenes/SCENE_Apocalyptic_World/Lightmap-9_comp_light.exr	2571994
Assets/Apocalyptic_World/Scenes/SCENE_Apocalyptic_World/Lightmap-90_comp_dir.png	1045928
Assets/Apocalyptic_World/Scenes/SCENE_Apocalyptic_World/Lightmap-90_comp_light.exr	2380885
Assets/Apocalyptic_World/Scenes/SCENE_Apocalyptic_World/Lightmap-91_comp_dir.png	917343
Assets/Apocalyptic_World/Scenes/SCENE_Apocalyptic_World/Lightmap-91_comp_light.exr	2469725
Assets/Apocalyptic_World/Scenes/SCENE_Apocalyptic_World/Lightmap-92_comp_dir.png	1036855
Assets/Apocalyptic_World/Scenes/SCENE_Apocalyptic_World/Lightmap-92_comp_light.exr	2704871
Assets/Apocalyptic_World/Scenes/SCENE_Apocalyptic_World/Lightmap-93_comp_dir.png	1371641
Assets/Apocalyptic_World/Scenes/SCENE_Apocalyptic_World/Lightmap-93_comp_light.exr	3340621
Assets/Apocalyptic_World/Scenes/SCENE_Apocalyptic_World/Lightmap-94_comp_dir.png	1491386
Assets/Apocalyptic_World/Scenes/SCENE_Apocalyptic_World/Lightmap-94_comp_light.exr	3772185
Assets/Apocalyptic_World/Scenes/SCENE_Apocalyptic_World/Lightmap-95_comp_dir.png	1460299
Assets/Apocalyptic_World/Scenes/SCENE_Apocalyptic_World/Lightmap-95_comp_light.exr	3632614
Assets/Apocalyptic_World/Scenes/SCENE_Apocalyptic_World/Lightmap-96_comp_dir.png	997668
Assets/Apocalyptic_World/Scenes/SCENE_Apocalyptic_World/Lightmap-96_comp_light.exr	2342515
Assets/Apocalyptic_World/Scenes/SCENE_Apocalyptic_World/Lightmap-97_comp_dir.png	924747
Assets/Apocalyptic_World/Scenes/SCENE_Apocalyptic_World/Lightmap-97_comp_light.exr	2598817
Assets/Apocalyptic_World/Scenes/SCENE_Apocalyptic_World/Lightmap-98_comp_dir.png	978006
Assets/Apocalyptic_World/Scenes/SCENE_Apocalyptic_World/Lightmap-98_comp_light.exr	2584844
Assets/Apocalyptic_World/Scenes/SCENE_Apocalyptic_World/Lightmap-99_comp_dir.png	1546184
Assets/Apocalyptic_World/Scenes/SCENE_Apocalyptic_World/Lightmap-99_comp_light.exr	3715043
Assets/Apocalyptic_World/Scenes/SCENE_Apocalyptic_World/ReflectionProbe-0.exr	321562
Assets/Apocalyptic_World/Scenes/SCENE_Apocalyptic_World/ReflectionProbe-1.exr	17072
Assets/Apocalyptic_World/Scenes/SCENE_Apocalyptic_World_Assets.unity	438584
Assets/Art/ItemIcons/ammo_box.png	3174
Assets/Art/ItemIcons/armor_cap.png	974
Assets/Art/ItemIcons/armor_pants.png	974
Assets/Art/ItemIcons/armor_vest.png	973
Assets/Art/ItemIcons/bandage.png	1107
Assets/Art/ItemIcons/build_barricade.png	8670
Assets/Art/ItemIcons/build_door.png	3950
Assets/Art/ItemIcons/build_storage_box.png	14739
Assets/Art/ItemIcons/build_wall.png	9243
Assets/Art/ItemIcons/coin.png	1791
Assets/Art/ItemIcons/fuel_can.png	12928
Assets/Art/ItemIcons/mat_scrap.png	12918
Assets/Art/ItemIcons/mat_stone.png	8506
Assets/Art/ItemIcons/mat_wood.png	8191
Assets/Art/ItemIcons/weapon_assault_rifle.png	3510
Assets/Art/ItemIcons/weapon_pistol.png	6304
Assets/Art/ItemIcons/weapon_sniper.png	3419
Assets/Audios/Gun Reload.wav	784336
Assets/Audios/Gun Shoot.wav	168966
Assets/Audios/Music.mp3	2885209
Assets/Audios/Pick Up.ogg	7187
Assets/Audios/Woman Damage.ogg	13133
Assets/Audios/Woman Die.ogg	20584
Assets/Audios/Zombie Damage.wav	80050
Assets/Audios/Zombie Die.wav	185070
Assets/Crusader_Castle/Materials/Arab_Shield_01.mat	4132
Assets/Crusader_Castle/Materials/Arab_Swords.mat	4166
Assets/Crusader_Castle/Materials/Base.mat	3852
Assets/Crusader_Castle/Materials/Crossbow.mat	4181
Assets/Crusader_Castle/Materials/Crusader_Helmets.mat	4134
Assets/Crusader_Castle/Materials/Crusader_Shields_01.mat	4137
Assets/Crusader_Castle/Materials/Crusader_Shields_02.mat	4137
Assets/Crusader_Castle/Materials/Crusader_Shields_03.mat	4137
Assets/Crusader_Castle/Materials/Desert_Balcony_01.mat	4170
Assets/Crusader_Castle/Materials/Gate_Lift_01.mat	4131
Assets/Crusader_Castle/Materials/Halberd.mat	4125
Assets/Crusader_Castle/Materials/Mace.mat	4123
Assets/Crusader_Castle/Materials/Quiver_Arrows.mat	4132
Assets/Crusader_Castle/Materials/Sword_Crusaders_01.mat	4191
Assets/Crusader_Castle/Materials/Trim_Sheet_02.mat	4166
Assets/Crusader_Castle/Models/Arab_Shield_01.fbx	201324
Assets/Crusader_Castle/Models/Arab_Shield_02.fbx	218844
Assets/Crusader_Castle/Models/Arab_Swords_01.fbx	85212
Assets/Crusader_Castle/Models/Arab_Swords_02.fbx	167084
Assets/Crusader_Castle/Models/Arab_Swords_03.fbx	90092
Assets/Crusader_Castle/Models/Arab_Swords_04.fbx	103916
Assets/Crusader_Castle/Models/Arrow_01.fbx	41932
Assets/Crusader_Castle/Models/Battle_Axe_01.fbx	61244
Assets/Crusader_Castle/Models/Battle_Hammer_01.fbx	41900
Assets/Crusader_Castle/Models/Bow_01.fbx	100764
Assets/Crusader_Castle/Models/Chapelle_01.fbx	147228
Assets/Crusader_Castle/Models/Chapelle_02.fbx	91852
Assets/Crusader_Castle/Models/Crossbow_01.fbx	395308
Assets/Crusader_Castle/Models/Crossbow_02.fbx	410380
Assets/Crusader_Castle/Models/Crossbow_Bolt_01.fbx	35820
Assets/Crusader_Castle/Models/Crossbowman's_Shield_01.fbx	126140
Assets/Crusader_Castle/Models/Crusader_Weapons.fbx	2113196
Assets/Crusader_Castle/Models/Falchion_01.fbx	69932
Assets/Crusader_Castle/Models/Halberd_01.fbx	61212
Assets/Crusader_Castle/Models/Halberd_02.fbx	84364
Assets/Crusader_Castle/Models/Heater_Shield_01.fbx	154636
Assets/Crusader_Castle/Models/Helmet_Tablet.fbx	293068
Assets/Crusader_Castle/Models/Kite_Shield_01.fbx	86732
Assets/Crusader_Castle/Models/Kite_Shield_02.fbx	118044
Assets/Crusader_Castle/Models/Kite_Shield_03.fbx	125820
Assets/Crusader_Castle/Models/Kite_Shield_04.fbx	72012
Assets/Crusader_Castle/Models/Longsword_02.fbx	94860
Assets/Crusader_Castle/Models/Mace_01.fbx	110028
Assets/Crusader_Castle/Models/Mace_02.fbx	54876
Assets/Crusader_Castle/Models/Mace_03.fbx	105964
Assets/Crusader_Castle/Models/Mace_04.fbx	207500
Assets/Crusader_Castle/Models/Quiver_Arrows_01.fbx	190796
Assets/Crusader_Castle/Models/Quiver_Bolts_01.fbx	103004
Assets/Crusader_Castle/Models/Round_Shield_01.fbx	123996
Assets/Crusader_Castle/Models/Scandinavian_Helmet_01.fbx	87836
Assets/Crusader_Castle/Models/Scandinavian_Helmet_02.fbx	130588
Assets/Crusader_Castle/Models/Shortsword_01.fbx	59692
Assets/Crusader_Castle/Models/Shortsword_02.fbx	57772
Assets/Crusader_Castle/Models/Spear_01.fbx	27260
Assets/Crusader_Castle/Models/Spear_02.fbx	37212
Assets/Crusader_Castle/Models/Spear_03.fbx	39484
Assets/Crusader_Castle/Models/Spear_04.fbx	39004
Assets/Crusader_Castle/Models/Tophelm.fbx	83084
Assets/Crusader_Castle/Models/Weapon_Pack_01.fbx	1190924
Assets/Crusader_Castle/Models/Weapon_Pack_02.fbx	385676
Assets/Crusader_Castle/Models/Weapon_Pack_03.fbx	721244
Assets/Crusader_Castle/Models/Weapon_Pack_04.fbx	240492
Assets/Crusader_Castle/Models/Weapon_Pack_05.fbx	1583660
Assets/Crusader_Castle/Models/Weapon_Pack_06.fbx	1044620
Assets/Crusader_Castle/Prefabs/Arab_Shield_01.prefab	9342
Assets/Crusader_Castle/Prefabs/Arab_Shield_02.prefab	9358
Assets/Crusader_Castle/Prefabs/Arab_Swords_01.prefab	9332
Assets/Crusader_Castle/Prefabs/Arab_Swords_02.prefab	9350
Assets/Crusader_Castle/Prefabs/Arab_Swords_03.prefab	9334
Assets/Crusader_Castle/Prefabs/Arab_Swords_04.prefab	9349
Assets/Crusader_Castle/Prefabs/Arrow_01.prefab	9340
Assets/Crusader_Castle/Prefabs/Battle_Axe_01.prefab	9811
Assets/Crusader_Castle/Prefabs/Battle_Hammer_01.prefab	9347
Assets/Crusader_Castle/Prefabs/Bow_01.prefab	9300
Assets/Crusader_Castle/Prefabs/Chapelle_01.prefab	9312
Assets/Crusader_Castle/Prefabs/Chapelle_02.prefab	9326
Assets/Crusader_Castle/Prefabs/Crossbow_01.prefab	9343
Assets/Crusader_Castle/Prefabs/Crossbow_02.prefab	9350
Assets/Crusader_Castle/Prefabs/Crossbow_Bolt_01.prefab	9368
Assets/Crusader_Castle/Prefabs/Crossbowman's_Shield_01.prefab	14737
Assets/Crusader_Castle/Prefabs/Demo_Crusader_Weapons.prefab	2951
Assets/Crusader_Castle/Prefabs/Falchion_01.prefab	9339
Assets/Crusader_Castle/Prefabs/Halberd_01.prefab	9326
Assets/Crusader_Castle/Prefabs/Halberd_02.prefab	9337
Assets/Crusader_Castle/Prefabs/Heater_Shield_01.prefab	9368
Assets/Crusader_Castle/Prefabs/Helmet_Tablet.prefab	9353
Assets/Crusader_Castle/Prefabs/Kite_Shield_01.prefab	9345
Assets/Crusader_Castle/Prefabs/Kite_Shield_02.prefab	9347
Assets/Crusader_Castle/Prefabs/Kite_Shield_03.prefab	9321
Assets/Crusader_Castle/Prefabs/Kite_Shield_04.prefab	9347
Assets/Crusader_Castle/Prefabs/Longsword_02.prefab	9346
Assets/Crusader_Castle/Prefabs/Mace_01.prefab	9344
Assets/Crusader_Castle/Prefabs/Mace_02.prefab	9327
Assets/Crusader_Castle/Prefabs/Mace_03.prefab	9292
Assets/Crusader_Castle/Prefabs/Mace_04.prefab	9335
Assets/Crusader_Castle/Prefabs/Quiver_Arrows_01.prefab	9567
Assets/Crusader_Castle/Prefabs/Quiver_Bolts_01.prefab	9569
Assets/Crusader_Castle/Prefabs/Round_Shield_01.prefab	9361
Assets/Crusader_Castle/Prefabs/Scandinavian_Helmet_01.prefab	9396
Assets/Crusader_Castle/Prefabs/Scandinavian_Helmet_02.prefab	9378
Assets/Crusader_Castle/Prefabs/Shortsword_01.prefab	9329
Assets/Crusader_Castle/Prefabs/Shortsword_02.prefab	9337
Assets/Crusader_Castle/Prefabs/Spear_01.prefab	6819
Assets/Crusader_Castle/Prefabs/Spear_02.prefab	6832
Assets/Crusader_Castle/Prefabs/Spear_03.prefab	6823
Assets/Crusader_Castle/Prefabs/Spear_04.prefab	6824
Assets/Crusader_Castle/Prefabs/Tophelm.prefab	9314
Assets/Crusader_Castle/Prefabs/Weapon_Pack_01.prefab	10186
Assets/Crusader_Castle/Prefabs/Weapon_Pack_02.prefab	9530
Assets/Crusader_Castle/Prefabs/Weapon_Pack_03.prefab	9847
Assets/Crusader_Castle/Prefabs/Weapon_Pack_04.prefab	9557
Assets/Crusader_Castle/Prefabs/Weapon_Pack_05.prefab	9743
Assets/Crusader_Castle/Prefabs/Weapon_Pack_06.prefab	9724
Assets/Crusader_Castle/Scenes/Demo.unity	134832
Assets/Crusader_Castle/Scenes/Post-processing Profile.asset	25036
Assets/Crusader_Castle/Scenes/SimpleCameraController.cs	6100
Assets/Crusader_Castle/Textures/Arab_Shield_01/Arab_Shield_01_A.tga	12582956
Assets/Crusader_Castle/Textures/Arab_Shield_01/Arab_Shield_01_AO.tga	12582956
Assets/Crusader_Castle/Textures/Arab_Shield_01/Arab_Shield_01_MS.tga	16777260
Assets/Crusader_Castle/Textures/Arab_Shield_01/Arab_Shield_01_N.tga	12582956
Assets/Crusader_Castle/Textures/Arab_Swords/Arab_Swords_A.tga	12582956
Assets/Crusader_Castle/Textures/Arab_Swords/Arab_Swords_MS.tga	16777260
Assets/Crusader_Castle/Textures/Arab_Swords/Arab_Swords_N.tga	12582956
Assets/Crusader_Castle/Textures/Crossbow/Crossbow_A.tga	12582956
Assets/Crusader_Castle/Textures/Crossbow/Crossbow_AO.tga	12582956
Assets/Crusader_Castle/Textures/Crossbow/Crossbow_MS.tga	16777260
Assets/Crusader_Castle/Textures/Crossbow/Crossbow_N.tga	12582956
Assets/Crusader_Castle/Textures/Crusader_Helmets/Crusader_Helmets_A.tga	12582956
Assets/Crusader_Castle/Textures/Crusader_Helmets/Crusader_Helmets_AO.tga	12582956
Assets/Crusader_Castle/Textures/Crusader_Helmets/Crusader_Helmets_MS.tga	16777260
Assets/Crusader_Castle/Textures/Crusader_Helmets/Crusader_Helmets_N.tga	12582956
Assets/Crusader_Castle/Textures/Crusader_Shields_01/Crusader_Shields_01_A.tga	12582956
Assets/Crusader_Castle/Textures/Crusader_Shields_01/Crusader_Shields_01_AO.tga	12582956
Assets/Crusader_Castle/Textures/Crusader_Shields_01/Crusader_Shields_01_MS.tga	16777260
Assets/Crusader_Castle/Textures/Crusader_Shields_01/Crusader_Shields_01_N.tga	12582956
Assets/Crusader_Castle/Textures/Crusader_Shields_02/Crusader_Shields_02_A.tga	12582956
Assets/Crusader_Castle/Textures/Crusader_Shields_02/Crusader_Shields_02_AO.tga	12582956
Assets/Crusader_Castle/Textures/Crusader_Shields_02/Crusader_Shields_02_MS.tga	16777260
Assets/Crusader_Castle/Textures/Crusader_Shields_02/Crusader_Shields_02_N.tga	12582956
Assets/Crusader_Castle/Textures/Crusader_Shields_03/Crusader_Shields_03_A.tga	12582956
Assets/Crusader_Castle/Textures/Crusader_Shields_03/Crusader_Shields_03_AO.tga	12582956
Assets/Crusader_Castle/Textures/Crusader_Shields_03/Crusader_Shields_03_MS.tga	16777260
Assets/Crusader_Castle/Textures/Crusader_Shields_03/Crusader_Shields_03_N.tga	12582956
Assets/Crusader_Castle/Textures/Desert_Balcony_01/Desert_Balcony_01_A.tga	16777260
Assets/Crusader_Castle/Textures/Desert_Balcony_01/Desert_Balcony_01_AO.tga	12582956
Assets/Crusader_Castle/Textures/Desert_Balcony_01/Desert_Balcony_01_MS.tga	16777260
Assets/Crusader_Castle/Textures/Desert_Balcony_01/Desert_Balcony_01_N.tga	12582956
Assets/Crusader_Castle/Textures/Gate_Lift_01/Gate_Lift_01_A.tga	12582956
Assets/Crusader_Castle/Textures/Gate_Lift_01/Gate_Lift_01_AO.tga	12582956
Assets/Crusader_Castle/Textures/Gate_Lift_01/Gate_Lift_01_MS.tga	16777260
Assets/Crusader_Castle/Textures/Gate_Lift_01/Gate_Lift_01_N.tga	12582956
Assets/Crusader_Castle/Textures/Halberd/Halberd_A.tga	12582956
Assets/Crusader_Castle/Textures/Halberd/Halberd_AO.tga	12582956
Assets/Crusader_Castle/Textures/Halberd/Halberd_MS.tga	16777260
Assets/Crusader_Castle/Textures/Halberd/Halberd_N.tga	12582956
Assets/Crusader_Castle/Textures/Mace/Mace_A.tga	12582956
Assets/Crusader_Castle/Textures/Mace/Mace_AO.tga	12582956
Assets/Crusader_Castle/Textures/Mace/Mace_MS.tga	16777260
Assets/Crusader_Castle/Textures/Mace/Mace_N.tga	12582956
Assets/Crusader_Castle/Textures/Quiver_Arrows/Quiver_Arrows_A.tga	12582956
Assets/Crusader_Castle/Textures/Quiver_Arrows/Quiver_Arrows_AO.tga	12582956
Assets/Crusader_Castle/Textures/Quiver_Arrows/Quiver_Arrows_MS.tga	16777260
Assets/Crusader_Castle/Textures/Quiver_Arrows/Quiver_Arrows_N.tga	12582956
Assets/Crusader_Castle/Textures/Sword_Crusaders_01/Sword_Crusaders_01_A.tga	12582956
Assets/Crusader_Castle/Textures/Sword_Crusaders_01/Sword_Crusaders_01_AO.tga	12582956
Assets/Crusader_Castle/Textures/Sword_Crusaders_01/Sword_Crusaders_01_MS.tga	16777260
Assets/Crusader_Castle/Textures/Sword_Crusaders_01/Sword_Crusaders_01_N.tga	12582956
Assets/Crusader_Castle/Textures/Trim_Sheet_02/Trim_Sheet_02_A.tga	16777260
Assets/Crusader_Castle/Textures/Trim_Sheet_02/Trim_Sheet_02_AO.tga	12582956
Assets/Crusader_Castle/Textures/Trim_Sheet_02/Trim_Sheet_02_MS.tga	16777260
Assets/Crusader_Castle/Textures/Trim_Sheet_02/Trim_Sheet_02_N.tga	12582956
Assets/DefaultVolumeProfile.asset	19520
Assets/Ditag Design/Mesh Pack/Chest 01/Material/Built-in/M_Background.mat	10225
Assets/Ditag Design/Mesh Pack/Chest 01/Material/Built-in/M_Chest 01.mat	10743
Assets/Ditag Design/Mesh Pack/Chest 01/Material/Built-in/M_Chest 02.mat	10741
Assets/Ditag Design/Mesh Pack/Chest 01/Material/Built-in/M_Chest 03.mat	10743
Assets/Ditag Design/Mesh Pack/Chest 01/Material/Built-in/M_Chest 04.mat	10742
Assets/Ditag Design/Mesh Pack/Chest 01/Material/Built-in/M_Chest 05.mat	10742
Assets/Ditag Design/Mesh Pack/Chest 01/Material/Built-in/M_Chest 06.mat	10742
Assets/Ditag Design/Mesh Pack/Chest 01/Material/Built-in/M_Chest 07.mat	10743
Assets/Ditag Design/Mesh Pack/Chest 01/Material/Built-in/M_Chest 08.mat	10743
Assets/Ditag Design/Mesh Pack/Chest 01/Material/Built-in/M_Chest 09.mat	10742
Assets/Ditag Design/Mesh Pack/Chest 01/Material/Built-in/M_Chest 10.mat	10742
Assets/Ditag Design/Mesh Pack/Chest 01/Material/Built-in/M_Chest 11.mat	10742
Assets/Ditag Design/Mesh Pack/Chest 01/Material/Built-in/M_Chest 12.mat	10743
Assets/Ditag Design/Mesh Pack/Chest 01/Material/Built-in/M_Chest 13.mat	10743
Assets/Ditag Design/Mesh Pack/Chest 01/Material/Built-in/M_Chest 14.mat	10743
Assets/Ditag Design/Mesh Pack/Chest 01/Material/Built-in/M_Chest 15.mat	10743
Assets/Ditag Design/Mesh Pack/Chest 01/Material/Built-in/M_Chest 16.mat	10742
Assets/Ditag Design/Mesh Pack/Chest 01/Material/Built-in/M_Chest 17.mat	10742
Assets/Ditag Design/Mesh Pack/Chest 01/Material/Built-in/M_Chest 18.mat	10742
Assets/Ditag Design/Mesh Pack/Chest 01/Material/HDRP/M_Background.mat	8039
Assets/Ditag Design/Mesh Pack/Chest 01/Material/HDRP/M_Chest 01.mat	8234
Assets/Ditag Design/Mesh Pack/Chest 01/Material/HDRP/M_Chest 02.mat	8234
Assets/Ditag Design/Mesh Pack/Chest 01/Material/HDRP/M_Chest 03.mat	8234
Assets/Ditag Design/Mesh Pack/Chest 01/Material/HDRP/M_Chest 04.mat	8234
Assets/Ditag Design/Mesh Pack/Chest 01/Material/HDRP/M_Chest 05.mat	8234
Assets/Ditag Design/Mesh Pack/Chest 01/Material/HDRP/M_Chest 06.mat	8234
Assets/Ditag Design/Mesh Pack/Chest 01/Material/HDRP/M_Chest 07.mat	8234
Assets/Ditag Design/Mesh Pack/Chest 01/Material/HDRP/M_Chest 08.mat	8234
Assets/Ditag Design/Mesh Pack/Chest 01/Material/HDRP/M_Chest 09.mat	8234
Assets/Ditag Design/Mesh Pack/Chest 01/Material/HDRP/M_Chest 10.mat	8234
Assets/Ditag Design/Mesh Pack/Chest 01/Material/HDRP/M_Chest 11.mat	8234
Assets/Ditag Design/Mesh Pack/Chest 01/Material/HDRP/M_Chest 12.mat	8234
Assets/Ditag Design/Mesh Pack/Chest 01/Material/HDRP/M_Chest 13.mat	8234
Assets/Ditag Design/Mesh Pack/Chest 01/Material/HDRP/M_Chest 14.mat	8234
Assets/Ditag Design/Mesh Pack/Chest 01/Material/HDRP/M_Chest 15.mat	8234
Assets/Ditag Design/Mesh Pack/Chest 01/Material/HDRP/M_Chest 16.mat	8234
Assets/Ditag Design/Mesh Pack/Chest 01/Material/HDRP/M_Chest 17.mat	8234
Assets/Ditag Design/Mesh Pack/Chest 01/Material/HDRP/M_Chest 18.mat	8234
Assets/Ditag Design/Mesh Pack/Chest 01/Material/URP/M_Background.mat	10141
Assets/Ditag Design/Mesh Pack/Chest 01/Material/URP/M_Chest 01.mat	10617
Assets/Ditag Design/Mesh Pack/Chest 01/Material/URP/M_Chest 02.mat	10617
Assets/Ditag Design/Mesh Pack/Chest 01/Material/URP/M_Chest 03.mat	10617
Assets/Ditag Design/Mesh Pack/Chest 01/Material/URP/M_Chest 04.mat	10617
Assets/Ditag Design/Mesh Pack/Chest 01/Material/URP/M_Chest 05.mat	10616
Assets/Ditag Design/Mesh Pack/Chest 01/Material/URP/M_Chest 06.mat	10616
Assets/Ditag Design/Mesh Pack/Chest 01/Material/URP/M_Chest 07.mat	10617
Assets/Ditag Design/Mesh Pack/Chest 01/Material/URP/M_Chest 08.mat	10617
Assets/Ditag Design/Mesh Pack/Chest 01/Material/URP/M_Chest 09.mat	10618
Assets/Ditag Design/Mesh Pack/Chest 01/Material/URP/M_Chest 10.mat	10617
Assets/Ditag Design/Mesh Pack/Chest 01/Material/URP/M_Chest 11.mat	10617
Assets/Ditag Design/Mesh Pack/Chest 01/Material/URP/M_Chest 12.mat	10618
Assets/Ditag Design/Mesh Pack/Chest 01/Material/URP/M_Chest 13.mat	10617
Assets/Ditag Design/Mesh Pack/Chest 01/Material/URP/M_Chest 14.mat	10617
Assets/Ditag Design/Mesh Pack/Chest 01/Material/URP/M_Chest 15.mat	10617
Assets/Ditag Design/Mesh Pack/Chest 01/Material/URP/M_Chest 16.mat	10616
Assets/Ditag Design/Mesh Pack/Chest 01/Material/URP/M_Chest 17.mat	10617
Assets/Ditag Design/Mesh Pack/Chest 01/Material/URP/M_Chest 18.mat	10617
Assets/Ditag Design/Mesh Pack/Chest 01/Model/Scene BG.fbx	12316
Assets/Ditag Design/Mesh Pack/Chest 01/Model/SM_Chest01.fbx	45580
Assets/Ditag Design/Mesh Pack/Chest 01/Model/SM_Chest02.fbx	38524
Assets/Ditag Design/Mesh Pack/Chest 01/Model/SM_Chest03.fbx	40892
Assets/Ditag Design/Mesh Pack/Chest 01/Model/SM_Chest04.fbx	44252
Assets/Ditag Design/Mesh Pack/Chest 01/Model/SM_Chest05.fbx	46524
Assets/Ditag Design/Mesh Pack/Chest 01/Model/SM_Chest06.fbx	47404
Assets/Ditag Design/Mesh Pack/Chest 01/Model/SM_Chest07.fbx	47580
Assets/Ditag Design/Mesh Pack/Chest 01/Model/SM_Chest08.fbx	44620
Assets/Ditag Design/Mesh Pack/Chest 01/Model/SM_Chest09.fbx	53884
Assets/Ditag Design/Mesh Pack/Chest 01/Model/SM_Chest10.fbx	58476
Assets/Ditag Design/Mesh Pack/Chest 01/Model/SM_Chest11.fbx	42252
Assets/Ditag Design/Mesh Pack/Chest 01/Model/SM_Chest12.fbx	48684
Assets/Ditag Design/Mesh Pack/Chest 01/Model/SM_Chest13.fbx	69468
Assets/Ditag Design/Mesh Pack/Chest 01/Model/SM_Chest14.fbx	24684
Assets/Ditag Design/Mesh Pack/Chest 01/Model/SM_Chest15.fbx	24764
Assets/Ditag Design/Mesh Pack/Chest 01/Model/SM_Chest16.fbx	42652
Assets/Ditag Design/Mesh Pack/Chest 01/Model/SM_Chest17.fbx	47356
Assets/Ditag Design/Mesh Pack/Chest 01/Model/SM_Chest18.fbx	69020
Assets/Ditag Design/Mesh Pack/Chest 01/Prefab/_Other/Directional Light.prefab	5516
Assets/Ditag Design/Mesh Pack/Chest 01/Prefab/_Other/Main Camera.prefab	5978
Assets/Ditag Design/Mesh Pack/Chest 01/Prefab/_Other/PostProcess.prefab	1476
Assets/Ditag Design/Mesh Pack/Chest 01/Prefab/_Other/Sky and Fog Global Volume.prefab	1490
Assets/Ditag Design/Mesh Pack/Chest 01/Prefab/Built-in/Scene BG.prefab	2791
Assets/Ditag Design/Mesh Pack/Chest 01/Prefab/Built-in/SM_Chest01.prefab	2541
Assets/Ditag Design/Mesh Pack/Chest 01/Prefab/Built-in/SM_Chest02.prefab	3100
Assets/Ditag Design/Mesh Pack/Chest 01/Prefab/Built-in/SM_Chest03.prefab	2541
Assets/Ditag Design/Mesh Pack/Chest 01/Prefab/Built-in/SM_Chest04.prefab	2541
Assets/Ditag Design/Mesh Pack/Chest 01/Prefab/Built-in/SM_Chest05.prefab	2541
Assets/Ditag Design/Mesh Pack/Chest 01/Prefab/Built-in/SM_Chest06.prefab	2541
Assets/Ditag Design/Mesh Pack/Chest 01/Prefab/Built-in/SM_Chest07.prefab	2541
Assets/Ditag Design/Mesh Pack/Chest 01/Prefab/Built-in/SM_Chest08.prefab	2540
Assets/Ditag Design/Mesh Pack/Chest 01/Prefab/Built-in/SM_Chest09.prefab	2541
Assets/Ditag Design/Mesh Pack/Chest 01/Prefab/Built-in/SM_Chest10.prefab	2541
Assets/Ditag Design/Mesh Pack/Chest 01/Prefab/Built-in/SM_Chest11.prefab	2541
Assets/Ditag Design/Mesh Pack/Chest 01/Prefab/Built-in/SM_Chest12.prefab	2539
Assets/Ditag Design/Mesh Pack/Chest 01/Prefab/Built-in/SM_Chest13.prefab	2541
Assets/Ditag Design/Mesh Pack/Chest 01/Prefab/Built-in/SM_Chest14.prefab	2541
Assets/Ditag Design/Mesh Pack/Chest 01/Prefab/Built-in/SM_Chest15.prefab	2539
Assets/Ditag Design/Mesh Pack/Chest 01/Prefab/Built-in/SM_Chest16.prefab	2541
Assets/Ditag Design/Mesh Pack/Chest 01/Prefab/Built-in/SM_Chest17.prefab	2541
Assets/Ditag Design/Mesh Pack/Chest 01/Prefab/Built-in/SM_Chest18.prefab	2541
Assets/Ditag Design/Mesh Pack/Chest 01/Prefab/HDRP/Scene BG.prefab	2789
Assets/Ditag Design/Mesh Pack/Chest 01/Prefab/HDRP/SM_Chest01.prefab	2793
Assets/Ditag Design/Mesh Pack/Chest 01/Prefab/HDRP/SM_Chest02.prefab	3351
Assets/Ditag Design/Mesh Pack/Chest 01/Prefab/HDRP/SM_Chest03.prefab	2792
Assets/Ditag Design/Mesh Pack/Chest 01/Prefab/HDRP/SM_Chest04.prefab	2793
Assets/Ditag Design/Mesh Pack/Chest 01/Prefab/HDRP/SM_Chest05.prefab	2793
Assets/Ditag Design/Mesh Pack/Chest 01/Prefab/HDRP/SM_Chest06.prefab	2793
Assets/Ditag Design/Mesh Pack/Chest 01/Prefab/HDRP/SM_Chest07.prefab	2793
Assets/Ditag Design/Mesh Pack/Chest 01/Prefab/HDRP/SM_Chest08.prefab	2793
Assets/Ditag Design/Mesh Pack/Chest 01/Prefab/HDRP/SM_Chest09.prefab	2793
Assets/Ditag Design/Mesh Pack/Chest 01/Prefab/HDRP/SM_Chest10.prefab	2793
Assets/Ditag Design/Mesh Pack/Chest 01/Prefab/HDRP/SM_Chest11.prefab	2793
Assets/Ditag Design/Mesh Pack/Chest 01/Prefab/HDRP/SM_Chest12.prefab	2793
Assets/Ditag Design/Mesh Pack/Chest 01/Prefab/HDRP/SM_Chest13.prefab	2793
Assets/Ditag Design/Mesh Pack/Chest 01/Prefab/HDRP/SM_Chest14.prefab	2793
Assets/Ditag Design/Mesh Pack/Chest 01/Prefab/HDRP/SM_Chest15.prefab	2793
Assets/Ditag Design/Mesh Pack/Chest 01/Prefab/HDRP/SM_Chest16.prefab	2793
Assets/Ditag Design/Mesh Pack/Chest 01/Prefab/HDRP/SM_Chest17.prefab	2792
Assets/Ditag Design/Mesh Pack/Chest 01/Prefab/HDRP/SM_Chest18.prefab	2792
Assets/Ditag Design/Mesh Pack/Chest 01/Prefab/URP/Scene BG.prefab	2791
Assets/Ditag Design/Mesh Pack/Chest 01/Prefab/URP/SM_Chest01.prefab	2541
Assets/Ditag Design/Mesh Pack/Chest 01/Prefab/URP/SM_Chest02.prefab	3099
Assets/Ditag Design/Mesh Pack/Chest 01/Prefab/URP/SM_Chest03.prefab	2541
Assets/Ditag Design/Mesh Pack/Chest 01/Prefab/URP/SM_Chest04.prefab	2541
Assets/Ditag Design/Mesh Pack/Chest 01/Prefab/URP/SM_Chest05.prefab	2541
Assets/Ditag Design/Mesh Pack/Chest 01/Prefab/URP/SM_Chest06.prefab	2540
Assets/Ditag Design/Mesh Pack/Chest 01/Prefab/URP/SM_Chest07.prefab	2541
Assets/Ditag Design/Mesh Pack/Chest 01/Prefab/URP/SM_Chest08.prefab	2541
Assets/Ditag Design/Mesh Pack/Chest 01/Prefab/URP/SM_Chest09.prefab	2541
Assets/Ditag Design/Mesh Pack/Chest 01/Prefab/URP/SM_Chest10.prefab	2541
Assets/Ditag Design/Mesh Pack/Chest 01/Prefab/URP/SM_Chest11.prefab	2540
Assets/Ditag Design/Mesh Pack/Chest 01/Prefab/URP/SM_Chest12.prefab	2540
Assets/Ditag Design/Mesh Pack/Chest 01/Prefab/URP/SM_Chest13.prefab	2541
Assets/Ditag Design/Mesh Pack/Chest 01/Prefab/URP/SM_Chest14.prefab	2541
Assets/Ditag Design/Mesh Pack/Chest 01/Prefab/URP/SM_Chest15.prefab	2540
Assets/Ditag Design/Mesh Pack/Chest 01/Prefab/URP/SM_Chest16.prefab	2541
Assets/Ditag Design/Mesh Pack/Chest 01/Prefab/URP/SM_Chest17.prefab	2541
Assets/Ditag Design/Mesh Pack/Chest 01/Prefab/URP/SM_Chest18.prefab	2539
Assets/Ditag Design/Mesh Pack/Chest 01/Scene/Chest 01.unity	61914
Assets/Ditag Design/Mesh Pack/Chest 01/Scene/Chest 01/PostProcess Profile.asset	1125
Assets/Ditag Design/Mesh Pack/Chest 01/Scene/Chest 01/Sky and Fog Settings.asset	6057
Assets/Ditag Design/Mesh Pack/Chest 01/Texture/T_Chest01_AO.tga	16778028
Assets/Ditag Design/Mesh Pack/Chest 01/Texture/T_Chest01_D.tga	50331692
Assets/Ditag Design/Mesh Pack/Chest 01/Texture/T_Chest01_MaskMap.png	7722243
Assets/Ditag Design/Mesh Pack/Chest 01/Texture/T_Chest01_MetallicSmoothness.tga	67108908
Assets/Ditag Design/Mesh Pack/Chest 01/Texture/T_Chest01_N.tga	50331692
Assets/Ditag Design/Mesh Pack/Chest 01/Texture/T_Chest02_AO.tga	16778028
Assets/Ditag Design/Mesh Pack/Chest 01/Texture/T_Chest02_D.tga	50331692
Assets/Ditag Design/Mesh Pack/Chest 01/Texture/T_Chest02_MaskMap.png	4316693
Assets/Ditag Design/Mesh Pack/Chest 01/Texture/T_Chest02_MetallicSmoothness.tga	67108908
Assets/Ditag Design/Mesh Pack/Chest 01/Texture/T_Chest02_N.tga	50331692
Assets/Ditag Design/Mesh Pack/Chest 01/Texture/T_Chest03_AO.tga	16778028
Assets/Ditag Design/Mesh Pack/Chest 01/Texture/T_Chest03_D.tga	50331692
Assets/Ditag Design/Mesh Pack/Chest 01/Texture/T_Chest03_MaskMap.png	2942515
Assets/Ditag Design/Mesh Pack/Chest 01/Texture/T_Chest03_MetallicSmoothness.tga	67108908
Assets/Ditag Design/Mesh Pack/Chest 01/Texture/T_Chest03_N.tga	50331692
Assets/Ditag Design/Mesh Pack/Chest 01/Texture/T_Chest04_AO.tga	16778028
Assets/Ditag Design/Mesh Pack/Chest 01/Texture/T_Chest04_D.tga	50331692
Assets/Ditag Design/Mesh Pack/Chest 01/Texture/T_Chest04_MaskMap.png	4544771
Assets/Ditag Design/Mesh Pack/Chest 01/Texture/T_Chest04_MetallicSmoothness.tga	67108908
Assets/Ditag Design/Mesh Pack/Chest 01/Texture/T_Chest04_N.tga	50331692
Assets/Ditag Design/Mesh Pack/Chest 01/Texture/T_Chest05_AO.tga	16778028
Assets/Ditag Design/Mesh Pack/Chest 01/Texture/T_Chest05_D.tga	50331692
Assets/Ditag Design/Mesh Pack/Chest 01/Texture/T_Chest05_MaskMap.png	10044105
Assets/Ditag Design/Mesh Pack/Chest 01/Texture/T_Chest05_MetallicSmoothness.tga	67108908
Assets/Ditag Design/Mesh Pack/Chest 01/Texture/T_Chest05_N.tga	50331692
Assets/Ditag Design/Mesh Pack/Chest 01/Texture/T_Chest06_AO.tga	16778028
Assets/Ditag Design/Mesh Pack/Chest 01/Texture/T_Chest06_D.tga	50331692
Assets/Ditag Design/Mesh Pack/Chest 01/Texture/T_Chest06_MaskMap.png	11187396
Assets/Ditag Design/Mesh Pack/Chest 01/Texture/T_Chest06_MetallicSmoothness.tga	67108908
Assets/Ditag Design/Mesh Pack/Chest 01/Texture/T_Chest06_N.tga	50331692
Assets/Ditag Design/Mesh Pack/Chest 01/Texture/T_Chest07_AO.tga	16778028
Assets/Ditag Design/Mesh Pack/Chest 01/Texture/T_Chest07_D.tga	50331692
Assets/Ditag Design/Mesh Pack/Chest 01/Texture/T_Chest07_MaskMap.png	7703056
Assets/Ditag Design/Mesh Pack/Chest 01/Texture/T_Chest07_MetallicSmoothness.tga	67108908
Assets/Ditag Design/Mesh Pack/Chest 01/Texture/T_Chest07_N.tga	50331692
Assets/Ditag Design/Mesh Pack/Chest 01/Texture/T_Chest08_AO.tga	16778028
Assets/Ditag Design/Mesh Pack/Chest 01/Texture/T_Chest08_D.tga	50331692
Assets/Ditag Design/Mesh Pack/Chest 01/Texture/T_Chest08_MaskMap.png	21335183
Assets/Ditag Design/Mesh Pack/Chest 01/Texture/T_Chest08_MetallicSmoothness.tga	67108908
Assets/Ditag Design/Mesh Pack/Chest 01/Texture/T_Chest08_N.tga	50331692
Assets/Ditag Design/Mesh Pack/Chest 01/Texture/T_Chest09_AO.tga	16778028
Assets/Ditag Design/Mesh Pack/Chest 01/Texture/T_Chest09_D.tga	50331692
Assets/Ditag Design/Mesh Pack/Chest 01/Texture/T_Chest09_MaskMap.png	5019376
Assets/Ditag Design/Mesh Pack/Chest 01/Texture/T_Chest09_MetallicSmoothness.tga	67108908
Assets/Ditag Design/Mesh Pack/Chest 01/Texture/T_Chest09_N.tga	50331692
Assets/Ditag Design/Mesh Pack/Chest 01/Texture/T_Chest10_AO.tga	16778028
Assets/Ditag Design/Mesh Pack/Chest 01/Texture/T_Chest10_D.tga	50331692
Assets/Ditag Design/Mesh Pack/Chest 01/Texture/T_Chest10_MaskMap.png	6406721
Assets/Ditag Design/Mesh Pack/Chest 01/Texture/T_Chest10_MetallicSmoothness.tga	67108908
Assets/Ditag Design/Mesh Pack/Chest 01/Texture/T_Chest10_N.tga	50331692
Assets/Ditag Design/Mesh Pack/Chest 01/Texture/T_Chest11_AO.tga	16778028
Assets/Ditag Design/Mesh Pack/Chest 01/Texture/T_Chest11_D.tga	50331692
Assets/Ditag Design/Mesh Pack/Chest 01/Texture/T_Chest11_MaskMap.png	7652564
Assets/Ditag Design/Mesh Pack/Chest 01/Texture/T_Chest11_MetallicSmoothness.tga	67108908
Assets/Ditag Design/Mesh Pack/Chest 01/Texture/T_Chest11_N.tga	50331692
Assets/Ditag Design/Mesh Pack/Chest 01/Texture/T_Chest12_AO.tga	16778028
Assets/Ditag Design/Mesh Pack/Chest 01/Texture/T_Chest12_D.tga	50331692
Assets/Ditag Design/Mesh Pack/Chest 01/Texture/T_Chest12_MaskMap.png	2815179
Assets/Ditag Design/Mesh Pack/Chest 01/Texture/T_Chest12_MetallicSmoothness.tga	67108908
Assets/Ditag Design/Mesh Pack/Chest 01/Texture/T_Chest12_N.tga	50331692
Assets/Ditag Design/Mesh Pack/Chest 01/Texture/T_Chest13_AO.tga	16778028
Assets/Ditag Design/Mesh Pack/Chest 01/Texture/T_Chest13_D.tga	50331692
Assets/Ditag Design/Mesh Pack/Chest 01/Texture/T_Chest13_MaskMap.png	5982127
Assets/Ditag Design/Mesh Pack/Chest 01/Texture/T_Chest13_MetallicSmoothness.tga	67108908
Assets/Ditag Design/Mesh Pack/Chest 01/Texture/T_Chest13_N.tga	50331692
Assets/Ditag Design/Mesh Pack/Chest 01/Texture/T_Chest14_AO.tga	16778028
Assets/Ditag Design/Mesh Pack/Chest 01/Texture/T_Chest14_D.tga	50331692
Assets/Ditag Design/Mesh Pack/Chest 01/Texture/T_Chest14_MaskMap.png	6491138
Assets/Ditag Design/Mesh Pack/Chest 01/Texture/T_Chest14_MetallicSmoothness.tga	67108908
Assets/Ditag Design/Mesh Pack/Chest 01/Texture/T_Chest14_N.tga	50331692
Assets/Ditag Design/Mesh Pack/Chest 01/Texture/T_Chest15_AO.tga	16778028
Assets/Ditag Design/Mesh Pack/Chest 01/Texture/T_Chest15_D.tga	50331692
Assets/Ditag Design/Mesh Pack/Chest 01/Texture/T_Chest15_MaskMap.png	6047390
Assets/Ditag Design/Mesh Pack/Chest 01/Texture/T_Chest15_MetallicSmoothness.tga	67108908
Assets/Ditag Design/Mesh Pack/Chest 01/Texture/T_Chest15_N.tga	50331692
Assets/Ditag Design/Mesh Pack/Chest 01/Texture/T_Chest16_AO.tga	16778028
Assets/Ditag Design/Mesh Pack/Chest 01/Texture/T_Chest16_D.tga	50331692
Assets/Ditag Design/Mesh Pack/Chest 01/Texture/T_Chest16_MaskMap.png	12053950
Assets/Ditag Design/Mesh Pack/Chest 01/Texture/T_Chest16_MetallicSmoothness.tga	67108908
Assets/Ditag Design/Mesh Pack/Chest 01/Texture/T_Chest16_N.tga	50331692
Assets/Ditag Design/Mesh Pack/Chest 01/Texture/T_Chest17_AO.tga	16778028
Assets/Ditag Design/Mesh Pack/Chest 01/Texture/T_Chest17_D.tga	50331692
Assets/Ditag Design/Mesh Pack/Chest 01/Texture/T_Chest17_MaskMap.png	13850862
Assets/Ditag Design/Mesh Pack/Chest 01/Texture/T_Chest17_MetallicSmoothness.tga	67108908
Assets/Ditag Design/Mesh Pack/Chest 01/Texture/T_Chest17_N.tga	50331692
Assets/Ditag Design/Mesh Pack/Chest 01/Texture/T_Chest18_AO.tga	16778028
Assets/Ditag Design/Mesh Pack/Chest 01/Texture/T_Chest18_D.tga	50331692
Assets/Ditag Design/Mesh Pack/Chest 01/Texture/T_Chest18_MaskMap.png	12480483
Assets/Ditag Design/Mesh Pack/Chest 01/Texture/T_Chest18_MetallicSmoothness.tga	67108908
Assets/Ditag Design/Mesh Pack/Chest 01/Texture/T_Chest18_N.tga	50331692
Assets/Editor/ItemIconGenerator.cs	10707
Assets/ExplosiveLLC/Crafting Mecanim Animation Pack FREE/Elements/Controls3.psd	260327
Assets/ExplosiveLLC/Crafting Mecanim Animation Pack FREE/Elements/Editor/Resources/RatingSetup.asset	457
Assets/ExplosiveLLC/Crafting Mecanim Animation Pack FREE/Elements/Editor/ReviewConfig.cs	380
Assets/ExplosiveLLC/Crafting Mecanim Animation Pack FREE/Elements/Editor/ReviewWindowEditor.cs	3658
Assets/ExplosiveLLC/Crafting Mecanim Animation Pack FREE/Props/Box.FBX	66912
Assets/ExplosiveLLC/Crafting Mecanim Animation Pack FREE/Scenes/Crafting FREE.unity	15099
Assets/ExplosiveLLC/Demo Elements/Code/CameraController.cs	1769
Assets/ExplosiveLLC/Demo Elements/Code/GUIControls.cs	9681
Assets/ExplosiveLLC/Demo Elements/Materials/Stage/Rock.mat	4058
Assets/ExplosiveLLC/Demo Elements/Materials/Stage/Stage.mat	4060
Assets/ExplosiveLLC/Demo Elements/Materials/Stage/Tree.mat	4058
Assets/ExplosiveLLC/Demo Elements/Models/Stage/Rock.FBX	29152
Assets/ExplosiveLLC/Demo Elements/Models/Stage/Stage.FBX	207792
Assets/ExplosiveLLC/Demo Elements/Models/Stage/Tree.FBX	239760
Assets/ExplosiveLLC/Demo Elements/Models/Stage/Tree-Stump.FBX	118800
Assets/ExplosiveLLC/Demo Elements/Prefabs/Camera.prefab	14183
Assets/ExplosiveLLC/Demo Elements/Prefabs/Moving Platform Animation.anim	5377
Assets/ExplosiveLLC/Demo Elements/Prefabs/Moving Platform.controller	2110
Assets/ExplosiveLLC/Demo Elements/Prefabs/Stage/Cube.prefab	3946
Assets/ExplosiveLLC/Demo Elements/Prefabs/Stage/Level.prefab	137471
Assets/ExplosiveLLC/Demo Elements/Prefabs/Stage/Moving Platform.prefab	4673
Assets/ExplosiveLLC/Demo Elements/Prefabs/Target.prefab	4062
Assets/ExplosiveLLC/Demo Elements/Textures/Stage/Rock.psd	183821
Assets/ExplosiveLLC/Demo Elements/Textures/Stage/Stage.psd	727956
Assets/ExplosiveLLC/Demo Elements/Textures/Stage/Tree.psd	411827
Assets/ExplosiveLLC/Demo Elements/Textures/Target.psd	27402
Assets/ExplosiveLLC/Demo Elements/UI/Controller.psd	370292
Assets/ExplosiveLLC/Demo Elements/UI/Controls.psd	358183
Assets/ExplosiveLLC/Editor/SetupInputLayers.cs	1091
Assets/ExplosiveLLC/Fighter Pack Bundle FREE/Demo Elements/Camera/Controls2.psd	94129
Assets/ExplosiveLLC/Fighter Pack Bundle FREE/Demo Elements/Camera/Controls3.psd	209904
Assets/ExplosiveLLC/Fighter Pack Bundle FREE/Demo Elements/Camera/Grid.mat	3145
Assets/ExplosiveLLC/Fighter Pack Bundle FREE/Demo Elements/Camera/Grid.psd	2954158
Assets/ExplosiveLLC/Fighter Pack Bundle FREE/Demo Elements/Code/CameraControl.cs	4220
Assets/ExplosiveLLC/Fighter Pack Bundle FREE/Demo Elements/Code/CrafterControllerFREE.cs	4221
Assets/ExplosiveLLC/Fighter Pack Bundle FREE/Demo Elements/Code/FighterAnimationDemoFREE.cs	1315
Assets/ExplosiveLLC/Fighter Pack Bundle FREE/Demo Elements/Code/InputHelper.cs	6979
Assets/ExplosiveLLC/Fighter Pack Bundle FREE/Demo Elements/Code/SmoothFollow.cs	1868
Assets/ExplosiveLLC/Fighter Pack Bundle FREE/Documentation/FighterPackBundleFREEReadMe.pdf	233027
Assets/ExplosiveLLC/Fighter Pack Bundle FREE/Fighters/Berserker Fighter Mecanim Animation Pack FREE/Animations/Berserker@Idle.FBX	664160
Assets/ExplosiveLLC/Fighter Pack Bundle FREE/Fighters/Berserker Fighter Mecanim Animation Pack FREE/Animations/Berserker@Punch.FBX	475280
Assets/ExplosiveLLC/Fighter Pack Bundle FREE/Fighters/Berserker Fighter Mecanim Animation Pack FREE/Animations/Berserker@WalkBackward.FBX	458128
Assets/ExplosiveLLC/Fighter Pack Bundle FREE/Fighters/Berserker Fighter Mecanim Animation Pack FREE/Animations/Berserker@WalkForward.FBX	458112
Assets/ExplosiveLLC/Fighter Pack Bundle FREE/Fighters/Berserker Fighter Mecanim Animation Pack FREE/BerserkerFighterMecanimAnimationPackReadme.pdf	679717
Assets/ExplosiveLLC/Fighter Pack Bundle FREE/Fighters/Berserker Fighter Mecanim Animation Pack FREE/Characters/Berserker.FBX	1421216
Assets/ExplosiveLLC/Fighter Pack Bundle FREE/Fighters/Berserker Fighter Mecanim Animation Pack FREE/Materials/Berserker.mat	3068
Assets/ExplosiveLLC/Fighter Pack Bundle FREE/Fighters/Berserker Fighter Mecanim Animation Pack FREE/Prefabs/Berserker Animation Controller.controller	8608
Assets/ExplosiveLLC/Fighter Pack Bundle FREE/Fighters/Berserker Fighter Mecanim Animation Pack FREE/Prefabs/Berserker.prefab	56179
Assets/ExplosiveLLC/Fighter Pack Bundle FREE/Fighters/Berserker Fighter Mecanim Animation Pack FREE/Scenes/Berserker.unity	13632
Assets/ExplosiveLLC/Fighter Pack Bundle FREE/Fighters/Berserker Fighter Mecanim Animation Pack FREE/Scenes/BerserkerSettings.lighting	1978
Assets/ExplosiveLLC/Fighter Pack Bundle FREE/Fighters/Berserker Fighter Mecanim Animation Pack FREE/Textures/Berserker.psd	24322
Assets/ExplosiveLLC/Fighter Pack Bundle FREE/Fighters/Female Fighter Mecanim Animation Pack FREE/Animations/Female@Idle.FBX	569872
Assets/ExplosiveLLC/Fighter Pack Bundle FREE/Fighters/Female Fighter Mecanim Animation Pack FREE/Animations/Female@Punch.FBX	563936
Assets/ExplosiveLLC/Fighter Pack Bundle FREE/Fighters/Female Fighter Mecanim Animation Pack FREE/Animations/Female@WalkBackward.FBX	451104
Assets/ExplosiveLLC/Fighter Pack Bundle FREE/Fighters/Female Fighter Mecanim Animation Pack FREE/Animations/Female@WalkForward.FBX	451104
Assets/ExplosiveLLC/Fighter Pack Bundle FREE/Fighters/Female Fighter Mecanim Animation Pack FREE/Characters/Female.FBX	921424
Assets/ExplosiveLLC/Fighter Pack Bundle FREE/Fighters/Female Fighter Mecanim Animation Pack FREE/Characters/Female-Hair.FBX	36880
Assets/ExplosiveLLC/Fighter Pack Bundle FREE/Fighters/Female Fighter Mecanim Animation Pack FREE/Materials/Female.mat	3065
Assets/ExplosiveLLC/Fighter Pack Bundle FREE/Fighters/Female Fighter Mecanim Animation Pack FREE/Prefabs/Female Animation Controller.controller	8592
Assets/ExplosiveLLC/Fighter Pack Bundle FREE/Fighters/Female Fighter Mecanim Animation Pack FREE/Prefabs/Female.prefab	71057
Assets/ExplosiveLLC/Fighter Pack Bundle FREE/Fighters/Female Fighter Mecanim Animation Pack FREE/Scenes/Female.unity	12961
Assets/ExplosiveLLC/Fighter Pack Bundle FREE/Fighters/Female Fighter Mecanim Animation Pack FREE/Scenes/FemaleSettings.lighting	1975
Assets/ExplosiveLLC/Fighter Pack Bundle FREE/Fighters/Female Fighter Mecanim Animation Pack FREE/Textures/Female.psd	26844
Assets/ExplosiveLLC/Fighter Pack Bundle FREE/Fighters/Heavy Fighter Mecanim Animation Pack FREE/Animations/Heavy@Idle.FBX	807472
Assets/ExplosiveLLC/Fighter Pack Bundle FREE/Fighters/Heavy Fighter Mecanim Animation Pack FREE/Animations/Heavy@Punch.FBX	451072
Assets/ExplosiveLLC/Fighter Pack Bundle FREE/Fighters/Heavy Fighter Mecanim Animation Pack FREE/Animations/Heavy@WalkBackward.FBX	498624
Assets/ExplosiveLLC/Fighter Pack Bundle FREE/Fighters/Heavy Fighter Mecanim Animation Pack FREE/Animations/Heavy@WalkForward.FBX	510496
Assets/ExplosiveLLC/Fighter Pack Bundle FREE/Fighters/Heavy Fighter Mecanim Animation Pack FREE/Characters/Heavy.FBX	193808
Assets/ExplosiveLLC/Fighter Pack Bundle FREE/Fighters/Heavy Fighter Mecanim Animation Pack FREE/Materials/Heavy.mat	3107
Assets/ExplosiveLLC/Fighter Pack Bundle FREE/Fighters/Heavy Fighter Mecanim Animation Pack FREE/Prefabs/Heavy Animation Controller.controller	86566
Assets/ExplosiveLLC/Fighter Pack Bundle FREE/Fighters/Heavy Fighter Mecanim Animation Pack FREE/Prefabs/Heavy.prefab	57923
Assets/ExplosiveLLC/Fighter Pack Bundle FREE/Fighters/Heavy Fighter Mecanim Animation Pack FREE/Scenes/Heavy.unity	13246
Assets/ExplosiveLLC/Fighter Pack Bundle FREE/Fighters/Heavy Fighter Mecanim Animation Pack FREE/Scenes/HeavySettings.lighting	1974
Assets/ExplosiveLLC/Fighter Pack Bundle FREE/Fighters/Heavy Fighter Mecanim Animation Pack FREE/Textures/Heavy.psd	26486
Assets/ExplosiveLLC/Fighter Pack Bundle FREE/Fighters/Male Fighter Mecanim Animation Pack FREE/Animations/Male@Idle.FBX	1176864
Assets/ExplosiveLLC/Fighter Pack Bundle FREE/Fighters/Male Fighter Mecanim Animation Pack FREE/Animations/Male@Punch.FBX	427312
Assets/ExplosiveLLC/Fighter Pack Bundle FREE/Fighters/Male Fighter Mecanim Animation Pack FREE/Animations/Male@WalkBackward.FBX	546144
Assets/ExplosiveLLC/Fighter Pack Bundle FREE/Fighters/Male Fighter Mecanim Animation Pack FREE/Animations/Male@WalkForward.FBX	546128
Assets/ExplosiveLLC/Fighter Pack Bundle FREE/Fighters/Male Fighter Mecanim Animation Pack FREE/Characters/Male.FBX	1452368
Assets/ExplosiveLLC/Fighter Pack Bundle FREE/Fighters/Male Fighter Mecanim Animation Pack FREE/Materials/Male.mat	3063
Assets/ExplosiveLLC/Fighter Pack Bundle FREE/Fighters/Male Fighter Mecanim Animation Pack FREE/Prefabs/Male Animation Controller.controller	86406
Assets/ExplosiveLLC/Fighter Pack Bundle FREE/Fighters/Male Fighter Mecanim Animation Pack FREE/Prefabs/Male.prefab	57850
Assets/ExplosiveLLC/Fighter Pack Bundle FREE/Fighters/Male Fighter Mecanim Animation Pack FREE/Scenes/Male.unity	13074
Assets/ExplosiveLLC/Fighter Pack Bundle FREE/Fighters/Male Fighter Mecanim Animation Pack FREE/Scenes/MaleSettings.lighting	1973
Assets/ExplosiveLLC/Fighter Pack Bundle FREE/Fighters/Male Fighter Mecanim Animation Pack FREE/Textures/Male.psd	23258
Assets/ExplosiveLLC/RPG Character Mecanim Animation Pack FREE/Animation Controller/RPG-Character-Animation-Controller.controller	4325764
Assets/ExplosiveLLC/RPG Character Mecanim Animation Pack FREE/Animations/2Hand-Sword/RPG-Character@2Hand-Sword-Attack1.FBX	526864
Assets/ExplosiveLLC/RPG Character Mecanim Animation Pack FREE/Animations/2Hand-Sword/RPG-Character@2Hand-Sword-Attack10.FBX	526864
Assets/ExplosiveLLC/RPG Character Mecanim Animation Pack FREE/Animations/2Hand-Sword/RPG-Character@2Hand-Sword-Attack11.FBX	526864
Assets/ExplosiveLLC/RPG Character Mecanim Animation Pack FREE/Animations/2Hand-Sword/RPG-Character@2Hand-Sword-Attack2.FBX	526864
Assets/ExplosiveLLC/RPG Character Mecanim Animation Pack FREE/Animations/2Hand-Sword/RPG-Character@2Hand-Sword-Attack3.FBX	526864
Assets/ExplosiveLLC/RPG Character Mecanim Animation Pack FREE/Animations/2Hand-Sword/RPG-Character@2Hand-Sword-Attack4.FBX	526864
Assets/ExplosiveLLC/RPG Character Mecanim Animation Pack FREE/Animations/2Hand-Sword/RPG-Character@2Hand-Sword-Attack5.FBX	526864
Assets/ExplosiveLLC/RPG Character Mecanim Animation Pack FREE/Animations/2Hand-Sword/RPG-Character@2Hand-Sword-Attack6.FBX	526864
Assets/ExplosiveLLC/RPG Character Mecanim Animation Pack FREE/Animations/2Hand-Sword/RPG-Character@2Hand-Sword-Attack7.FBX	526832
Assets/ExplosiveLLC/RPG Character Mecanim Animation Pack FREE/Animations/2Hand-Sword/RPG-Character@2Hand-Sword-Attack8.FBX	526864
Assets/ExplosiveLLC/RPG Character Mecanim Animation Pack FREE/Animations/2Hand-Sword/RPG-Character@2Hand-Sword-Attack9.FBX	526864
Assets/ExplosiveLLC/RPG Character Mecanim Animation Pack FREE/Animations/2Hand-Sword/RPG-Character@2Hand-Sword-DiveRoll-Forward1.max.FBX	549712
Assets/ExplosiveLLC/RPG Character Mecanim Animation Pack FREE/Animations/2Hand-Sword/RPG-Character@2Hand-Sword-Fall.FBX	503952
Assets/ExplosiveLLC/RPG Character Mecanim Animation Pack FREE/Animations/2Hand-Sword/RPG-Character@2Hand-Sword-GetHit-B1.FBX	435264
Assets/ExplosiveLLC/RPG Character Mecanim Animation Pack FREE/Animations/2Hand-Sword/RPG-Character@2Hand-Sword-GetHit-F1.FBX	435264
Assets/ExplosiveLLC/RPG Character Mecanim Animation Pack FREE/Animations/2Hand-Sword/RPG-Character@2Hand-Sword-GetHit-F2.FBX	435264
Assets/ExplosiveLLC/RPG Character Mecanim Animation Pack FREE/Animations/2Hand-Sword/RPG-Character@2Hand-Sword-GetHit-L1.FBX	578352
Assets/ExplosiveLLC/RPG Character Mecanim Animation Pack FREE/Animations/2Hand-Sword/RPG-Character@2Hand-Sword-GetHit-R1.FBX	578352
Assets/ExplosiveLLC/RPG Character Mecanim Animation Pack FREE/Animations/2Hand-Sword/RPG-Character@2Hand-Sword-Getup1.FBX	1007584
Assets/ExplosiveLLC/RPG Character Mecanim Animation Pack FREE/Animations/2Hand-Sword/RPG-Character@2Hand-Sword-Idle.FBX	664224
Assets/ExplosiveLLC/RPG Character Mecanim Animation Pack FREE/Animations/2Hand-Sword/RPG-Character@2Hand-Sword-Idle-Static.FBX	664160
Assets/ExplosiveLLC/RPG Character Mecanim Animation Pack FREE/Animations/2Hand-Sword/RPG-Character@2Hand-Sword-Jump.FBX	515408
Assets/ExplosiveLLC/RPG Character Mecanim Animation Pack FREE/Animations/2Hand-Sword/RPG-Character@2Hand-Sword-Jump-Flip.FBX	561184
Assets/ExplosiveLLC/RPG Character Mecanim Animation Pack FREE/Animations/2Hand-Sword/RPG-Character@2Hand-Sword-Knockback-Back1.FBX	526800
Assets/ExplosiveLLC/RPG Character Mecanim Animation Pack FREE/Animations/2Hand-Sword/RPG-Character@2Hand-Sword-Knockback-Back2.FBX	469568
Assets/ExplosiveLLC/RPG Character Mecanim Animation Pack FREE/Animations/2Hand-Sword/RPG-Character@2Hand-Sword-Knockdown1.FBX	584032
Assets/ExplosiveLLC/RPG Character Mecanim Animation Pack FREE/Animations/2Hand-Sword/RPG-Character@2Hand-Sword-Land.FBX	515408
Assets/ExplosiveLLC/RPG Character Mecanim Animation Pack FREE/Animations/2Hand-Sword/RPG-Character@2Hand-Sword-Run-Backward.FBX	458160
Assets/ExplosiveLLC/RPG Character Mecanim Animation Pack FREE/Animations/2Hand-Sword/RPG-Character@2Hand-Sword-Run-Backward-Left.FBX	458176
Assets/ExplosiveLLC/RPG Character Mecanim Animation Pack FREE/Animations/2Hand-Sword/RPG-Character@2Hand-Sword-Run-Backward-Right.FBX	458176
Assets/ExplosiveLLC/RPG Character Mecanim Animation Pack FREE/Animations/2Hand-Sword/RPG-Character@2Hand-Sword-Run-Forward.FBX	458096
Assets/ExplosiveLLC/RPG Character Mecanim Animation Pack FREE/Animations/2Hand-Sword/RPG-Character@2Hand-Sword-Run-Forward-Attack1.FBX	458176
Assets/ExplosiveLLC/RPG Character Mecanim Animation Pack FREE/Animations/2Hand-Sword/RPG-Character@2Hand-Sword-Run-Forward-Left.FBX	458176
Assets/ExplosiveLLC/RPG Character Mecanim Animation Pack FREE/Animations/2Hand-Sword/RPG-Character@2Hand-Sword-Run-Forward-Right.FBX	458176
Assets/ExplosiveLLC/RPG Character Mecanim Animation Pack FREE/Animations/2Hand-Sword/RPG-Character@2Hand-Sword-Run-Left.FBX	458144
Assets/ExplosiveLLC/RPG Character Mecanim Animation Pack FREE/Animations/2Hand-Sword/RPG-Character@2Hand-Sword-Run-Right.FBX	458160
Assets/ExplosiveLLC/RPG Character Mecanim Animation Pack FREE/Animations/2Hand-Sword/RPG-Character@2Hand-Sword-Sheath-Back-Unarmed.FBX	492176
Assets/ExplosiveLLC/RPG Character Mecanim Animation Pack FREE/Animations/2Hand-Sword/RPG-Character@2Hand-Sword-Strafe-Backward.FBX	458176
Assets/ExplosiveLLC/RPG Character Mecanim Animation Pack FREE/Animations/2Hand-Sword/RPG-Character@2Hand-Sword-Strafe-Backward-Left.FBX	458192
Assets/ExplosiveLLC/RPG Character Mecanim Animation Pack FREE/Animations/2Hand-Sword/RPG-Character@2Hand-Sword-Strafe-Backward-Right.FBX	458192
Assets/ExplosiveLLC/RPG Character Mecanim Animation Pack FREE/Animations/2Hand-Sword/RPG-Character@2Hand-Sword-Strafe-Forward.FBX	458160
Assets/ExplosiveLLC/RPG Character Mecanim Animation Pack FREE/Animations/2Hand-Sword/RPG-Character@2Hand-Sword-Strafe-Forward-Left.FBX	458176
Assets/ExplosiveLLC/RPG Character Mecanim Animation Pack FREE/Animations/2Hand-Sword/RPG-Character@2Hand-Sword-Strafe-Forward-Right.FBX	458192
Assets/ExplosiveLLC/RPG Character Mecanim Animation Pack FREE/Animations/2Hand-Sword/RPG-Character@2Hand-Sword-Strafe-Left.FBX	458160
Assets/ExplosiveLLC/RPG Character Mecanim Animation Pack FREE/Animations/2Hand-Sword/RPG-Character@2Hand-Sword-Strafe-Right.FBX	458160
Assets/ExplosiveLLC/RPG Character Mecanim Animation Pack FREE/Animations/2Hand-Sword/RPG-Character@2Hand-Sword-Unsheath-Back-Unarmed.FBX	492512
Assets/ExplosiveLLC/RPG Character Mecanim Animation Pack FREE/Animations/2Hand-Sword/RPG-Character@2Hand-Sword-Walk.FBX	458144
Assets/ExplosiveLLC/RPG Character Mecanim Animation Pack FREE/Animations/2Hand-Sword/RPG-Character@2Hand-Sword-Walk-Slow.FBX	595536
Assets/ExplosiveLLC/RPG Character Mecanim Animation Pack FREE/Animations/Unarmed/RPG-Character@Unarmed-Attack-L1.FBX	458128
Assets/ExplosiveLLC/RPG Character Mecanim Animation Pack FREE/Animations/Unarmed/RPG-Character@Unarmed-Attack-L2.FBX	458128
Assets/ExplosiveLLC/RPG Character Mecanim Animation Pack FREE/Animations/Unarmed/RPG-Character@Unarmed-Attack-L3.FBX	458128
Assets/ExplosiveLLC/RPG Character Mecanim Animation Pack FREE/Animations/Unarmed/RPG-Character@Unarmed-Attack-R1.FBX	458128
Assets/ExplosiveLLC/RPG Character Mecanim Animation Pack FREE/Animations/Unarmed/RPG-Character@Unarmed-Attack-R2.FBX	458128
Assets/ExplosiveLLC/RPG Character Mecanim Animation Pack FREE/Animations/Unarmed/RPG-Character@Unarmed-Attack-R3.FBX	458128
Assets/ExplosiveLLC/RPG Character Mecanim Animation Pack FREE/Animations/Unarmed/RPG-Character@Unarmed-DiveRoll-Forward1.FBX	549680
Assets/ExplosiveLLC/RPG Character Mecanim Animation Pack FREE/Animations/Unarmed/RPG-Character@Unarmed-Fall.FBX	503952
Assets/ExplosiveLLC/RPG Character Mecanim Animation Pack FREE/Animations/Unarmed/RPG-Character@Unarmed-GetHit-B1.FBX	578336
Assets/ExplosiveLLC/RPG Character Mecanim Animation Pack FREE/Animations/Unarmed/RPG-Character@Unarmed-GetHit-F1.FBX	578336
Assets/ExplosiveLLC/RPG Character Mecanim Animation Pack FREE/Animations/Unarmed/RPG-Character@Unarmed-GetHit-F2.FBX	578336
Assets/ExplosiveLLC/RPG Character Mecanim Animation Pack FREE/Animations/Unarmed/RPG-Character@Unarmed-GetHit-L1.FBX	578336
Assets/ExplosiveLLC/RPG Character Mecanim Animation Pack FREE/Animations/Unarmed/RPG-Character@Unarmed-GetHit-R1.FBX	578336
Assets/ExplosiveLLC/RPG Character Mecanim Animation Pack FREE/Animations/Unarmed/RPG-Character@Unarmed-Getup1.FBX	1007568
Assets/ExplosiveLLC/RPG Character Mecanim Animation Pack FREE/Animations/Unarmed/RPG-Character@Unarmed-Idle.FBX	606944
Assets/ExplosiveLLC/RPG Character Mecanim Animation Pack FREE/Animations/Unarmed/RPG-Character@Unarmed-Idle-Static.FBX	606896
Assets/ExplosiveLLC/RPG Character Mecanim Animation Pack FREE/Animations/Unarmed/RPG-Character@Unarmed-Jump.FBX	515376
Assets/ExplosiveLLC/RPG Character Mecanim Animation Pack FREE/Animations/Unarmed/RPG-Character@Unarmed-Jump-Flip.FBX	561168
Assets/ExplosiveLLC/RPG Character Mecanim Animation Pack FREE/Animations/Unarmed/RPG-Character@Unarmed-Knockback-Back1.FBX	526784
Assets/ExplosiveLLC/RPG Character Mecanim Animation Pack FREE/Animations/Unarmed/RPG-Character@Unarmed-Knockback-Back2.FBX	469536
Assets/ExplosiveLLC/RPG Character Mecanim Animation Pack FREE/Animations/Unarmed/RPG-Character@Unarmed-Knockdown1.FBX	584000
Assets/ExplosiveLLC/RPG Character Mecanim Animation Pack FREE/Animations/Unarmed/RPG-Character@Unarmed-Run-Backward.FBX	458128
Assets/ExplosiveLLC/RPG Character Mecanim Animation Pack FREE/Animations/Unarmed/RPG-Character@Unarmed-Run-Backward-Left.FBX	458160
Assets/ExplosiveLLC/RPG Character Mecanim Animation Pack FREE/Animations/Unarmed/RPG-Character@Unarmed-Run-Backward-Right.FBX	458160
Assets/ExplosiveLLC/RPG Character Mecanim Animation Pack FREE/Animations/Unarmed/RPG-Character@Unarmed-Run-Forward.FBX	458128
Assets/ExplosiveLLC/RPG Character Mecanim Animation Pack FREE/Animations/Unarmed/RPG-Character@Unarmed-Run-Forward-Attack1-Left.FBX	458112
Assets/ExplosiveLLC/RPG Character Mecanim Animation Pack FREE/Animations/Unarmed/RPG-Character@Unarmed-Run-Forward-Attack1-Right.FBX	458112
Assets/ExplosiveLLC/RPG Character Mecanim Animation Pack FREE/Animations/Unarmed/RPG-Character@Unarmed-Run-Forward-Left.FBX	458144
Assets/ExplosiveLLC/RPG Character Mecanim Animation Pack FREE/Animations/Unarmed/RPG-Character@Unarmed-Run-Forward-Right.FBX	458160
Assets/ExplosiveLLC/RPG Character Mecanim Animation Pack FREE/Animations/Unarmed/RPG-Character@Unarmed-Run-Left.FBX	458112
Assets/ExplosiveLLC/RPG Character Mecanim Animation Pack FREE/Animations/Unarmed/RPG-Character@Unarmed-Run-Right.FBX	458128
Assets/ExplosiveLLC/RPG Character Mecanim Animation Pack FREE/Animations/Unarmed/RPG-Character@Unarmed-Strafe-Backward.FBX	458144
Assets/ExplosiveLLC/RPG Character Mecanim Animation Pack FREE/Animations/Unarmed/RPG-Character@Unarmed-Strafe-Backward-Left.FBX	467216
Assets/ExplosiveLLC/RPG Character Mecanim Animation Pack FREE/Animations/Unarmed/RPG-Character@Unarmed-Strafe-Backward-Right.FBX	469776
Assets/ExplosiveLLC/RPG Character Mecanim Animation Pack FREE/Animations/Unarmed/RPG-Character@Unarmed-Strafe-Forward.FBX	458144
Assets/ExplosiveLLC/RPG Character Mecanim Animation Pack FREE/Animations/Unarmed/RPG-Character@Unarmed-Strafe-Forward-Left.FBX	467216
Assets/ExplosiveLLC/RPG Character Mecanim Animation Pack FREE/Animations/Unarmed/RPG-Character@Unarmed-Strafe-Forward-Right.FBX	467216
Assets/ExplosiveLLC/RPG Character Mecanim Animation Pack FREE/Animations/Unarmed/RPG-Character@Unarmed-Strafe-Left.FBX	458128
Assets/ExplosiveLLC/RPG Character Mecanim Animation Pack FREE/Animations/Unarmed/RPG-Character@Unarmed-Strafe-Right.FBX	458128
Assets/ExplosiveLLC/RPG Character Mecanim Animation Pack FREE/Animations/Unarmed/RPG-Character@Unarmed-Stunned.FBX	664240
Assets/ExplosiveLLC/RPG Character Mecanim Animation Pack FREE/Avatars/RPG-Character-Avatar.ht	1107
Assets/ExplosiveLLC/RPG Character Mecanim Animation Pack FREE/Avatars/RPG-Character-Upperbody-AvatarMask.mask	6604
Assets/ExplosiveLLC/RPG Character Mecanim Animation Pack FREE/Demo Elements/Animation/TargetUpDown.anim	5163
Assets/ExplosiveLLC/RPG Character Mecanim Animation Pack FREE/Demo Elements/Code/CameraController.cs	4193
Assets/ExplosiveLLC/RPG Character Mecanim Animation Pack FREE/Demo Elements/Code/HighJumpTrampoline.cs	1430
Assets/ExplosiveLLC/RPG Character Mecanim Animation Pack FREE/Demo Elements/Code/NoJumpSlime.cs	1106
Assets/ExplosiveLLC/RPG Character Mecanim Animation Pack FREE/Demo Elements/Code/NPC.cs	1258
Assets/ExplosiveLLC/RPG Character Mecanim Animation Pack FREE/Demo Elements/Materials/Crate.mat	3935
Assets/ExplosiveLLC/RPG Character Mecanim Animation Pack FREE/Demo Elements/Materials/NoJumpSlime.mat	3941
Assets/ExplosiveLLC/RPG Character Mecanim Animation Pack FREE/Demo Elements/Materials/Platform.mat	3941
Assets/ExplosiveLLC/RPG Character Mecanim Animation Pack FREE/Demo Elements/Materials/Stage/Water.mat	4216
Assets/ExplosiveLLC/RPG Character Mecanim Animation Pack FREE/Demo Elements/Materials/Target.mat	4229
Assets/ExplosiveLLC/RPG Character Mecanim Animation Pack FREE/Demo Elements/Materials/Trampoline.mat	3938
Assets/ExplosiveLLC/RPG Character Mecanim Animation Pack FREE/Demo Elements/Models/Nav.FBX	51120
Assets/ExplosiveLLC/RPG Character Mecanim Animation Pack FREE/Demo Elements/Models/Stage/Ladder.FBX	50896
Assets/ExplosiveLLC/RPG Character Mecanim Animation Pack FREE/Demo Elements/Models/Stage/NavBlock.FBX	30480
Assets/ExplosiveLLC/RPG Character Mecanim Animation Pack FREE/Demo Elements/Models/Target.FBX	43056
Assets/ExplosiveLLC/RPG Character Mecanim Animation Pack FREE/Demo Elements/Prefabs/Nav.prefab	4312
Assets/ExplosiveLLC/RPG Character Mecanim Animation Pack FREE/Demo Elements/Prefabs/Stage/Rock.prefab	2291
Assets/ExplosiveLLC/RPG Character Mecanim Animation Pack FREE/Demo Elements/Prefabs/Stage/Tree-Stump.prefab	2887
Assets/ExplosiveLLC/RPG Character Mecanim Animation Pack FREE/Demo Elements/Textures/Crate.psd	145640
Assets/ExplosiveLLC/RPG Character Mecanim Animation Pack FREE/Demo Elements/Textures/NoJumpSlime.psd	166675
Assets/ExplosiveLLC/RPG Character Mecanim Animation Pack FREE/Demo Elements/Textures/Platform.psd	164888
Assets/ExplosiveLLC/RPG Character Mecanim Animation Pack FREE/Demo Elements/Textures/Trampoline.psd	120157
Assets/ExplosiveLLC/RPG Character Mecanim Animation Pack FREE/Demo Elements/UI/ControlsCamera.psd	256999
Assets/ExplosiveLLC/RPG Character Mecanim Animation Pack FREE/Demo Elements/UI/ControlsCamera2.psd	174977
Assets/ExplosiveLLC/RPG Character Mecanim Animation Pack FREE/Documentation/RPG Character Mecanim Animation Pack Actions API Reference.url	179
Assets/ExplosiveLLC/RPG Character Mecanim Animation Pack FREE/Documentation/RPG Character Mecanim Animation Pack Component API Reference.url	181
Assets/ExplosiveLLC/RPG Character Mecanim Animation Pack FREE/Documentation/RPG Character Mecanim Animation Pack Extensions Reference.url	179
Assets/ExplosiveLLC/RPG Character Mecanim Animation Pack FREE/Documentation/RPG Character Mecanim Animation Pack ReadMe.url	156
Assets/ExplosiveLLC/RPG Character Mecanim Animation Pack FREE/InputSystem - Requires InputSystem Package.unitypackage	8554
Assets/ExplosiveLLC/RPG Character Mecanim Animation Pack FREE/Materials/RPG-Character.mat	4102
Assets/ExplosiveLLC/RPG Character Mecanim Animation Pack FREE/Models/Characters/BlenderImportSettings.png	104978
Assets/ExplosiveLLC/RPG Character Mecanim Animation Pack FREE/Models/Characters/RPG-Character.FBX	259248
Assets/ExplosiveLLC/RPG Character Mecanim Animation Pack FREE/Models/Characters/RPG-Character-Bones.FBX	264304
Assets/ExplosiveLLC/RPG Character Mecanim Animation Pack FREE/Models/Weapons/2Hand-Sword.FBX	35296
Assets/ExplosiveLLC/RPG Character Mecanim Animation Pack FREE/Prefabs/Character/RPG-Character.prefab	14746
Assets/ExplosiveLLC/RPG Character Mecanim Animation Pack FREE/Prefabs/Character/RPG-Character-NPC.prefab	8389
Assets/ExplosiveLLC/RPG Character Mecanim Animation Pack FREE/Presets/Inputs.preset	36924
Assets/ExplosiveLLC/RPG Character Mecanim Animation Pack FREE/Presets/TagLayers.preset	4819
Assets/ExplosiveLLC/RPG Character Mecanim Animation Pack FREE/Scenes/RPG-Character.unity	71704
Assets/ExplosiveLLC/RPG Character Mecanim Animation Pack FREE/Scenes/RPG-Character/NavMesh.asset	14364
Assets/ExplosiveLLC/RPG Character Mecanim Animation Pack FREE/Scenes/RPG-CharacterSettings.lighting	1982
Assets/ExplosiveLLC/RPG Character Mecanim Animation Pack FREE/Textures/RPG-Character.psd	28284
Assets/ExplosiveLLC/SuperCharacterController/Code/Gravity.cs	462
Assets/ExplosiveLLC/SuperCharacterController/Code/PlayerCamera.cs	1083
Assets/ExplosiveLLC/SuperCharacterController/Code/PlayerInputController.cs	1577
Assets/ExplosiveLLC/SuperCharacterController/Code/PlayerMachine.cs	6127
Assets/ExplosiveLLC/SuperCharacterController/Code/PlayerMachineDebug.cs	599
Assets/ExplosiveLLC/SuperCharacterController/Code/SimpleStateMachine.cs	3306
Assets/ExplosiveLLC/SuperCharacterController/Materials/BluePlastic.mat	3924
Assets/ExplosiveLLC/SuperCharacterController/Materials/Default.mat	3907
Assets/ExplosiveLLC/SuperCharacterController/Materials/GreenWall.mat	3919
Assets/ExplosiveLLC/SuperCharacterController/Materials/GreyGrid.mat	3989
Assets/ExplosiveLLC/SuperCharacterController/Materials/GreyGridLarger.mat	4004
Assets/ExplosiveLLC/SuperCharacterController/Materials/LightBlueWall.mat	3931
Assets/ExplosiveLLC/SuperCharacterController/Materials/NeonGreen.mat	3916
Assets/ExplosiveLLC/SuperCharacterController/Materials/OrangeWall.mat	3932
Assets/ExplosiveLLC/SuperCharacterController/Materials/PurpleWall.mat	3940
Assets/ExplosiveLLC/SuperCharacterController/Materials/RedWall.mat	3918
Assets/ExplosiveLLC/SuperCharacterController/Materials/ReflectiveOrange.mat	3933
Assets/ExplosiveLLC/SuperCharacterController/Materials/Shiny.mat	3902
Assets/ExplosiveLLC/SuperCharacterController/Mesh/DemoZone.FBX	45424
Assets/ExplosiveLLC/SuperCharacterController/Mesh/Platform.FBX	25936
Assets/ExplosiveLLC/SuperCharacterController/Mesh/SphereDemoLevel.FBX	174096
Assets/ExplosiveLLC/SuperCharacterController/Mesh/Staircase.FBX	17632
Assets/ExplosiveLLC/SuperCharacterController/Player.prefab	8779
Assets/ExplosiveLLC/SuperCharacterController/Scenes/LowResTerrain.asset	531788
Assets/ExplosiveLLC/SuperCharacterController/Scenes/SpaceZone.unity	14816
Assets/ExplosiveLLC/SuperCharacterController/Scenes/TerrainTest.unity	15546
Assets/ExplosiveLLC/SuperCharacterController/Scenes/TestTerrain.asset	2645128
Assets/ExplosiveLLC/SuperCharacterController/Scenes/TestZone.unity	44969
Assets/ExplosiveLLC/SuperCharacterController/Scenes/TestZone/LightmapSnapshot.asset	12696
Assets/ExplosiveLLC/SuperCharacterController/Scenes/TestZone/ReflectionProbe-0.exr	134530
Assets/ExplosiveLLC/SuperCharacterController/Scenes/TestZone/SkyboxProbe-0.exr	134530
Assets/ExplosiveLLC/SuperCharacterController/Scenes/TestZoneSettings.lighting	1977
Assets/ExplosiveLLC/SuperCharacterController/SuperCharacterController/Core/BruteForceMesh.cs	5943
Assets/ExplosiveLLC/SuperCharacterController/SuperCharacterController/Core/BSPTree.cs	12304
Assets/ExplosiveLLC/SuperCharacterController/SuperCharacterController/Core/CollisionSphere.cs	287
Assets/ExplosiveLLC/SuperCharacterController/SuperCharacterController/Core/IgnoredCollider.cs	291
Assets/ExplosiveLLC/SuperCharacterController/SuperCharacterController/Core/SuperCharacterController.cs	12180
Assets/ExplosiveLLC/SuperCharacterController/SuperCharacterController/Core/SuperCollider.cs	9606
Assets/ExplosiveLLC/SuperCharacterController/SuperCharacterController/Core/SuperCollision.cs	230
Assets/ExplosiveLLC/SuperCharacterController/SuperCharacterController/Core/SuperCollisionType.cs	329
Assets/ExplosiveLLC/SuperCharacterController/SuperCharacterController/Core/SuperGround.cs	12318
Assets/ExplosiveLLC/SuperCharacterController/SuperCharacterController/Core/SuperMath.cs	1878
Assets/ExplosiveLLC/SuperCharacterController/SuperCharacterController/Core/SuperStateMachine.cs	3321
Assets/ExplosiveLLC/SuperCharacterController/SuperCharacterController/DebugDraw.cs	3007
Assets/ExplosiveLLC/SuperCharacterController/SuperCharacterController/Math3d.cs	25537
Assets/ExplosiveLLC/SuperCharacterController/SuperCharacterController/README.txt	2367
Assets/ExplosiveLLC/SuperCharacterController/SuperCharacterControllerV2_README.pdf	305312
Assets/ExplosiveLLC/SuperCharacterController/Textures/Tile.png	19817
Assets/ExplosiveLLC/Warrior FREE/Code/Actions/ActionHandler.cs	3021
Assets/ExplosiveLLC/Warrior FREE/Code/Actions/BaseActionHandler.cs	5360
Assets/ExplosiveLLC/Warrior FREE/Code/Actions/Character/Attack.cs	1948
Assets/ExplosiveLLC/Warrior FREE/Code/Actions/Character/AttackContext.cs	394
Assets/ExplosiveLLC/Warrior FREE/Code/Actions/Character/SlowTime.cs	600
Assets/ExplosiveLLC/Warrior FREE/Code/Actions/EmptyContext.cs	209
Assets/ExplosiveLLC/Warrior FREE/Code/Actions/InstantActionHandler.cs	1627
Assets/ExplosiveLLC/Warrior FREE/Code/Actions/Movement/DiveRoll.cs	852
Assets/ExplosiveLLC/Warrior FREE/Code/Actions/Movement/DoubleJump.cs	825
Assets/ExplosiveLLC/Warrior FREE/Code/Actions/Movement/Fall.cs	784
Assets/ExplosiveLLC/Warrior FREE/Code/Actions/Movement/GetHit.cs	1392
Assets/ExplosiveLLC/Warrior FREE/Code/Actions/Movement/HitContext.cs	817
Assets/ExplosiveLLC/Warrior FREE/Code/Actions/Movement/Idle.cs	868
Assets/ExplosiveLLC/Warrior FREE/Code/Actions/Movement/Jump.cs	855
Assets/ExplosiveLLC/Warrior FREE/Code/Actions/Movement/Knockback.cs	1584
Assets/ExplosiveLLC/Warrior FREE/Code/Actions/Movement/Knockdown.cs	1584
Assets/ExplosiveLLC/Warrior FREE/Code/Actions/Movement/Move.cs	872
Assets/ExplosiveLLC/Warrior FREE/Code/Actions/Movement/MovementActionHandler.cs	1126
Assets/ExplosiveLLC/Warrior FREE/Code/Actions/Movement/Navigation.cs	935
Assets/ExplosiveLLC/Warrior FREE/Code/Actions/Null.cs	349
Assets/ExplosiveLLC/Warrior FREE/Code/Actions/SimpleActionHandler.cs	1013
Assets/ExplosiveLLC/Warrior FREE/Code/Actions/Weapon/SwitchWeapon.cs	7678
Assets/ExplosiveLLC/Warrior FREE/Code/AnimationData.cs	5021
Assets/ExplosiveLLC/Warrior FREE/Code/AnimationVariations.cs	1398
Assets/ExplosiveLLC/Warrior FREE/Code/AnimatorParentMove.cs	647
Assets/ExplosiveLLC/Warrior FREE/Code/CoroutineQueue.cs	1616
Assets/ExplosiveLLC/Warrior FREE/Code/Extensions/AnimatorExtensions.cs	8470
Assets/ExplosiveLLC/Warrior FREE/Code/Extensions/CollectionExtensions.cs	452
Assets/ExplosiveLLC/Warrior FREE/Code/Extensions/ControllerExtensions.cs	1803
Assets/ExplosiveLLC/Warrior FREE/Code/Extensions/WeaponExtensions.cs	2582
Assets/ExplosiveLLC/Warrior FREE/Code/IKHands.cs	4459
Assets/ExplosiveLLC/Warrior FREE/Code/Lookups/AnimationParameters.cs	1581
Assets/ExplosiveLLC/Warrior FREE/Code/Lookups/Animations/AnimatorTrigger.cs	1126
Assets/ExplosiveLLC/Warrior FREE/Code/Lookups/Animations/DiveRollType.cs	94
Assets/ExplosiveLLC/Warrior FREE/Code/Lookups/Animations/HitType.cs	183
Assets/ExplosiveLLC/Warrior FREE/Code/Lookups/Animations/KnockbackType.cs	132
Assets/ExplosiveLLC/Warrior FREE/Code/Lookups/Animations/KnockdownType.cs	96
Assets/ExplosiveLLC/Warrior FREE/Code/Lookups/Animations/Side.cs	154
Assets/ExplosiveLLC/Warrior FREE/Code/Lookups/Animations/TwoHandedSwordAttack.cs	357
Assets/ExplosiveLLC/Warrior FREE/Code/Lookups/Animations/UnarmedAttack.cs	263
Assets/ExplosiveLLC/Warrior FREE/Code/Lookups/AnimatorWeapon.cs	419
Assets/ExplosiveLLC/Warrior FREE/Code/Lookups/CharacterState.cs	362
Assets/ExplosiveLLC/Warrior FREE/Code/Lookups/HandlerTypes.cs	1343
Assets/ExplosiveLLC/Warrior FREE/Code/Lookups/Weapon.cs	125
Assets/ExplosiveLLC/Warrior FREE/Code/Lookups/WeaponGroupings.cs	179
Assets/ExplosiveLLC/Warrior FREE/Code/RPGCharacterAnimatorEvents.cs	1779
Assets/ExplosiveLLC/Warrior FREE/Code/RPGCharacterController.cs	23445
Assets/ExplosiveLLC/Warrior FREE/Code/RPGCharacterInputController.cs	10338
Assets/ExplosiveLLC/Warrior FREE/Code/RPGCharacterMovementController.cs	21606
Assets/ExplosiveLLC/Warrior FREE/Code/RPGCharacterNavigationController.cs	5325
Assets/ExplosiveLLC/Warrior FREE/Code/RPGCharacterWeaponController.cs	15467
Assets/ExplosiveLLC/Warrior FREE/Code/WarriorAnimatorEvents.cs	888
Assets/ExplosiveLLC/Warrior FREE/Code/WarriorController.cs	10782
Assets/ExplosiveLLC/Warrior FREE/Code/WarriorData.cs	772
Assets/ExplosiveLLC/Warrior FREE/Code/WarriorInputController.cs	1928
Assets/ExplosiveLLC/Warrior FREE/Code/WarriorInputSystemController.cs	547
Assets/ExplosiveLLC/Warrior FREE/Code/WarriorMovementController.cs	7748
Assets/ExplosiveLLC/Warrior FREE/Code/WarriorTiming.cs	1537
Assets/ExplosiveLLC/Warrior FREE/Input Presets.preset	11353
Assets/ExplosiveLLC/Warrior FREE/InputSystem Support - Requires InputSystem Package.unitypackage	4988
Assets/ExplosiveLLC/Warrior FREE/Physic Material/Warrior.physicMaterial	320
Assets/ExplosiveLLC/Warrior FREE/TagLayer Presets.preset	4826
Assets/ExplosiveLLC/Warrior FREE/Warrior Mecanim Animation Pack ReadMe.url	161
Assets/ExplosiveLLC/Warrior Pack Bundle 1 FREE/Brute Warrior Mecanim Animation Pack/Animation Controller/Brute Warrior Animation Controller.controller	17097
Assets/ExplosiveLLC/Warrior Pack Bundle 1 FREE/Brute Warrior Mecanim Animation Pack/Animations/Brute@Attack1.FBX	567664
Assets/ExplosiveLLC/Warrior Pack Bundle 1 FREE/Brute Warrior Mecanim Animation Pack/Animations/Brute@Fall.FBX	483408
Assets/ExplosiveLLC/Warrior Pack Bundle 1 FREE/Brute Warrior Mecanim Animation Pack/Animations/Brute@Idle.FBX	483408
Assets/ExplosiveLLC/Warrior Pack Bundle 1 FREE/Brute Warrior Mecanim Animation Pack/Animations/Brute@Jump.FBX	623808
Assets/ExplosiveLLC/Warrior Pack Bundle 1 FREE/Brute Warrior Mecanim Animation Pack/Animations/Brute@Run.FBX	427248
Assets/ExplosiveLLC/Warrior Pack Bundle 1 FREE/Brute Warrior Mecanim Animation Pack/Animations/Brute@Walk.FBX	494640
Assets/ExplosiveLLC/Warrior Pack Bundle 1 FREE/Brute Warrior Mecanim Animation Pack/Animations/Brute@WalkSlow.FBX	674368
Assets/ExplosiveLLC/Warrior Pack Bundle 1 FREE/Brute Warrior Mecanim Animation Pack/Characters/Brute.FBX	871152
Assets/ExplosiveLLC/Warrior Pack Bundle 1 FREE/Brute Warrior Mecanim Animation Pack/Materials/Brute.mat	3064
Assets/ExplosiveLLC/Warrior Pack Bundle 1 FREE/Brute Warrior Mecanim Animation Pack/Prefabs/Brute Warrior.prefab	8433
Assets/ExplosiveLLC/Warrior Pack Bundle 1 FREE/Brute Warrior Mecanim Animation Pack/Scenes/Brute Warrior.unity	24126
Assets/ExplosiveLLC/Warrior Pack Bundle 1 FREE/Brute Warrior Mecanim Animation Pack/Textures/Brute.psd	29552
Assets/ExplosiveLLC/Warrior Pack Bundle 1 FREE/Karate Warrior Mecanim Animation Pack/Animation Controller/Karate Warrior Animation Controller.controller	17115
Assets/ExplosiveLLC/Warrior Pack Bundle 1 FREE/Karate Warrior Mecanim Animation Pack/Animations/Karate@Attack1.FBX	505888
Assets/ExplosiveLLC/Warrior Pack Bundle 1 FREE/Karate Warrior Mecanim Animation Pack/Animations/Karate@Fall.FBX	483408
Assets/ExplosiveLLC/Warrior Pack Bundle 1 FREE/Karate Warrior Mecanim Animation Pack/Animations/Karate@Idle.FBX	651888
Assets/ExplosiveLLC/Warrior Pack Bundle 1 FREE/Karate Warrior Mecanim Animation Pack/Animations/Karate@Jump.FBX	511488
Assets/ExplosiveLLC/Warrior Pack Bundle 1 FREE/Karate Warrior Mecanim Animation Pack/Animations/Karate@Run.FBX	404784
Assets/ExplosiveLLC/Warrior Pack Bundle 1 FREE/Karate Warrior Mecanim Animation Pack/Animations/Karate@Walk.FBX	449712
Assets/ExplosiveLLC/Warrior Pack Bundle 1 FREE/Karate Warrior Mecanim Animation Pack/Animations/Karate@WalkSlow.FBX	584512
Assets/ExplosiveLLC/Warrior Pack Bundle 1 FREE/Karate Warrior Mecanim Animation Pack/Characters/Karate.FBX	866416
Assets/ExplosiveLLC/Warrior Pack Bundle 1 FREE/Karate Warrior Mecanim Animation Pack/Materials/Karate.mat	3065
Assets/ExplosiveLLC/Warrior Pack Bundle 1 FREE/Karate Warrior Mecanim Animation Pack/Prefabs/Karate Warrior.prefab	8687
Assets/ExplosiveLLC/Warrior Pack Bundle 1 FREE/Karate Warrior Mecanim Animation Pack/Scenes/Karate Warrior.unity	24097
Assets/ExplosiveLLC/Warrior Pack Bundle 1 FREE/Karate Warrior Mecanim Animation Pack/Textures/Karate.psd	24758
Assets/ExplosiveLLC/Warrior Pack Bundle 1 FREE/Ninja Warrior Mecanim Animation Pack/Animation Controller/Ninja Warrior Animation Controller.controller	17097
Assets/ExplosiveLLC/Warrior Pack Bundle 1 FREE/Ninja Warrior Mecanim Animation Pack/Animations/Ninja@Attack1.FBX	460960
Assets/ExplosiveLLC/Warrior Pack Bundle 1 FREE/Ninja Warrior Mecanim Animation Pack/Animations/Ninja@Fall.FBX	483408
Assets/ExplosiveLLC/Warrior Pack Bundle 1 FREE/Ninja Warrior Mecanim Animation Pack/Animations/Ninja@Idle.FBX	539568
Assets/ExplosiveLLC/Warrior Pack Bundle 1 FREE/Ninja Warrior Mecanim Animation Pack/Animations/Ninja@Jump.FBX	511488
Assets/ExplosiveLLC/Warrior Pack Bundle 1 FREE/Ninja Warrior Mecanim Animation Pack/Animations/Ninja@Run.FBX	404784
Assets/ExplosiveLLC/Warrior Pack Bundle 1 FREE/Ninja Warrior Mecanim Animation Pack/Animations/Ninja@Walk.FBX	449712
Assets/ExplosiveLLC/Warrior Pack Bundle 1 FREE/Ninja Warrior Mecanim Animation Pack/Animations/Ninja@WalkSlow.FBX	584512
Assets/ExplosiveLLC/Warrior Pack Bundle 1 FREE/Ninja Warrior Mecanim Animation Pack/Characters/Ninja.FBX	762576
Assets/ExplosiveLLC/Warrior Pack Bundle 1 FREE/Ninja Warrior Mecanim Animation Pack/Materials/Ninja.mat	3083
Assets/ExplosiveLLC/Warrior Pack Bundle 1 FREE/Ninja Warrior Mecanim Animation Pack/Prefabs/Ninja Warrior.prefab	8646
Assets/ExplosiveLLC/Warrior Pack Bundle 1 FREE/Ninja Warrior Mecanim Animation Pack/Scenes/Ninja Warrior.unity	25932
Assets/ExplosiveLLC/Warrior Pack Bundle 1 FREE/Ninja Warrior Mecanim Animation Pack/Textures/Ninja.psd	26814
Assets/ExplosiveLLC/Warrior Pack Bundle 1 FREE/Sorceress Warrior Mecanim Animation Pack/Animation Controller/Sorceress Warrior Animation Controller.controller	16859
Assets/ExplosiveLLC/Warrior Pack Bundle 1 FREE/Sorceress Warrior Mecanim Animation Pack/Animations/Crafter@Carry-Handoff.FBX	1161568
Assets/ExplosiveLLC/Warrior Pack Bundle 1 FREE/Sorceress Warrior Mecanim Animation Pack/Animations/Crafter@Carry-Idle.FBX	1456592
Assets/ExplosiveLLC/Warrior Pack Bundle 1 FREE/Sorceress Warrior Mecanim Animation Pack/Animations/Crafter@Carry-Pickup.FBX	1161520
Assets/ExplosiveLLC/Warrior Pack Bundle 1 FREE/Sorceress Warrior Mecanim Animation Pack/Animations/Crafter@Carry-Putdown.FBX	1161536
Assets/ExplosiveLLC/Warrior Pack Bundle 1 FREE/Sorceress Warrior Mecanim Animation Pack/Animations/Crafter@Carry-Recieve.FBX	1161568
Assets/ExplosiveLLC/Warrior Pack Bundle 1 FREE/Sorceress Warrior Mecanim Animation Pack/Animations/Crafter@Carry-WalkForward.FBX	1033296
Assets/ExplosiveLLC/Warrior Pack Bundle 1 FREE/Sorceress Warrior Mecanim Animation Pack/Animations/Crafter@Idle.FBX	1441440
Assets/ExplosiveLLC/Warrior Pack Bundle 1 FREE/Sorceress Warrior Mecanim Animation Pack/Animations/Crafter@WalkForward.FBX	1004704
Assets/ExplosiveLLC/Warrior Pack Bundle 1 FREE/Sorceress Warrior Mecanim Animation Pack/Animations/Sorceress@Attack1.FBX	539600
Assets/ExplosiveLLC/Warrior Pack Bundle 1 FREE/Sorceress Warrior Mecanim Animation Pack/Animations/Sorceress@Fall.FBX	483424
Assets/ExplosiveLLC/Warrior Pack Bundle 1 FREE/Sorceress Warrior Mecanim Animation Pack/Animations/Sorceress@Idle.FBX	651904
Assets/ExplosiveLLC/Warrior Pack Bundle 1 FREE/Sorceress Warrior Mecanim Animation Pack/Animations/Sorceress@Jump.FBX	595760
Assets/ExplosiveLLC/Warrior Pack Bundle 1 FREE/Sorceress Warrior Mecanim Animation Pack/Animations/Sorceress@Run.FBX	651904
Assets/ExplosiveLLC/Warrior Pack Bundle 1 FREE/Sorceress Warrior Mecanim Animation Pack/Animations/Sorceress@Stunned.FBX	651920
Assets/ExplosiveLLC/Warrior Pack Bundle 1 FREE/Sorceress Warrior Mecanim Animation Pack/Animations/Sorceress@Walk.FBX	651904
Assets/ExplosiveLLC/Warrior Pack Bundle 1 FREE/Sorceress Warrior Mecanim Animation Pack/Characters/Crafter FREE.FBX	1429520
Assets/ExplosiveLLC/Warrior Pack Bundle 1 FREE/Sorceress Warrior Mecanim Animation Pack/Characters/Sorceress.FBX	2309440
Assets/ExplosiveLLC/Warrior Pack Bundle 1 FREE/Sorceress Warrior Mecanim Animation Pack/Characters/Sorceress-Hair.FBX	36880
Assets/ExplosiveLLC/Warrior Pack Bundle 1 FREE/Sorceress Warrior Mecanim Animation Pack/Materials/Crafter FREE.mat	3072
Assets/ExplosiveLLC/Warrior Pack Bundle 1 FREE/Sorceress Warrior Mecanim Animation Pack/Materials/Sorceress.mat	3197
Assets/ExplosiveLLC/Warrior Pack Bundle 1 FREE/Sorceress Warrior Mecanim Animation Pack/Prefabs/Crafter Animation Controller FREE.controller	138580
Assets/ExplosiveLLC/Warrior Pack Bundle 1 FREE/Sorceress Warrior Mecanim Animation Pack/Prefabs/Crafter FREE.prefab	47760
Assets/ExplosiveLLC/Warrior Pack Bundle 1 FREE/Sorceress Warrior Mecanim Animation Pack/Prefabs/Sorceress Warrior.prefab	19993
Assets/ExplosiveLLC/Warrior Pack Bundle 1 FREE/Sorceress Warrior Mecanim Animation Pack/Scenes/Sorceress Warrior.unity	24354
Assets/ExplosiveLLC/Warrior Pack Bundle 1 FREE/Sorceress Warrior Mecanim Animation Pack/Textures/Crafter FREE.psd	28706
Assets/ExplosiveLLC/Warrior Pack Bundle 1 FREE/Sorceress Warrior Mecanim Animation Pack/Textures/Sorceress.psd	23894
Assets/ExplosiveLLC/Warrior Pack Bundle 2 FREE/2 Handed Warrior Mecanim Animation Pack/Animation Controller/2Handed Warrior Animation Controller.controller	17116
Assets/ExplosiveLLC/Warrior Pack Bundle 2 FREE/2 Handed Warrior Mecanim Animation Pack/Animations/2Handed@Attack1.FBX	539584
Assets/ExplosiveLLC/Warrior Pack Bundle 2 FREE/2 Handed Warrior Mecanim Animation Pack/Animations/2Handed@Fall.FBX	483392
Assets/ExplosiveLLC/Warrior Pack Bundle 2 FREE/2 Handed Warrior Mecanim Animation Pack/Animations/2Handed@Idle.FBX	651904
Assets/ExplosiveLLC/Warrior Pack Bundle 2 FREE/2 Handed Warrior Mecanim Animation Pack/Animations/2Handed@Jump.FBX	556400
Assets/ExplosiveLLC/Warrior Pack Bundle 2 FREE/2 Handed Warrior Mecanim Animation Pack/Animations/2Handed@Run.FBX	404768
Assets/ExplosiveLLC/Warrior Pack Bundle 2 FREE/2 Handed Warrior Mecanim Animation Pack/Animations/2Handed@Walk.FBX	449728
Assets/ExplosiveLLC/Warrior Pack Bundle 2 FREE/2 Handed Warrior Mecanim Animation Pack/Animations/2Handed@WalkSlow.FBX	584528
Assets/ExplosiveLLC/Warrior Pack Bundle 2 FREE/2 Handed Warrior Mecanim Animation Pack/Avatar Mask/2Handed UpperBody AvatarMask.mask	6080
Assets/ExplosiveLLC/Warrior Pack Bundle 2 FREE/2 Handed Warrior Mecanim Animation Pack/Characters/2Handed.FBX	833376
Assets/ExplosiveLLC/Warrior Pack Bundle 2 FREE/2 Handed Warrior Mecanim Animation Pack/Materials/2Handed.mat	3066
Assets/ExplosiveLLC/Warrior Pack Bundle 2 FREE/2 Handed Warrior Mecanim Animation Pack/Prefabs/2Handed Warrior.prefab	68845
Assets/ExplosiveLLC/Warrior Pack Bundle 2 FREE/2 Handed Warrior Mecanim Animation Pack/Scenes/2Handed.unity	24107
Assets/ExplosiveLLC/Warrior Pack Bundle 2 FREE/2 Handed Warrior Mecanim Animation Pack/Textures/2Handed.psd	34352
Assets/ExplosiveLLC/Warrior Pack Bundle 2 FREE/Archer Warrior Mecanim Animation Pack/Animation Controller/Archer Warrior Animation Controller.controller	17098
Assets/ExplosiveLLC/Warrior Pack Bundle 2 FREE/Archer Warrior Mecanim Animation Pack/Animations/Archer@Attack1.FBX	483424
Assets/ExplosiveLLC/Warrior Pack Bundle 2 FREE/Archer Warrior Mecanim Animation Pack/Animations/Archer@Fall.FBX	483408
Assets/ExplosiveLLC/Warrior Pack Bundle 2 FREE/Archer Warrior Mecanim Animation Pack/Animations/Archer@Idle1.FBX	651904
Assets/ExplosiveLLC/Warrior Pack Bundle 2 FREE/Archer Warrior Mecanim Animation Pack/Animations/Archer@Jump.FBX	539568
Assets/ExplosiveLLC/Warrior Pack Bundle 2 FREE/Archer Warrior Mecanim Animation Pack/Animations/Archer@Run.FBX	404784
Assets/ExplosiveLLC/Warrior Pack Bundle 2 FREE/Archer Warrior Mecanim Animation Pack/Animations/Archer@Walk.FBX	449712
Assets/ExplosiveLLC/Warrior Pack Bundle 2 FREE/Archer Warrior Mecanim Animation Pack/Animations/Archer@WalkSlow.FBX	584512
Assets/ExplosiveLLC/Warrior Pack Bundle 2 FREE/Archer Warrior Mecanim Animation Pack/Avatar Mask/Archer UpperBody AvatarMask.mask	6115
Assets/ExplosiveLLC/Warrior Pack Bundle 2 FREE/Archer Warrior Mecanim Animation Pack/Characters/Archer.FBX	934752
Assets/ExplosiveLLC/Warrior Pack Bundle 2 FREE/Archer Warrior Mecanim Animation Pack/Characters/Archer-Arrow.FBX	53488
Assets/ExplosiveLLC/Warrior Pack Bundle 2 FREE/Archer Warrior Mecanim Animation Pack/Characters/Archer-Bow.FBX	52256
Assets/ExplosiveLLC/Warrior Pack Bundle 2 FREE/Archer Warrior Mecanim Animation Pack/Materials/Archer.mat	3066
Assets/ExplosiveLLC/Warrior Pack Bundle 2 FREE/Archer Warrior Mecanim Animation Pack/Prefabs/Archer Warrior.prefab	9632
Assets/ExplosiveLLC/Warrior Pack Bundle 2 FREE/Archer Warrior Mecanim Animation Pack/Scenes/Archer Warrior.unity	24103
Assets/ExplosiveLLC/Warrior Pack Bundle 2 FREE/Archer Warrior Mecanim Animation Pack/Textures/Archer.psd	24710
Assets/ExplosiveLLC/Warrior Pack Bundle 2 FREE/Knight Warrior Mecanim Animation Pack/Animation Controller/Knight Warrior Animation Controller.controller	17098
Assets/ExplosiveLLC/Warrior Pack Bundle 2 FREE/Knight Warrior Mecanim Animation Pack/Animations/Knight@Attack1.FBX	455344
Assets/ExplosiveLLC/Warrior Pack Bundle 2 FREE/Knight Warrior Mecanim Animation Pack/Animations/Knight@Fall.FBX	483408
Assets/ExplosiveLLC/Warrior Pack Bundle 2 FREE/Knight Warrior Mecanim Animation Pack/Animations/Knight@Idle.FBX	651888
Assets/ExplosiveLLC/Warrior Pack Bundle 2 FREE/Knight Warrior Mecanim Animation Pack/Animations/Knight@Jump.FBX	556416
Assets/ExplosiveLLC/Warrior Pack Bundle 2 FREE/Knight Warrior Mecanim Animation Pack/Animations/Knight@Run.FBX	404784
Assets/ExplosiveLLC/Warrior Pack Bundle 2 FREE/Knight Warrior Mecanim Animation Pack/Animations/Knight@Walk.FBX	449712
Assets/ExplosiveLLC/Warrior Pack Bundle 2 FREE/Knight Warrior Mecanim Animation Pack/Animations/Knight@WalkSlow.FBX	584512
Assets/ExplosiveLLC/Warrior Pack Bundle 2 FREE/Knight Warrior Mecanim Animation Pack/Characters/Knight.FBX	889104
Assets/ExplosiveLLC/Warrior Pack Bundle 2 FREE/Knight Warrior Mecanim Animation Pack/Materials/Knight.mat	3066
Assets/ExplosiveLLC/Warrior Pack Bundle 2 FREE/Knight Warrior Mecanim Animation Pack/Prefabs/Knight Warrior.prefab	69446
Assets/ExplosiveLLC/Warrior Pack Bundle 2 FREE/Knight Warrior Mecanim Animation Pack/Scenes/Knight Warrior.unity	24106
Assets/ExplosiveLLC/Warrior Pack Bundle 2 FREE/Knight Warrior Mecanim Animation Pack/Textures/Knight.psd	32356
Assets/ExplosiveLLC/Warrior Pack Bundle 2 FREE/Mage Warrior Mecanim Animation Pack/Animation Controller/Mage Warrior Animation Controller.controller	17096
Assets/ExplosiveLLC/Warrior Pack Bundle 2 FREE/Mage Warrior Mecanim Animation Pack/Animations/Mage@Attack1.FBX	539568
Assets/ExplosiveLLC/Warrior Pack Bundle 2 FREE/Mage Warrior Mecanim Animation Pack/Animations/Mage@Fall.FBX	483392
Assets/ExplosiveLLC/Warrior Pack Bundle 2 FREE/Mage Warrior Mecanim Animation Pack/Animations/Mage@Idle.FBX	651888
Assets/ExplosiveLLC/Warrior Pack Bundle 2 FREE/Mage Warrior Mecanim Animation Pack/Animations/Mage@Jump.FBX	567648
Assets/ExplosiveLLC/Warrior Pack Bundle 2 FREE/Mage Warrior Mecanim Animation Pack/Animations/Mage@Run.FBX	404768
Assets/ExplosiveLLC/Warrior Pack Bundle 2 FREE/Mage Warrior Mecanim Animation Pack/Animations/Mage@Walk.FBX	449712
Assets/ExplosiveLLC/Warrior Pack Bundle 2 FREE/Mage Warrior Mecanim Animation Pack/Animations/Mage@WalkSlow.FBX	584496
Assets/ExplosiveLLC/Warrior Pack Bundle 2 FREE/Mage Warrior Mecanim Animation Pack/Characters/Mage.FBX	848688
Assets/ExplosiveLLC/Warrior Pack Bundle 2 FREE/Mage Warrior Mecanim Animation Pack/Materials/Mage.mat	3064
Assets/ExplosiveLLC/Warrior Pack Bundle 2 FREE/Mage Warrior Mecanim Animation Pack/Prefabs/Mage Warrior.prefab	66823
Assets/ExplosiveLLC/Warrior Pack Bundle 2 FREE/Mage Warrior Mecanim Animation Pack/Scenes/Mage Warrior.unity	24101
Assets/ExplosiveLLC/Warrior Pack Bundle 2 FREE/Mage Warrior Mecanim Animation Pack/Textures/Mage.psd	32982
Assets/ExplosiveLLC/Warrior Pack Bundle 3 FREE/Crossbow Warrior Mecanim Animation Pack/Animation Controller/Crossbow Warrior Animation Controller.controller	17100
Assets/ExplosiveLLC/Warrior Pack Bundle 3 FREE/Crossbow Warrior Mecanim Animation Pack/Animations/Crossbow@Attack1.FBX	505904
Assets/ExplosiveLLC/Warrior Pack Bundle 3 FREE/Crossbow Warrior Mecanim Animation Pack/Animations/Crossbow@Fall.FBX	483424
Assets/ExplosiveLLC/Warrior Pack Bundle 3 FREE/Crossbow Warrior Mecanim Animation Pack/Animations/Crossbow@Idle.FBX	651904
Assets/ExplosiveLLC/Warrior Pack Bundle 3 FREE/Crossbow Warrior Mecanim Animation Pack/Animations/Crossbow@Jump.FBX	539568
Assets/ExplosiveLLC/Warrior Pack Bundle 3 FREE/Crossbow Warrior Mecanim Animation Pack/Animations/Crossbow@Run.FBX	416032
Assets/ExplosiveLLC/Warrior Pack Bundle 3 FREE/Crossbow Warrior Mecanim Animation Pack/Animations/Crossbow@Walk.FBX	449728
Assets/ExplosiveLLC/Warrior Pack Bundle 3 FREE/Crossbow Warrior Mecanim Animation Pack/Animations/Crossbow@WalkSlow.FBX	584528
Assets/ExplosiveLLC/Warrior Pack Bundle 3 FREE/Crossbow Warrior Mecanim Animation Pack/Avatar Mask/Crossbow UpperBody AvatarMask.mask	6080
Assets/ExplosiveLLC/Warrior Pack Bundle 3 FREE/Crossbow Warrior Mecanim Animation Pack/Characters/Crossbow.FBX	911360
Assets/ExplosiveLLC/Warrior Pack Bundle 3 FREE/Crossbow Warrior Mecanim Animation Pack/Characters/Crossbow-Hair.FBX	36880
Assets/ExplosiveLLC/Warrior Pack Bundle 3 FREE/Crossbow Warrior Mecanim Animation Pack/Materials/Crossbow.mat	3144
Assets/ExplosiveLLC/Warrior Pack Bundle 3 FREE/Crossbow Warrior Mecanim Animation Pack/Prefabs/Crossbow Warrior.prefab	23004
Assets/ExplosiveLLC/Warrior Pack Bundle 3 FREE/Crossbow Warrior Mecanim Animation Pack/Scenes/Crossbow Warrior.unity	23734
Assets/ExplosiveLLC/Warrior Pack Bundle 3 FREE/Crossbow Warrior Mecanim Animation Pack/Textures/Crossbow.psd	26376
Assets/ExplosiveLLC/Warrior Pack Bundle 3 FREE/Hammer Warrior Mecanim Animation Pack/Animation Controller/Hammer Warrior Animation Controller.controller	17098
Assets/ExplosiveLLC/Warrior Pack Bundle 3 FREE/Hammer Warrior Mecanim Animation Pack/Animations/Hammer@Attack1.FBX	606976
Assets/ExplosiveLLC/Warrior Pack Bundle 3 FREE/Hammer Warrior Mecanim Animation Pack/Animations/Hammer@Fall.FBX	483408
Assets/ExplosiveLLC/Warrior Pack Bundle 3 FREE/Hammer Warrior Mecanim Animation Pack/Animations/Hammer@Idle.FBX	651888
Assets/ExplosiveLLC/Warrior Pack Bundle 3 FREE/Hammer Warrior Mecanim Animation Pack/Animations/Hammer@Jump.FBX	623808
Assets/ExplosiveLLC/Warrior Pack Bundle 3 FREE/Hammer Warrior Mecanim Animation Pack/Animations/Hammer@Run.FBX	449712
Assets/ExplosiveLLC/Warrior Pack Bundle 3 FREE/Hammer Warrior Mecanim Animation Pack/Animations/Hammer@Walk.FBX	494640
Assets/ExplosiveLLC/Warrior Pack Bundle 3 FREE/Hammer Warrior Mecanim Animation Pack/Animations/Hammer@WalkSlow.FBX	674368
Assets/ExplosiveLLC/Warrior Pack Bundle 3 FREE/Hammer Warrior Mecanim Animation Pack/Characters/Hammer.FBX	823296
Assets/ExplosiveLLC/Warrior Pack Bundle 3 FREE/Hammer Warrior Mecanim Animation Pack/Materials/Hammer.mat	3066
Assets/ExplosiveLLC/Warrior Pack Bundle 3 FREE/Hammer Warrior Mecanim Animation Pack/Prefabs/Hammer Warrior.prefab	11640
Assets/ExplosiveLLC/Warrior Pack Bundle 3 FREE/Hammer Warrior Mecanim Animation Pack/Scenes/Hammer Warrior.unity	23626
Assets/ExplosiveLLC/Warrior Pack Bundle 3 FREE/Hammer Warrior Mecanim Animation Pack/Textures/Hammer.psd	32286
Assets/ExplosiveLLC/Warrior Pack Bundle 3 FREE/Spearman Warrior Mecanim Animation Pack/Animation Controller/Spearman Warrior Animation Controller.controller	17100
Assets/ExplosiveLLC/Warrior Pack Bundle 3 FREE/Spearman Warrior Mecanim Animation Pack/Animations/Spearman@Attack1.FBX	505904
Assets/ExplosiveLLC/Warrior Pack Bundle 3 FREE/Spearman Warrior Mecanim Animation Pack/Animations/Spearman@Fall.FBX	483424
Assets/ExplosiveLLC/Warrior Pack Bundle 3 FREE/Spearman Warrior Mecanim Animation Pack/Animations/Spearman@Idle.FBX	651904
Assets/ExplosiveLLC/Warrior Pack Bundle 3 FREE/Spearman Warrior Mecanim Animation Pack/Animations/Spearman@Jump.FBX	511504
Assets/ExplosiveLLC/Warrior Pack Bundle 3 FREE/Spearman Warrior Mecanim Animation Pack/Animations/Spearman@Run.FBX	404800
Assets/ExplosiveLLC/Warrior Pack Bundle 3 FREE/Spearman Warrior Mecanim Animation Pack/Animations/Spearman@Walk.FBX	449728
Assets/ExplosiveLLC/Warrior Pack Bundle 3 FREE/Spearman Warrior Mecanim Animation Pack/Animations/Spearman@WalkSlow.FBX	584528
Assets/ExplosiveLLC/Warrior Pack Bundle 3 FREE/Spearman Warrior Mecanim Animation Pack/Characters/Spearman.FBX	904144
Assets/ExplosiveLLC/Warrior Pack Bundle 3 FREE/Spearman Warrior Mecanim Animation Pack/Materials/Spearman.mat	3067
Assets/ExplosiveLLC/Warrior Pack Bundle 3 FREE/Spearman Warrior Mecanim Animation Pack/Prefabs/Spearman Warrior.prefab	11728
Assets/ExplosiveLLC/Warrior Pack Bundle 3 FREE/Spearman Warrior Mecanim Animation Pack/Scenes/Spearman Warrior.unity	23714
Assets/ExplosiveLLC/Warrior Pack Bundle 3 FREE/Spearman Warrior Mecanim Animation Pack/Textures/Spearman.psd	31446
Assets/ExplosiveLLC/Warrior Pack Bundle 3 FREE/Swordsman Warrior Mecanim Animation Pack/Animation Controller/Swordsman Warrior Animation Controller.controller	17101
Assets/ExplosiveLLC/Warrior Pack Bundle 3 FREE/Swordsman Warrior Mecanim Animation Pack/Animations/Swordsman@Attack1.FBX	511520
Assets/ExplosiveLLC/Warrior Pack Bundle 3 FREE/Swordsman Warrior Mecanim Animation Pack/Animations/Swordsman@Fall.FBX	483424
Assets/ExplosiveLLC/Warrior Pack Bundle 3 FREE/Swordsman Warrior Mecanim Animation Pack/Animations/Swordsman@Idle.FBX	651904
Assets/ExplosiveLLC/Warrior Pack Bundle 3 FREE/Swordsman Warrior Mecanim Animation Pack/Animations/Swordsman@Jump.FBX	550816
Assets/ExplosiveLLC/Warrior Pack Bundle 3 FREE/Swordsman Warrior Mecanim Animation Pack/Animations/Swordsman@Run.FBX	404800
Assets/ExplosiveLLC/Warrior Pack Bundle 3 FREE/Swordsman Warrior Mecanim Animation Pack/Animations/Swordsman@Walk.FBX	449728
Assets/ExplosiveLLC/Warrior Pack Bundle 3 FREE/Swordsman Warrior Mecanim Animation Pack/Animations/Swordsman@WalkSlow.FBX	584528
Assets/ExplosiveLLC/Warrior Pack Bundle 3 FREE/Swordsman Warrior Mecanim Animation Pack/Characters/Swordsman.FBX	927712
Assets/ExplosiveLLC/Warrior Pack Bundle 3 FREE/Swordsman Warrior Mecanim Animation Pack/Materials/Swordsman.mat	3068
Assets/ExplosiveLLC/Warrior Pack Bundle 3 FREE/Swordsman Warrior Mecanim Animation Pack/Prefabs/Swordsman Warrior.prefab	8700
Assets/ExplosiveLLC/Warrior Pack Bundle 3 FREE/Swordsman Warrior Mecanim Animation Pack/Scenes/Swordsman Warrior.unity	25973
Assets/ExplosiveLLC/Warrior Pack Bundle 3 FREE/Swordsman Warrior Mecanim Animation Pack/Textures/Swordsman.psd	30158
Assets/Fonts/Kenney Future Narrow.ttf	34856
Assets/Fonts/License.txt	564
Assets/Free medieval weapons/Materials/Arrows_Arrows_AlbedoTransparency.mat	4205
Assets/Free medieval weapons/Materials/DoubleSided_Axes_low_Axes_DS_AlbedoTransparency.mat	4164
Assets/Free medieval weapons/Materials/OneSided_Axes_low_Axes_OS_AlbedoTransparency.mat	4217
Assets/Free medieval weapons/Materials/Swords_DH_low_Sword_DH_AlbedoTransparency.mat	4214
Assets/Free medieval weapons/Materials/Swords_low_Swords_OH_AlbedoTransparency.mat	4211
Assets/Free medieval weapons/Materials/Wooden Bow_1_Wooden Bow_1_AlbedoTransparency.mat	4218
Assets/Free medieval weapons/Models/Arrow_stick.fbx	19244
Assets/Free medieval weapons/Models/arrowhead.fbx	18700
Assets/Free medieval weapons/Models/Weapons.fbx	169436
Assets/Free medieval weapons/Models/Wooden Bow.fbx	192540
Assets/Free medieval weapons/Prefabs/Arrow.prefab	6345
Assets/Free medieval weapons/Prefabs/Axe_DS.prefab	2403
Assets/Free medieval weapons/Prefabs/Axe_OS.prefab	2403
Assets/Free medieval weapons/Prefabs/Sword_DH.prefab	2405
Assets/Free medieval weapons/Prefabs/Sword_OH.prefab	2405
Assets/Free medieval weapons/Prefabs/Wooden Bow.prefab	29374
Assets/Free medieval weapons/README.txt	243
Assets/Free medieval weapons/Scenes/Free medieval weapons.unity	17126
Assets/Free medieval weapons/Textures/Arrows_Arrows_AlbedoTransparency.png	997141
Assets/Free medieval weapons/Textures/Arrows_Arrows_AO.png	164611
Assets/Free medieval weapons/Textures/Arrows_Arrows_MetallicSmoothness.png	268334
Assets/Free medieval weapons/Textures/Arrows_Arrows_Normal.png	905566
Assets/Free medieval weapons/Textures/DoubleSided_Axes_low_Axes_DS_AlbedoTransparency.png	6581498
Assets/Free medieval weapons/Textures/DoubleSided_Axes_low_Axes_DS_AO.png	1308026
Assets/Free medieval weapons/Textures/DoubleSided_Axes_low_Axes_DS_MetallicSmoothness.png	3464666
Assets/Free medieval weapons/Textures/DoubleSided_Axes_low_Axes_DS_Normal.png	5877221
Assets/Free medieval weapons/Textures/OneSided_Axes_low_Axes_OS_AlbedoTransparency.png	6098368
Assets/Free medieval weapons/Textures/OneSided_Axes_low_Axes_OS_AO.png	1194605
Assets/Free medieval weapons/Textures/OneSided_Axes_low_Axes_OS_MetallicSmoothness.png	3357855
Assets/Free medieval weapons/Textures/OneSided_Axes_low_Axes_OS_Normal.png	5828820
Assets/Free medieval weapons/Textures/Swords_DH_low_Sword_DH_AlbedoTransparency.png	6882174
Assets/Free medieval weapons/Textures/Swords_DH_low_Sword_DH_AO.png	1107867
Assets/Free medieval weapons/Textures/Swords_DH_low_Sword_DH_MetallicSmoothness.png	3909743
Assets/Free medieval weapons/Textures/Swords_DH_low_Sword_DH_Normal_001.png	5053592
Assets/Free medieval weapons/Textures/Swords_low_Swords_OH_AlbedoTransparency.png	6025742
Assets/Free medieval weapons/Textures/Swords_low_Swords_OH_AO.png	826238
Assets/Free medieval weapons/Textures/Swords_low_Swords_OH_MetallicSmoothness.png	3437715
Assets/Free medieval weapons/Textures/Swords_low_Swords_OH_Normal.png	4173592
Assets/Free medieval weapons/Textures/Wooden Bow_1_Wooden Bow_1_AlbedoTransparency.png	898259
Assets/Free medieval weapons/Textures/Wooden Bow_1_Wooden Bow_1_AO.png	124390
Assets/Free medieval weapons/Textures/Wooden Bow_1_Wooden Bow_1_MetallicSmoothness.png	281340
Assets/Free medieval weapons/Textures/Wooden Bow_1_Wooden Bow_1_Normal.png	772643
Assets/Game Assets/Aegis77/Grenades testing/Audio/Explosion1.wav	248910
Assets/Game Assets/Aegis77/Grenades testing/Audio/Explosion2.wav	247852
Assets/Game Assets/Aegis77/Grenades testing/Audio/Explosion3.wav	247852
Assets/Game Assets/Aegis77/Grenades testing/Audio/Impact.wav	88244
Assets/Game Assets/Aegis77/Grenades testing/Audio/Pickup.wav	88244
Assets/Game Assets/Aegis77/Grenades testing/Audio/Throw.wav	88244
Assets/Game Assets/Aegis77/Grenades testing/Lighting Settings.lighting	1868
Assets/Game Assets/Aegis77/Grenades testing/Materials/Barrel Physics mat.physicMaterial	335
Assets/Game Assets/Aegis77/Grenades testing/Materials/Blueprint_mat.mat	3896
Assets/Game Assets/Aegis77/Grenades testing/Materials/Clean Black Barrel_mat.mat	4015
Assets/Game Assets/Aegis77/Grenades testing/Materials/Embers_mat.mat	4118
Assets/Game Assets/Aegis77/Grenades testing/Materials/Explosion_mat.mat	4441
Assets/Game Assets/Aegis77/Grenades testing/Materials/Grenade Physics Mat.physicMaterial	338
Assets/Game Assets/Aegis77/Grenades testing/Materials/High-ex Grenade_mat.mat	3958
Assets/Game Assets/Aegis77/Grenades testing/Materials/RedGlow.mat	3850
Assets/Game Assets/Aegis77/Grenades testing/Materials/Shockwave_mat.mat	4194
Assets/Game Assets/Aegis77/Grenades testing/Materials/Smoke_mat.mat	4387
Assets/Game Assets/Aegis77/Grenades testing/Meshes/Barrel.fbx	214892
Assets/Game Assets/Aegis77/Grenades testing/Meshes/Hi-Ex Grenade Pickup 1.fbx	131724
Assets/Game Assets/Aegis77/Grenades testing/Meshes/Hi-Ex Grenade Thrown 1.fbx	98284
Assets/Game Assets/Aegis77/Grenades testing/Prefabs/AudioSourcePrefab.prefab	3006
Assets/Game Assets/Aegis77/Grenades testing/Prefabs/Barrel.prefab	7872
Assets/Game Assets/Aegis77/Grenades testing/Prefabs/Explosion.prefab	709433
Assets/Game Assets/Aegis77/Grenades testing/Prefabs/Hi-Ex Grenade Pickup.prefab	8152
Assets/Game Assets/Aegis77/Grenades testing/Prefabs/Hi-Ex Grenade Thrown.prefab	16771
Assets/Game Assets/Aegis77/Grenades testing/README.txt	2305
Assets/Game Assets/Aegis77/Grenades testing/Scenes/Test Scene.unity	79303
Assets/Game Assets/Aegis77/Grenades testing/Scenes/Test Scene/LightingData.asset	18192
Assets/Game Assets/Aegis77/Grenades testing/Scenes/Test Scene/ReflectionProbe-0.exr	164004
Assets/Game Assets/Aegis77/Grenades testing/Scripts/DamageHandler.cs	780
Assets/Game Assets/Aegis77/Grenades testing/Scripts/GrenadePickup.cs	1231
Assets/Game Assets/Aegis77/Grenades testing/Scripts/GrenadeSystem.cs	3377
Assets/Game Assets/Aegis77/Grenades testing/Scripts/HiEx Grenade.cs	6880
Assets/Game Assets/Aegis77/Grenades testing/Scripts/PlayerController.cs	2350
Assets/Game Assets/Aegis77/Grenades testing/Textures/3k Hi-Ex Grenade Texture.png	11084390
Assets/Game Assets/Aegis77/Grenades testing/Textures/Blueprint.png	9973
Assets/Game Assets/Aegis77/Grenades testing/Textures/Explosion.png	3087212
Assets/Game Assets/Aegis77/Grenades testing/Textures/grenadeoutline_color.png	112104
Assets/Game Assets/Aegis77/Grenades testing/Textures/grenadeoutline_white.png	9557
Assets/Game Assets/Aegis77/Grenades testing/Textures/Metal Barrel Texture.png	13659230
Assets/Game Assets/Aegis77/Grenades testing/Textures/Shockwave.png	162732
Assets/Game Assets/Aegis77/Grenades testing/Textures/Smoke.png	2860600
Assets/Game Assets/Aegis77/Grenades testing/Textures/SphereNormal.png	29912
Assets/Gizmos/Cinemachine/cm_logo_lg.png	66152
Assets/JMO Assets/Cartoon FX Easy Editor/CartoonFX Easy Editor Readme.txt	1492
Assets/JMO Assets/Cartoon FX Easy Editor/Editor/CFXEasyEditor.cs	53409
Assets/JMO Assets/WarFX/!WarFX Readme.txt	4496
Assets/JMO Assets/WarFX/_Effects (Mobile)/Bullet Impacts/+ Bullet Hole/Lit/WFXMR_BImpact Concrete + Hole Lit.prefab	347278
Assets/JMO Assets/WarFX/_Effects (Mobile)/Bullet Impacts/+ Bullet Hole/Lit/WFXMR_BImpact Concrete NoCollision + Hole Lit.prefab	347011
Assets/JMO Assets/WarFX/_Effects (Mobile)/Bullet Impacts/+ Bullet Hole/Lit/WFXMR_BImpact Metal + Hole Lit.prefab	233543
Assets/JMO Assets/WarFX/_Effects (Mobile)/Bullet Impacts/+ Bullet Hole/Lit/WFXMR_BImpact Wood + Hole Lit.prefab	346808
Assets/JMO Assets/WarFX/_Effects (Mobile)/Bullet Impacts/+ Bullet Hole/Lit/WFXMR_BImpact Wood NoCollision + Hole Lit.prefab	346570
Assets/JMO Assets/WarFX/_Effects (Mobile)/Bullet Impacts/+ Bullet Hole/Unlit/WFXMR_BImpact Concrete + Hole Unlit.prefab	347280
Assets/JMO Assets/WarFX/_Effects (Mobile)/Bullet Impacts/+ Bullet Hole/Unlit/WFXMR_BImpact Concrete NoCollision + Hole Unlit.prefab	347013
Assets/JMO Assets/WarFX/_Effects (Mobile)/Bullet Impacts/+ Bullet Hole/Unlit/WFXMR_BImpact Metal + Hole Unlit.prefab	233545
Assets/JMO Assets/WarFX/_Effects (Mobile)/Bullet Impacts/+ Bullet Hole/Unlit/WFXMR_BImpact Wood + Hole Unlit.prefab	346810
Assets/JMO Assets/WarFX/_Effects (Mobile)/Bullet Impacts/+ Bullet Hole/Unlit/WFXMR_BImpact Wood NoCollision + Hole Unlit.prefab	346572
Assets/JMO Assets/WarFX/_Effects (Mobile)/Bullet Impacts/+ Bullet Hole/WFXMR_BImpact Dirt + Hole.prefab	347539
Assets/JMO Assets/WarFX/_Effects (Mobile)/Bullet Impacts/+ Bullet Hole/WFXMR_BImpact Sand + Hole.prefab	347516
Assets/JMO Assets/WarFX/_Effects (Mobile)/Bullet Impacts/+ Bullet Hole/WFXMR_BImpact SoftBody + Hole.prefab	347471
Assets/JMO Assets/WarFX/_Effects (Mobile)/Bullet Impacts/WFXMR_BImpact Concrete NoCollision.prefab	343997
Assets/JMO Assets/WarFX/_Effects (Mobile)/Bullet Impacts/WFXMR_BImpact Concrete.prefab	344261
Assets/JMO Assets/WarFX/_Effects (Mobile)/Bullet Impacts/WFXMR_BImpact Dirt.prefab	344529
Assets/JMO Assets/WarFX/_Effects (Mobile)/Bullet Impacts/WFXMR_BImpact Metal.prefab	230479
Assets/JMO Assets/WarFX/_Effects (Mobile)/Bullet Impacts/WFXMR_BImpact Sand.prefab	344506
Assets/JMO Assets/WarFX/_Effects (Mobile)/Bullet Impacts/WFXMR_BImpact SoftBody.prefab	344461
Assets/JMO Assets/WarFX/_Effects (Mobile)/Bullet Impacts/WFXMR_BImpact Wood NoCollision.prefab	343556
Assets/JMO Assets/WarFX/_Effects (Mobile)/Bullet Impacts/WFXMR_BImpact Wood.prefab	343768
Assets/JMO Assets/WarFX/_Effects (Mobile)/Explosions/WFXMR_Explosion LandMine.prefab	933286
Assets/JMO Assets/WarFX/_Effects (Mobile)/Explosions/WFXMR_Explosion Simple.prefab	707793
Assets/JMO Assets/WarFX/_Effects (Mobile)/Explosions/WFXMR_Explosion Small.prefab	1057475
Assets/JMO Assets/WarFX/_Effects (Mobile)/Explosions/WFXMR_Explosion StarSmoke.prefab	817991
Assets/JMO Assets/WarFX/_Effects (Mobile)/Explosions/WFXMR_Explosion.prefab	1057791
Assets/JMO Assets/WarFX/_Effects (Mobile)/Explosions/WFXMR_ExplosiveSmoke Big Alt.prefab	703979
Assets/JMO Assets/WarFX/_Effects (Mobile)/Explosions/WFXMR_ExplosiveSmoke Big.prefab	709729
Assets/JMO Assets/WarFX/_Effects (Mobile)/Explosions/WFXMR_ExplosiveSmoke Small.prefab	707436
Assets/JMO Assets/WarFX/_Effects (Mobile)/Explosions/WFXMR_ExplosiveSmoke.prefab	708922
Assets/JMO Assets/WarFX/_Effects (Mobile)/Explosions/WFXMR_ExplosiveSmokeGround Big Alt.prefab	818643
Assets/JMO Assets/WarFX/_Effects (Mobile)/Explosions/WFXMR_ExplosiveSmokeGround Big.prefab	824389
Assets/JMO Assets/WarFX/_Effects (Mobile)/Explosions/WFXMR_ExplosiveSmokeGround Small.prefab	825809
Assets/JMO Assets/WarFX/_Effects (Mobile)/Explosions/WFXMR_ExplosiveSmokeGround.prefab	825802
Assets/JMO Assets/WarFX/_Effects (Mobile)/Explosions/WFXMR_Nuke.prefab	822331
Assets/JMO Assets/WarFX/_Effects (Mobile)/Fire/Black Smoke/WFXMR_Fire Natural (Black Smoke).prefab	341118
Assets/JMO Assets/WarFX/_Effects (Mobile)/Fire/Black Smoke/WFXMR_Fire Natural Broad (Black Smoke).prefab	341118
Assets/JMO Assets/WarFX/_Effects (Mobile)/Fire/Black Smoke/WFXMR_Fire Natural Circle (Black Smoke).prefab	341143
Assets/JMO Assets/WarFX/_Effects (Mobile)/Fire/Black Smoke/WFXMR_Fire SmallFlame (Black Smoke).prefab	341769
Assets/JMO Assets/WarFX/_Effects (Mobile)/Fire/Black Smoke/WFXMR_GazFire (Black Smoke).prefab	341536
Assets/JMO Assets/WarFX/_Effects (Mobile)/Fire/Black Smoke/WFXMR_GazFireBig (Black Smoke).prefab	341760
Assets/JMO Assets/WarFX/_Effects (Mobile)/Fire/Gray Smoke/WFXMR_Fire Natural (Gray Smoke).prefab	341132
Assets/JMO Assets/WarFX/_Effects (Mobile)/Fire/Gray Smoke/WFXMR_Fire Natural Broad (Gray Smoke).prefab	341157
Assets/JMO Assets/WarFX/_Effects (Mobile)/Fire/Gray Smoke/WFXMR_Fire Natural Circle (Gray Smoke).prefab	341162
Assets/JMO Assets/WarFX/_Effects (Mobile)/Fire/Gray Smoke/WFXMR_Fire SmallFlame (Gray Smoke).prefab	341830
Assets/JMO Assets/WarFX/_Effects (Mobile)/Fire/Gray Smoke/WFXMR_GazFire (Gray Smoke).prefab	341600
Assets/JMO Assets/WarFX/_Effects (Mobile)/Fire/Gray Smoke/WFXMR_GazFireBig (Gray Smoke).prefab	341815
Assets/JMO Assets/WarFX/_Effects (Mobile)/Fire/No Smoke/WFXMR_Fire Natural (No Smoke).prefab	227527
Assets/JMO Assets/WarFX/_Effects (Mobile)/Fire/No Smoke/WFXMR_Fire Natural Broad (No Smoke).prefab	227522
Assets/JMO Assets/WarFX/_Effects (Mobile)/Fire/No Smoke/WFXMR_Fire Natural Circle (No Smoke).prefab	227521
Assets/JMO Assets/WarFX/_Effects (Mobile)/Fire/No Smoke/WFXMR_Fire SmallFlame (No Smoke).prefab	228180
Assets/JMO Assets/WarFX/_Effects (Mobile)/Fire/No Smoke/WFXMR_GazFire (No Smoke).prefab	227947
Assets/JMO Assets/WarFX/_Effects (Mobile)/Fire/No Smoke/WFXMR_GazFireBig (No Smoke).prefab	228167
Assets/JMO Assets/WarFX/_Effects (Mobile)/Fire/WFXMR_FlameThrower Big Alt Looped.prefab	339343
Assets/JMO Assets/WarFX/_Effects (Mobile)/Fire/WFXMR_FlameThrower Big Alt.prefab	343440
Assets/JMO Assets/WarFX/_Effects (Mobile)/Fire/WFXMR_FlameThrower Big Looped.prefab	224963
Assets/JMO Assets/WarFX/_Effects (Mobile)/Fire/WFXMR_FlameThrower Big.prefab	228142
Assets/JMO Assets/WarFX/_Effects (Mobile)/Fire/WFXMR_FlameThrower Looped.prefab	226820
Assets/JMO Assets/WarFX/_Effects (Mobile)/Fire/WFXMR_FlameThrower.prefab	228023
Assets/JMO Assets/WarFX/_Effects (Mobile)/Fire/WFXMR_GazFireBig (Blue).prefab	341794
Assets/JMO Assets/WarFX/_Effects (Mobile)/Fire/WFXMR_GazFireBig (Green).prefab	341800
Assets/JMO Assets/WarFX/_Effects (Mobile)/Fire/WFXMR_GazFireBig (Purple).prefab	341798
Assets/JMO Assets/WarFX/_Effects (Mobile)/MuzzleFlashes/!MuzzleFlash Differences.txt	903
Assets/JMO Assets/WarFX/_Effects (Mobile)/MuzzleFlashes/4Planes/WFXMR_MF 4P RIFLE1.prefab	710755
Assets/JMO Assets/WarFX/_Effects (Mobile)/MuzzleFlashes/4Planes/WFXMR_MF 4P RIFLE2.prefab	708031
Assets/JMO Assets/WarFX/_Effects (Mobile)/MuzzleFlashes/4Planes/WFXMR_MF 4P RIFLE3.prefab	708045
Assets/JMO Assets/WarFX/_Effects (Mobile)/MuzzleFlashes/FPS/WFXMR_MF FPS RIFLE1.prefab	355476
Assets/JMO Assets/WarFX/_Effects (Mobile)/MuzzleFlashes/FPS/WFXMR_MF FPS RIFLE2.prefab	355434
Assets/JMO Assets/WarFX/_Effects (Mobile)/MuzzleFlashes/FPS/WFXMR_MF FPS RIFLE3.prefab	355870
Assets/JMO Assets/WarFX/_Effects (Mobile)/MuzzleFlashes/Sprites/WFXMR_MF Spr RIFLE1.prefab	473281
Assets/JMO Assets/WarFX/_Effects (Mobile)/MuzzleFlashes/Sprites/WFXMR_MF Spr RIFLE2.prefab	473239
Assets/JMO Assets/WarFX/_Effects (Mobile)/MuzzleFlashes/Sprites/WFXMR_MF Spr RIFLE3.prefab	473623
Assets/JMO Assets/WarFX/_Effects (Mobile)/Smoke/Color Variants/WFXMR_SmokeGrenade AlphaBlend Blue.prefab	228277
Assets/JMO Assets/WarFX/_Effects (Mobile)/Smoke/Color Variants/WFXMR_SmokeGrenade AlphaBlend Green.prefab	228279
Assets/JMO Assets/WarFX/_Effects (Mobile)/Smoke/Color Variants/WFXMR_SmokeGrenade AlphaBlend Purple.prefab	228279
Assets/JMO Assets/WarFX/_Effects (Mobile)/Smoke/Color Variants/WFXMR_SmokeGrenade AlphaBlend Red.prefab	228276
Assets/JMO Assets/WarFX/_Effects (Mobile)/Smoke/Color Variants/WFXMR_SmokeGrenade Blue.prefab	228261
Assets/JMO Assets/WarFX/_Effects (Mobile)/Smoke/Color Variants/WFXMR_SmokeGrenade Green.prefab	228262
Assets/JMO Assets/WarFX/_Effects (Mobile)/Smoke/Color Variants/WFXMR_SmokeGrenade Red.prefab	228262
Assets/JMO Assets/WarFX/_Effects (Mobile)/Smoke/Color Variants/WFXMR_SmokeGrenade Yellow.prefab	228265
Assets/JMO Assets/WarFX/_Effects (Mobile)/Smoke/WFXMR_SmokeGrenade Additive.prefab	228265
Assets/JMO Assets/WarFX/_Effects (Mobile)/Smoke/WFXMR_SmokeGrenade AlphaBlend Black.prefab	228278
Assets/JMO Assets/WarFX/_Effects (Mobile)/Smoke/WFXMR_SmokeGrenade AlphaBlend Gray.prefab	228258
Assets/JMO Assets/WarFX/_Effects (Mobile)/Smoke/WFXMR_SmokeGrenade Black.prefab	228255
Assets/JMO Assets/WarFX/_Effects (Mobile)/Smoke/WFXMR_SmokeGrenade Gray.prefab	228265
Assets/JMO Assets/WarFX/_Effects (Mobile)/Smoke/WFXMR_SmokeGrenade White.prefab	228266
Assets/JMO Assets/WarFX/_Effects/Bullet Impacts/+ Bullet Hole/Lit/WFX_BImpact Concrete + Hole Lit.prefab	347276
Assets/JMO Assets/WarFX/_Effects/Bullet Impacts/+ Bullet Hole/Lit/WFX_BImpact Concrete NoCollision + Hole Lit.prefab	347009
Assets/JMO Assets/WarFX/_Effects/Bullet Impacts/+ Bullet Hole/Lit/WFX_BImpact Metal + Hole Lit.prefab	233541
Assets/JMO Assets/WarFX/_Effects/Bullet Impacts/+ Bullet Hole/Lit/WFX_BImpact Wood + Hole Lit.prefab	346806
Assets/JMO Assets/WarFX/_Effects/Bullet Impacts/+ Bullet Hole/Lit/WFX_BImpact Wood NoCollision + Hole Lit.prefab	346568
Assets/JMO Assets/WarFX/_Effects/Bullet Impacts/+ Bullet Hole/Unlit/WFX_BImpact Concrete + Hole Unlit.prefab	347278
Assets/JMO Assets/WarFX/_Effects/Bullet Impacts/+ Bullet Hole/Unlit/WFX_BImpact Concrete NoCollision + Hole Unlit.prefab	347011
Assets/JMO Assets/WarFX/_Effects/Bullet Impacts/+ Bullet Hole/Unlit/WFX_BImpact Metal + Hole Unlit.prefab	233543
Assets/JMO Assets/WarFX/_Effects/Bullet Impacts/+ Bullet Hole/Unlit/WFX_BImpact Wood + Hole Unlit.prefab	346808
Assets/JMO Assets/WarFX/_Effects/Bullet Impacts/+ Bullet Hole/Unlit/WFX_BImpact Wood NoCollision + Hole Unlit.prefab	346570
Assets/JMO Assets/WarFX/_Effects/Bullet Impacts/+ Bullet Hole/WFX_BImpact Dirt + Hole.prefab	347537
Assets/JMO Assets/WarFX/_Effects/Bullet Impacts/+ Bullet Hole/WFX_BImpact Sand + Hole.prefab	347514
Assets/JMO Assets/WarFX/_Effects/Bullet Impacts/+ Bullet Hole/WFX_BImpact SoftBody + Hole.prefab	347469
Assets/JMO Assets/WarFX/_Effects/Bullet Impacts/WFX_BImpact Concrete NoCollision.prefab	343995
Assets/JMO Assets/WarFX/_Effects/Bullet Impacts/WFX_BImpact Concrete.prefab	344259
Assets/JMO Assets/WarFX/_Effects/Bullet Impacts/WFX_BImpact Dirt.prefab	344527
Assets/JMO Assets/WarFX/_Effects/Bullet Impacts/WFX_BImpact Metal.prefab	230477
Assets/JMO Assets/WarFX/_Effects/Bullet Impacts/WFX_BImpact Sand.prefab	344504
Assets/JMO Assets/WarFX/_Effects/Bullet Impacts/WFX_BImpact SoftBody.prefab	344459
Assets/JMO Assets/WarFX/_Effects/Bullet Impacts/WFX_BImpact Wood NoCollision.prefab	343554
Assets/JMO Assets/WarFX/_Effects/Bullet Impacts/WFX_BImpact Wood.prefab	343766
Assets/JMO Assets/WarFX/_Effects/Explosions/WFX_Explosion LandMine.prefab	933284
Assets/JMO Assets/WarFX/_Effects/Explosions/WFX_Explosion Simple.prefab	707791
Assets/JMO Assets/WarFX/_Effects/Explosions/WFX_Explosion Small.prefab	1057473
Assets/JMO Assets/WarFX/_Effects/Explosions/WFX_Explosion StarSmoke.prefab	817989
Assets/JMO Assets/WarFX/_Effects/Explosions/WFX_Explosion.prefab	1057789
Assets/JMO Assets/WarFX/_Effects/Explosions/WFX_ExplosiveSmoke Big Alt.prefab	703976
Assets/JMO Assets/WarFX/_Effects/Explosions/WFX_ExplosiveSmoke Big.prefab	709726
Assets/JMO Assets/WarFX/_Effects/Explosions/WFX_ExplosiveSmoke Small.prefab	707436
Assets/JMO Assets/WarFX/_Effects/Explosions/WFX_ExplosiveSmoke.prefab	708919
Assets/JMO Assets/WarFX/_Effects/Explosions/WFX_ExplosiveSmokeGround Big Alt.prefab	818641
Assets/JMO Assets/WarFX/_Effects/Explosions/WFX_ExplosiveSmokeGround Big.prefab	824387
Assets/JMO Assets/WarFX/_Effects/Explosions/WFX_ExplosiveSmokeGround Small.prefab	825807
Assets/JMO Assets/WarFX/_Effects/Explosions/WFX_ExplosiveSmokeGround.prefab	825800
Assets/JMO Assets/WarFX/_Effects/Explosions/WFX_Nuke.prefab	822321
Assets/JMO Assets/WarFX/_Effects/Fire/Black Smoke/WFX_Fire Natural (Black Smoke).prefab	341116
Assets/JMO Assets/WarFX/_Effects/Fire/Black Smoke/WFX_Fire Natural Broad (Black Smoke).prefab	341116
Assets/JMO Assets/WarFX/_Effects/Fire/Black Smoke/WFX_Fire Natural Circle (Black Smoke).prefab	341141
Assets/JMO Assets/WarFX/_Effects/Fire/Black Smoke/WFX_Fire SmallFlame (Black Smoke).prefab	341767
Assets/JMO Assets/WarFX/_Effects/Fire/Black Smoke/WFX_GazFire (Black Smoke).prefab	341534
Assets/JMO Assets/WarFX/_Effects/Fire/Black Smoke/WFX_GazFireBig (Black Smoke).prefab	341758
Assets/JMO Assets/WarFX/_Effects/Fire/Gray Smoke/WFX_Fire Natural (Gray Smoke).prefab	341130
Assets/JMO Assets/WarFX/_Effects/Fire/Gray Smoke/WFX_Fire Natural Broad (Gray Smoke).prefab	341155
Assets/JMO Assets/WarFX/_Effects/Fire/Gray Smoke/WFX_Fire Natural Circle (Gray Smoke).prefab	341160
Assets/JMO Assets/WarFX/_Effects/Fire/Gray Smoke/WFX_Fire SmallFlame (Gray Smoke).prefab	341828
Assets/JMO Assets/WarFX/_Effects/Fire/Gray Smoke/WFX_GazFire (Gray Smoke).prefab	341598
Assets/JMO Assets/WarFX/_Effects/Fire/Gray Smoke/WFX_GazFireBig (Gray Smoke).prefab	341813
Assets/JMO Assets/WarFX/_Effects/Fire/No Smoke/WFX_Fire Natural (No Smoke).prefab	227525
Assets/JMO Assets/WarFX/_Effects/Fire/No Smoke/WFX_Fire Natural Broad (No Smoke).prefab	227520
Assets/JMO Assets/WarFX/_Effects/Fire/No Smoke/WFX_Fire Natural Circle (No Smoke).prefab	227519
Assets/JMO Assets/WarFX/_Effects/Fire/No Smoke/WFX_Fire SmallFlame (No Smoke).prefab	228178
Assets/JMO Assets/WarFX/_Effects/Fire/No Smoke/WFX_GazFire (No Smoke).prefab	227945
Assets/JMO Assets/WarFX/_Effects/Fire/No Smoke/WFX_GazFireBig (No Smoke).prefab	228165
Assets/JMO Assets/WarFX/_Effects/Fire/WFX_FlameThrower Big Alt Looped.prefab	339341
Assets/JMO Assets/WarFX/_Effects/Fire/WFX_FlameThrower Big Alt.prefab	343438
Assets/JMO Assets/WarFX/_Effects/Fire/WFX_FlameThrower Big Looped.prefab	224961
Assets/JMO Assets/WarFX/_Effects/Fire/WFX_FlameThrower Big.prefab	228139
Assets/JMO Assets/WarFX/_Effects/Fire/WFX_FlameThrower Looped.prefab	226818
Assets/JMO Assets/WarFX/_Effects/Fire/WFX_FlameThrower.prefab	228021
Assets/JMO Assets/WarFX/_Effects/Fire/WFX_GazFireBig (Blue).prefab	341792
Assets/JMO Assets/WarFX/_Effects/Fire/WFX_GazFireBig (Green).prefab	341798
Assets/JMO Assets/WarFX/_Effects/Fire/WFX_GazFireBig (Purple).prefab	341796
Assets/JMO Assets/WarFX/_Effects/MuzzleFlashes/!MuzzleFlash Differences.txt	903
Assets/JMO Assets/WarFX/_Effects/MuzzleFlashes/4Planes/WFX_MF 4P RIFLE1.prefab	712602
Assets/JMO Assets/WarFX/_Effects/MuzzleFlashes/4Planes/WFX_MF 4P RIFLE2.prefab	709878
Assets/JMO Assets/WarFX/_Effects/MuzzleFlashes/4Planes/WFX_MF 4P RIFLE3.prefab	709883
Assets/JMO Assets/WarFX/_Effects/MuzzleFlashes/FPS/WFX_MF FPS RIFLE1.prefab	357323
Assets/JMO Assets/WarFX/_Effects/MuzzleFlashes/FPS/WFX_MF FPS RIFLE2.prefab	357271
Assets/JMO Assets/WarFX/_Effects/MuzzleFlashes/FPS/WFX_MF FPS RIFLE3.prefab	357708
Assets/JMO Assets/WarFX/_Effects/MuzzleFlashes/Sprites/WFX_MF Spr RIFLE1.prefab	475128
Assets/JMO Assets/WarFX/_Effects/MuzzleFlashes/Sprites/WFX_MF Spr RIFLE2.prefab	475076
Assets/JMO Assets/WarFX/_Effects/MuzzleFlashes/Sprites/WFX_MF Spr RIFLE3.prefab	475461
Assets/JMO Assets/WarFX/_Effects/Smoke/Color Variants/WFX_SmokeGrenade AlphaBlend Blue.prefab	228275
Assets/JMO Assets/WarFX/_Effects/Smoke/Color Variants/WFX_SmokeGrenade AlphaBlend Green.prefab	228277
Assets/JMO Assets/WarFX/_Effects/Smoke/Color Variants/WFX_SmokeGrenade AlphaBlend Purple.prefab	228277
Assets/JMO Assets/WarFX/_Effects/Smoke/Color Variants/WFX_SmokeGrenade AlphaBlend Red.prefab	228274
Assets/JMO Assets/WarFX/_Effects/Smoke/Color Variants/WFX_SmokeGrenade Blue.prefab	228259
Assets/JMO Assets/WarFX/_Effects/Smoke/Color Variants/WFX_SmokeGrenade Green.prefab	228260
Assets/JMO Assets/WarFX/_Effects/Smoke/Color Variants/WFX_SmokeGrenade Red.prefab	228260
Assets/JMO Assets/WarFX/_Effects/Smoke/Color Variants/WFX_SmokeGrenade Yellow.prefab	228263
Assets/JMO Assets/WarFX/_Effects/Smoke/WFX_SmokeGrenade Additive.prefab	228263
Assets/JMO Assets/WarFX/_Effects/Smoke/WFX_SmokeGrenade AlphaBlend Black.prefab	228276
Assets/JMO Assets/WarFX/_Effects/Smoke/WFX_SmokeGrenade AlphaBlend Gray.prefab	228256
Assets/JMO Assets/WarFX/_Effects/Smoke/WFX_SmokeGrenade Black.prefab	228253
Assets/JMO Assets/WarFX/_Effects/Smoke/WFX_SmokeGrenade Gray.prefab	228263
Assets/JMO Assets/WarFX/_Effects/Smoke/WFX_SmokeGrenade White.prefab	228264
Assets/JMO Assets/WarFX/Demo/Assets/CFX_AutoStopLoopedEffect.cs	755
Assets/JMO Assets/WarFX/Demo/Assets/CFX_Demo_RandomDir.cs	332
Assets/JMO Assets/WarFX/Demo/Assets/CFX_Demo_RotateCamera.cs	328
Assets/JMO Assets/WarFX/Demo/Assets/CFX_Demo_Translate.cs	577
Assets/JMO Assets/WarFX/Demo/Assets/WFX_Demo.cs	9215
Assets/JMO Assets/WarFX/Demo/Assets/WFX_Demo_DeleteAfterDelay.cs	241
Assets/JMO Assets/WarFX/Demo/Assets/WFX_Demo_M_Checker Wall.mat	3953
Assets/JMO Assets/WarFX/Demo/Assets/WFX_Demo_M_Checker.mat	3937
Assets/JMO Assets/WarFX/Demo/Assets/WFX_Demo_M_Concrete Wall.mat	4032
Assets/JMO Assets/WarFX/Demo/Assets/WFX_Demo_M_Concrete.mat	4042
Assets/JMO Assets/WarFX/Demo/Assets/WFX_Demo_M_M4 Normal.mat	3969
Assets/JMO Assets/WarFX/Demo/Assets/WFX_Demo_M_M4.mat	4058
Assets/JMO Assets/WarFX/Demo/Assets/WFX_Demo_M_Metal Wall.mat	3997
Assets/JMO Assets/WarFX/Demo/Assets/WFX_Demo_M_Metal.mat	4008
Assets/JMO Assets/WarFX/Demo/Assets/WFX_Demo_M_Wood Wall.mat	4003
Assets/JMO Assets/WarFX/Demo/Assets/WFX_Demo_M_Wood.mat	3998
Assets/JMO Assets/WarFX/Demo/Assets/WFX_Demo_M4.fbx	491984
Assets/JMO Assets/WarFX/Demo/Assets/WFX_Demo_New.cs	9933
Assets/JMO Assets/WarFX/Demo/Assets/WFX_Demo_RandomDir.cs	330
Assets/JMO Assets/WarFX/Demo/Assets/WFX_Demo_T_Checker.tga	49196
Assets/JMO Assets/WarFX/Demo/Assets/WFX_Demo_T_Cobblestone Normal.tga	193628
Assets/JMO Assets/WarFX/Demo/Assets/WFX_Demo_T_Cobblestone.tga	193628
Assets/JMO Assets/WarFX/Demo/Assets/WFX_Demo_T_M4 Normal.jpg	274865
Assets/JMO Assets/WarFX/Demo/Assets/WFX_Demo_T_M4.tga	1048620
Assets/JMO Assets/WarFX/Demo/Assets/WFX_Demo_T_Metal Normal.tga	259894
Assets/JMO Assets/WarFX/Demo/Assets/WFX_Demo_T_Metal.tga	259894
Assets/JMO Assets/WarFX/Demo/Assets/WFX_Demo_T_Wood Normal.tga	196652
Assets/JMO Assets/WarFX/Demo/Assets/WFX_Demo_T_Wood.tga	262188
Assets/JMO Assets/WarFX/Demo/Assets/WFX_Demo_Wall.cs	626
Assets/JMO Assets/WarFX/Demo/UI Canvas/CFX Demo Btn Arrow R.png	671
Assets/JMO Assets/WarFX/Demo/UI Canvas/CFX Demo Btn Arrow.png	616
Assets/JMO Assets/WarFX/Demo/UI Canvas/CFX Demo Btn Camera H.png	3116
Assets/JMO Assets/WarFX/Demo/UI Canvas/CFX Demo Btn Camera.png	3139
Assets/JMO Assets/WarFX/Demo/UI Canvas/CFX Demo Btn Ground H.png	3083
Assets/JMO Assets/WarFX/Demo/UI Canvas/CFX Demo Btn Ground.png	3044
Assets/JMO Assets/WarFX/Demo/UI Canvas/CFX Demo Btn SlowMo H.png	4260
Assets/JMO Assets/WarFX/Demo/UI Canvas/CFX Demo Btn SlowMo.png	4163
Assets/JMO Assets/WarFX/Demo/UI Canvas/WFX Demo Logo.png	25801
Assets/JMO Assets/WarFX/Demo/WarFX Demo New.unity	185053
Assets/JMO Assets/WarFX/Demo/WarFX Demo NewSettings.lighting	1983
Assets/JMO Assets/WarFX/Desktop/Materials/Bullet Holes/WFX_BulletHole Concrete Lighted.mat	1298
Assets/JMO Assets/WarFX/Desktop/Materials/Bullet Holes/WFX_BulletHole Concrete.mat	1152
Assets/JMO Assets/WarFX/Desktop/Materials/Bullet Holes/WFX_BulletHole Generic Dirt.mat	1156
Assets/JMO Assets/WarFX/Desktop/Materials/Bullet Holes/WFX_BulletHole Generic Sand.mat	1157
Assets/JMO Assets/WarFX/Desktop/Materials/Bullet Holes/WFX_BulletHole Generic.mat	1151
Assets/JMO Assets/WarFX/Desktop/Materials/Bullet Holes/WFX_BulletHole Metal Lighted.mat	1220
Assets/JMO Assets/WarFX/Desktop/Materials/Bullet Holes/WFX_BulletHole Metal.mat	1149
Assets/JMO Assets/WarFX/Desktop/Materials/Bullet Holes/WFX_BulletHole Wood Lighted.mat	1124
Assets/JMO Assets/WarFX/Desktop/Materials/Bullet Holes/WFX_BulletHole Wood.mat	1148
Assets/JMO Assets/WarFX/Desktop/Materials/Flames/WFX_M_ExplosionFlames Add.mat	1056
Assets/JMO Assets/WarFX/Desktop/Materials/Flames/WFX_M_FlameBig Add.mat	1045
Assets/JMO Assets/WarFX/Desktop/Materials/Flames/WFX_M_FlameMine Add.mat	1283
Assets/JMO Assets/WarFX/Desktop/Materials/Flames/WFX_M_FlameSmall 4F Add.mat	1116
Assets/JMO Assets/WarFX/Desktop/Materials/Flames/WFX_M_FlameSmall Add.mat	1114
Assets/JMO Assets/WarFX/Desktop/Materials/Flames/WFX_M_FlameSmall ScrollAdd.mat	1124
Assets/JMO Assets/WarFX/Desktop/Materials/Flames/WFX_M_FlameThrower Stream.mat	1288
Assets/JMO Assets/WarFX/Desktop/Materials/Flames/WFX_M_NukeFlames ScrollAdd.mat	1072
Assets/JMO Assets/WarFX/Desktop/Materials/Flames/WFX_M_StarFlames.mat	1280
Assets/JMO Assets/WarFX/Desktop/Materials/Impacts/WFX_M_Impact Debris.mat	1141
Assets/JMO Assets/WarFX/Desktop/Materials/Impacts/WFX_M_Impact Smoke.mat	1140
Assets/JMO Assets/WarFX/Desktop/Materials/Impacts/WFX_M_Impact WoodDebris.mat	1145
Assets/JMO Assets/WarFX/Desktop/Materials/Impacts/WFX_M_Sparks Metal.mat	1144
Assets/JMO Assets/WarFX/Desktop/Materials/Misc/WFX_M_GlowCircle Add.mat	1019
Assets/JMO Assets/WarFX/Desktop/Materials/Misc/WFX_M_GlowPalet Add.mat	1018
Assets/JMO Assets/WarFX/Desktop/Materials/Misc/WFX_M_GroundGlow Add.mat	1019
Assets/JMO Assets/WarFX/Desktop/Materials/Misc/WFX_M_SmallDots Add.mat	1018
Assets/JMO Assets/WarFX/Desktop/Materials/Misc/WFX_M_SmallDotsInv Mult.mat	1022
Assets/JMO Assets/WarFX/Desktop/Materials/Misc/WFX_M_StretchPalet.mat	1025
Assets/JMO Assets/WarFX/Desktop/Materials/MuzzleFlashes/WFX_M_MF FrontRear RIFLE1.mat	1024
Assets/JMO Assets/WarFX/Desktop/Materials/MuzzleFlashes/WFX_M_MF FrontRear RIFLE2.mat	1024
Assets/JMO Assets/WarFX/Desktop/Materials/MuzzleFlashes/WFX_M_MF FrontRear RIFLE3.mat	1024
Assets/JMO Assets/WarFX/Desktop/Materials/MuzzleFlashes/WFX_M_MF Glow.mat	1026
Assets/JMO Assets/WarFX/Desktop/Materials/MuzzleFlashes/WFX_M_MF Side RIFLE1.mat	1019
Assets/JMO Assets/WarFX/Desktop/Materials/MuzzleFlashes/WFX_M_MF Side RIFLE2.mat	1019
Assets/JMO Assets/WarFX/Desktop/Materials/MuzzleFlashes/WFX_M_MF Side RIFLE3.mat	1019
Assets/JMO Assets/WarFX/Desktop/Materials/MuzzleFlashes/WFX_M_MF Sparks RIFLE1.mat	1057
Assets/JMO Assets/WarFX/Desktop/Materials/MuzzleFlashes/WFX_M_MF Sparks RIFLE2.mat	1057
Assets/JMO Assets/WarFX/Desktop/Materials/MuzzleFlashes/WFX_M_MF Sparks RIFLE3.mat	1056
Assets/JMO Assets/WarFX/Desktop/Materials/Smoke/WFX_M_ExplosiveSmoke.mat	1096
Assets/JMO Assets/WarFX/Desktop/Materials/Smoke/WFX_M_Smoke SoftMult.mat	1095
Assets/JMO Assets/WarFX/Desktop/Materials/Smoke/WFX_M_Smoke.mat	1088
Assets/JMO Assets/WarFX/Desktop/Materials/Smoke/WFX_M_SmokeGrenade AB.mat	1123
Assets/JMO Assets/WarFX/Desktop/Materials/Smoke/WFX_M_SmokeGrenadeWhite.mat	1098
Assets/JMO Assets/WarFX/Desktop/Materials/Smoke/WFX_M_SmokeNoise.mat	1091
Assets/JMO Assets/WarFX/Desktop/Materials/Smoke/WFX_M_SmokeScroll Add.mat	1285
Assets/JMO Assets/WarFX/Desktop/Materials/Smoke/WFX_M_SmokeScroll SoftMult Average.mat	1109
Assets/JMO Assets/WarFX/Desktop/Materials/Smoke/WFX_M_SmokeScroll SoftMult.mat	1101
Assets/JMO Assets/WarFX/Desktop/Materials/Smoke/WFX_M_SmokeSpikeStretched.mat	1230
Assets/JMO Assets/WarFX/Desktop/Textures/Bullet Holes/WFX_T_BulletHoles Concrete.tga	65580
Assets/JMO Assets/WarFX/Desktop/Textures/Bullet Holes/WFX_T_BulletHoles Generic.tga	28228
Assets/JMO Assets/WarFX/Desktop/Textures/Bullet Holes/WFX_T_BulletHoles Metal.tga	65580
Assets/JMO Assets/WarFX/Desktop/Textures/Bullet Holes/WFX_T_BulletHoles Wood.tga	65580
Assets/JMO Assets/WarFX/Desktop/Textures/Flames/WFX_T_DoubleFlames A8.tga	123009
Assets/JMO Assets/WarFX/Desktop/Textures/Flames/WFX_T_FlameMine A8.tga	105943
Assets/JMO Assets/WarFX/Desktop/Textures/Flames/WFX_T_FlamesBig A8.tga	127249
Assets/JMO Assets/WarFX/Desktop/Textures/Flames/WFX_T_FlamesBig.tga	262188
Assets/JMO Assets/WarFX/Desktop/Textures/Flames/WFX_T_FlamesSmall 4frm.tga	262188
Assets/JMO Assets/WarFX/Desktop/Textures/Flames/WFX_T_FlamesSmallLoopAlpha.tga	262188
Assets/JMO Assets/WarFX/Desktop/Textures/Flames/WFX_T_FlameThrower Stream.tga	24442
Assets/JMO Assets/WarFX/Desktop/Textures/Flames/WFX_T_NukeFlames.tga	262188
Assets/JMO Assets/WarFX/Desktop/Textures/Flames/WFX_T_StarFlames A8.tga	196652
Assets/JMO Assets/WarFX/Desktop/Textures/Misc/WFX_T_Debris Generic.tga	42471
Assets/JMO Assets/WarFX/Desktop/Textures/Misc/WFX_T_Debris Wood.tga	260304
Assets/JMO Assets/WarFX/Desktop/Textures/Misc/WFX_T_GlowCircle A8.png	6098
Assets/JMO Assets/WarFX/Desktop/Textures/Misc/WFX_T_GlowPalet A8.png	3722
Assets/JMO Assets/WarFX/Desktop/Textures/Misc/WFX_T_GroundGlow A8.tga	12332
Assets/JMO Assets/WarFX/Desktop/Textures/Misc/WFX_T_SmallDots A8.png	3637
Assets/JMO Assets/WarFX/Desktop/Textures/Misc/WFX_T_SmallDots Inversed A8.png	3729
Assets/JMO Assets/WarFX/Desktop/Textures/Misc/WFX_T_Sparks Metal A8.png	3328
Assets/JMO Assets/WarFX/Desktop/Textures/Misc/WFX_T_StretchPalet A8.png	959
Assets/JMO Assets/WarFX/Desktop/Textures/MuzzleFlashes/WFX_T_MF FrontRear RIFLE1 A8.png	15919
Assets/JMO Assets/WarFX/Desktop/Textures/MuzzleFlashes/WFX_T_MF FrontRear RIFLE2 A8.png	14579
Assets/JMO Assets/WarFX/Desktop/Textures/MuzzleFlashes/WFX_T_MF FrontRear RIFLE3 A8.png	16578
Assets/JMO Assets/WarFX/Desktop/Textures/MuzzleFlashes/WFX_T_MF Side RIFLE1 A8.png	11119
Assets/JMO Assets/WarFX/Desktop/Textures/MuzzleFlashes/WFX_T_MF Side RIFLE2 A8.png	11271
Assets/JMO Assets/WarFX/Desktop/Textures/MuzzleFlashes/WFX_T_MF Side RIFLE3 A8.png	13913
Assets/JMO Assets/WarFX/Desktop/Textures/MuzzleFlashes/WFX_T_MF Sparks RIFLE1 A8.tga	196652
Assets/JMO Assets/WarFX/Desktop/Textures/MuzzleFlashes/WFX_T_MF Sparks RIFLE2 A8.tga	61247
Assets/JMO Assets/WarFX/Desktop/Textures/MuzzleFlashes/WFX_T_MF Sparks RIFLE3 A8.tga	49295
Assets/JMO Assets/WarFX/Desktop/Textures/Smoke/WFX_T_SmokeLoopAlpha Average.tga	262188
Assets/JMO Assets/WarFX/Desktop/Textures/Smoke/WFX_T_SmokeLoopAlpha.tga	262188
Assets/JMO Assets/WarFX/Desktop/Textures/Smoke/WFX_T_SmokeNoise.tga	228109
Assets/JMO Assets/WarFX/Desktop/Textures/Smoke/WFX_T_SmokeSpikeStretched A8.tga	62254
Assets/JMO Assets/WarFX/Editor/CFX_SpawnSystemEditor.cs	6677
Assets/JMO Assets/WarFX/Mesh/CirclePlane12v.FBX	10885
Assets/JMO Assets/WarFX/Mesh/icosphere.fbx	63455
Assets/JMO Assets/WarFX/Mesh/Plane1x1.FBX	10393
Assets/JMO Assets/WarFX/Mobile/Materials/Bullet Holes/WFXM_BulletHole Concrete Lighted.mat	1299
Assets/JMO Assets/WarFX/Mobile/Materials/Bullet Holes/WFXM_BulletHole Concrete.mat	1153
Assets/JMO Assets/WarFX/Mobile/Materials/Bullet Holes/WFXM_BulletHole Generic Dirt.mat	1157
Assets/JMO Assets/WarFX/Mobile/Materials/Bullet Holes/WFXM_BulletHole Generic Sand.mat	1158
Assets/JMO Assets/WarFX/Mobile/Materials/Bullet Holes/WFXM_BulletHole Generic.mat	1152
Assets/JMO Assets/WarFX/Mobile/Materials/Bullet Holes/WFXM_BulletHole Metal Lighted.mat	1221
Assets/JMO Assets/WarFX/Mobile/Materials/Bullet Holes/WFXM_BulletHole Metal.mat	1150
Assets/JMO Assets/WarFX/Mobile/Materials/Bullet Holes/WFXM_BulletHole Wood Lighted.mat	1125
Assets/JMO Assets/WarFX/Mobile/Materials/Bullet Holes/WFXM_BulletHole Wood.mat	1149
Assets/JMO Assets/WarFX/Mobile/Materials/Flames/WFXM_M_ExplosionFlames Add.mat	1057
Assets/JMO Assets/WarFX/Mobile/Materials/Flames/WFXM_M_FlameBig Add.mat	1046
Assets/JMO Assets/WarFX/Mobile/Materials/Flames/WFXM_M_FlameMine Add.mat	1284
Assets/JMO Assets/WarFX/Mobile/Materials/Flames/WFXM_M_FlameSmall 4F Add.mat	1117
Assets/JMO Assets/WarFX/Mobile/Materials/Flames/WFXM_M_FlameSmall Add.mat	1115
Assets/JMO Assets/WarFX/Mobile/Materials/Flames/WFXM_M_FlameSmall ScrollAdd.mat	1125
Assets/JMO Assets/WarFX/Mobile/Materials/Flames/WFXM_M_FlameThrower Stream.mat	1289
Assets/JMO Assets/WarFX/Mobile/Materials/Flames/WFXM_M_NukeFlames ScrollAdd.mat	1073
Assets/JMO Assets/WarFX/Mobile/Materials/Flames/WFXM_M_StarFlames.mat	1281
Assets/JMO Assets/WarFX/Mobile/Materials/Impacts/WFXM_M_Impact Debris.mat	1142
Assets/JMO Assets/WarFX/Mobile/Materials/Impacts/WFXM_M_Impact Smoke.mat	1141
Assets/JMO Assets/WarFX/Mobile/Materials/Impacts/WFXM_M_Impact WoodDebris.mat	1146
Assets/JMO Assets/WarFX/Mobile/Materials/Impacts/WFXM_M_Sparks Metal.mat	1145
Assets/JMO Assets/WarFX/Mobile/Materials/Misc/WFXM_M_GlowCircle Add.mat	1020
Assets/JMO Assets/WarFX/Mobile/Materials/Misc/WFXM_M_GlowPalet Add.mat	1019
Assets/JMO Assets/WarFX/Mobile/Materials/Misc/WFXM_M_GroundGlow Add.mat	1020
Assets/JMO Assets/WarFX/Mobile/Materials/Misc/WFXM_M_SmallDots Add.mat	1019
Assets/JMO Assets/WarFX/Mobile/Materials/Misc/WFXM_M_SmallDotsInv Mult.mat	1023
Assets/JMO Assets/WarFX/Mobile/Materials/Misc/WFXM_M_StretchPalet.mat	1026
Assets/JMO Assets/WarFX/Mobile/Materials/MuzzleFlashes/WFXM_M_MF FrontRear RIFLE1.mat	1025
Assets/JMO Assets/WarFX/Mobile/Materials/MuzzleFlashes/WFXM_M_MF FrontRear RIFLE2.mat	1025
Assets/JMO Assets/WarFX/Mobile/Materials/MuzzleFlashes/WFXM_M_MF FrontRear RIFLE3.mat	1025
Assets/JMO Assets/WarFX/Mobile/Materials/MuzzleFlashes/WFXM_M_MF Glow.mat	1027
Assets/JMO Assets/WarFX/Mobile/Materials/MuzzleFlashes/WFXM_M_MF Side RIFLE1.mat	1020
Assets/JMO Assets/WarFX/Mobile/Materials/MuzzleFlashes/WFXM_M_MF Side RIFLE2.mat	1020
Assets/JMO Assets/WarFX/Mobile/Materials/MuzzleFlashes/WFXM_M_MF Side RIFLE3.mat	1020
Assets/JMO Assets/WarFX/Mobile/Materials/MuzzleFlashes/WFXM_M_MF Sparks RIFLE1.mat	1058
Assets/JMO Assets/WarFX/Mobile/Materials/MuzzleFlashes/WFXM_M_MF Sparks RIFLE2.mat	1058
Assets/JMO Assets/WarFX/Mobile/Materials/MuzzleFlashes/WFXM_M_MF Sparks RIFLE3.mat	1057
Assets/JMO Assets/WarFX/Mobile/Materials/Smoke/WFXM_M_ExplosiveSmoke.mat	1097
Assets/JMO Assets/WarFX/Mobile/Materials/Smoke/WFXM_M_Smoke SoftMult.mat	1096
Assets/JMO Assets/WarFX/Mobile/Materials/Smoke/WFXM_M_Smoke.mat	1089
Assets/JMO Assets/WarFX/Mobile/Materials/Smoke/WFXM_M_SmokeGrenade AB.mat	1124
Assets/JMO Assets/WarFX/Mobile/Materials/Smoke/WFXM_M_SmokeGrenadeWhite.mat	1099
Assets/JMO Assets/WarFX/Mobile/Materials/Smoke/WFXM_M_SmokeNoise.mat	1092
Assets/JMO Assets/WarFX/Mobile/Materials/Smoke/WFXM_M_SmokeScroll Add.mat	1286
Assets/JMO Assets/WarFX/Mobile/Materials/Smoke/WFXM_M_SmokeScroll SoftMult Average.mat	1110
Assets/JMO Assets/WarFX/Mobile/Materials/Smoke/WFXM_M_SmokeScroll SoftMult.mat	1102
Assets/JMO Assets/WarFX/Mobile/Materials/Smoke/WFXM_M_SmokeSpikeStretched.mat	1231
Assets/JMO Assets/WarFX/Mobile/Textures/Bullet Holes/WFXM_T_BulletHoles Concrete.tga	65580
Assets/JMO Assets/WarFX/Mobile/Textures/Bullet Holes/WFXM_T_BulletHoles Generic.tga	28228
Assets/JMO Assets/WarFX/Mobile/Textures/Bullet Holes/WFXM_T_BulletHoles Metal.tga	65580
Assets/JMO Assets/WarFX/Mobile/Textures/Bullet Holes/WFXM_T_BulletHoles Wood.tga	65580
Assets/JMO Assets/WarFX/Mobile/Textures/Flames/WFXM_T_DoubleFlames A8.tga	123009
Assets/JMO Assets/WarFX/Mobile/Textures/Flames/WFXM_T_FlameMine A8.tga	105943
Assets/JMO Assets/WarFX/Mobile/Textures/Flames/WFXM_T_FlamesBig A8.tga	127249
Assets/JMO Assets/WarFX/Mobile/Textures/Flames/WFXM_T_FlamesBig.tga	262188
Assets/JMO Assets/WarFX/Mobile/Textures/Flames/WFXM_T_FlamesSmall 4frm.tga	262188
Assets/JMO Assets/WarFX/Mobile/Textures/Flames/WFXM_T_FlamesSmallLoopAlpha.tga	262188
Assets/JMO Assets/WarFX/Mobile/Textures/Flames/WFXM_T_FlameThrower Stream.tga	24442
Assets/JMO Assets/WarFX/Mobile/Textures/Flames/WFXM_T_NukeFlames.tga	262188
Assets/JMO Assets/WarFX/Mobile/Textures/Flames/WFXM_T_StarFlames A8.tga	196652
Assets/JMO Assets/WarFX/Mobile/Textures/Misc/WFXM_T_Debris Generic.tga	42471
Assets/JMO Assets/WarFX/Mobile/Textures/Misc/WFXM_T_Debris Wood.tga	260304
Assets/JMO Assets/WarFX/Mobile/Textures/Misc/WFXM_T_GlowCircle A8.png	6098
Assets/JMO Assets/WarFX/Mobile/Textures/Misc/WFXM_T_GlowPalet A8.png	3722
Assets/JMO Assets/WarFX/Mobile/Textures/Misc/WFXM_T_GroundGlow A8.tga	12332
Assets/JMO Assets/WarFX/Mobile/Textures/Misc/WFXM_T_SmallDots A8.png	3637
Assets/JMO Assets/WarFX/Mobile/Textures/Misc/WFXM_T_SmallDots Inversed A8.png	3729
Assets/JMO Assets/WarFX/Mobile/Textures/Misc/WFXM_T_Sparks Metal A8.png	3328
Assets/JMO Assets/WarFX/Mobile/Textures/Misc/WFXM_T_StretchPalet A8.png	959
Assets/JMO Assets/WarFX/Mobile/Textures/MuzzleFlashes/WFXM_T_MF FrontRear RIFLE1 A8.png	15919
Assets/JMO Assets/WarFX/Mobile/Textures/MuzzleFlashes/WFXM_T_MF FrontRear RIFLE2 A8.png	14579
Assets/JMO Assets/WarFX/Mobile/Textures/MuzzleFlashes/WFXM_T_MF FrontRear RIFLE3 A8.png	16578
Assets/JMO Assets/WarFX/Mobile/Textures/MuzzleFlashes/WFXM_T_MF Side RIFLE1 A8.png	11119
Assets/JMO Assets/WarFX/Mobile/Textures/MuzzleFlashes/WFXM_T_MF Side RIFLE2 A8.png	11271
Assets/JMO Assets/WarFX/Mobile/Textures/MuzzleFlashes/WFXM_T_MF Side RIFLE3 A8.png	13913
Assets/JMO Assets/WarFX/Mobile/Textures/MuzzleFlashes/WFXM_T_MF Sparks RIFLE1 A8.tga	196652
Assets/JMO Assets/WarFX/Mobile/Textures/MuzzleFlashes/WFXM_T_MF Sparks RIFLE2 A8.tga	61247
Assets/JMO Assets/WarFX/Mobile/Textures/MuzzleFlashes/WFXM_T_MF Sparks RIFLE3 A8.tga	49295
Assets/JMO Assets/WarFX/Mobile/Textures/Smoke/WFXM_T_SmokeLoopAlpha Average.tga	262188
Assets/JMO Assets/WarFX/Mobile/Textures/Smoke/WFXM_T_SmokeLoopAlpha.tga	262188
Assets/JMO Assets/WarFX/Mobile/Textures/Smoke/WFXM_T_SmokeNoise.tga	228109
Assets/JMO Assets/WarFX/Mobile/Textures/Smoke/WFXM_T_SmokeSpikeStretched A8.tga	62254
Assets/JMO Assets/WarFX/Scripts/CFX_AutoDestructShuriken.cs	629
Assets/JMO Assets/WarFX/Scripts/CFX_LightIntensityFade.cs	1282
Assets/JMO Assets/WarFX/Scripts/WFX_BulletHoleDecal.cs	1875
Assets/JMO Assets/WarFX/Scripts/WFX_LightFlicker.cs	550
Assets/JMO Assets/WarFX/Shaders/WFX_S Add Scroll.shader	2538
Assets/JMO Assets/WarFX/Shaders/WFX_S AlphaBlend NoSoftParticles.shader	1397
Assets/JMO Assets/WarFX/Shaders/WFX_S AlphaBlend Scroll.shader	2154
Assets/JMO Assets/WarFX/Shaders/WFX_S Alpha-Diffuse TintColor.shader	761
Assets/JMO Assets/WarFX/Shaders/WFX_S Alpha-Specular TintColor.shader	964
Assets/JMO Assets/WarFX/Shaders/WFX_S Multiply Soft Scroll.shader	1513
Assets/JMO Assets/WarFX/Shaders/WFX_S Multiply Soft.shader	1446
Assets/JMO Assets/WarFX/Shaders/WFX_S Particle Add A8.shader	2305
Assets/JMO Assets/WarFX/Shaders/WFX_S Particle AddSoft A8.shader	2302
Assets/JMO Assets/WarFX/Shaders/WFX_S Particle Multiply A8.shader	2279
Assets/JMO Assets/WarFX/Shaders/WFX_S Smoke Scroll.shader	1504
Assets/JMO Assets/WarFX/Spawn System/CFX_SpawnSystem.cs	6885
Assets/Kevin Iglesias/Human Animations/Animations/Female/Combat/AssaultRifle/HumanF@AssaultRifle_Aim01.fbx	764144
Assets/Kevin Iglesias/Human Animations/Animations/Female/Combat/AssaultRifle/HumanF@AssaultRifle_Aim01_Shoot01.fbx	481008
Assets/Kevin Iglesias/Human Animations/Animations/Female/Combat/AssaultRifle/HumanF@AssaultRifle_Reload01.fbx	647200
Assets/Kevin Iglesias/Human Animations/Animations/Female/Combat/Bazooka/HumanF@Bazooka_Aim01.fbx	764112
Assets/Kevin Iglesias/Human Animations/Animations/Female/Combat/Bazooka/HumanF@Bazooka_Aim01_Shoot01.fbx	480976
Assets/Kevin Iglesias/Human Animations/Animations/Female/Combat/Bazooka/HumanF@Bazooka_Reload01.fbx	647168
Assets/Kevin Iglesias/Human Animations/Animations/Female/Combat/Grenade/HumanF@ThrowGrenade01_L.fbx	764128
Assets/Kevin Iglesias/Human Animations/Animations/Female/Combat/Gun/HumanF@DualGun_Aim01.fbx	764112
Assets/Kevin Iglesias/Human Animations/Animations/Female/Combat/Gun/HumanF@DualGun_Aim01_Shoot01.fbx	480976
Assets/Kevin Iglesias/Human Animations/Animations/Female/Combat/Gun/HumanF@DualGun_Reload01.fbx	647168
Assets/Kevin Iglesias/Human Animations/Animations/Female/Combat/Gun/HumanF@Gun_Aim01.fbx	764096
Assets/Kevin Iglesias/Human Animations/Animations/Female/Combat/Gun/HumanF@Gun_Aim01_Shoot01.fbx	480960
Assets/Kevin Iglesias/Human Animations/Animations/Female/Combat/Gun/HumanF@Gun_Aim02.fbx	764096
Assets/Kevin Iglesias/Human Animations/Animations/Female/Combat/Gun/HumanF@Gun_Aim02_Shoot01.fbx	480960
Assets/Kevin Iglesias/Human Animations/Animations/Female/Combat/Gun/HumanF@Gun_Reload01.fbx	647152
Assets/Kevin Iglesias/Human Animations/Animations/Female/Combat/Gun/HumanF@Gun_Reload02.fbx	647152
Assets/Kevin Iglesias/Human Animations/Animations/Female/Combat/HumanF@Damage01.fbx	450288
Assets/Kevin Iglesias/Human Animations/Animations/Female/Combat/HumanF@Damage02.fbx	493232
Assets/Kevin Iglesias/Human Animations/Animations/Female/Combat/HumanF@Death01.fbx	468720
Assets/Kevin Iglesias/Human Animations/Animations/Female/Combat/HumanF@Death02.fbx	456416
Assets/Kevin Iglesias/Human Animations/Animations/Female/Combat/HumanF@Death03.fbx	622496
Assets/Kevin Iglesias/Human Animations/Animations/Female/Combat/Rifle/HumanF@Rifle_Aim01.fbx	764112
Assets/Kevin Iglesias/Human Animations/Animations/Female/Combat/Rifle/HumanF@Rifle_Aim01_Shoot01.fbx	480976
Assets/Kevin Iglesias/Human Animations/Animations/Female/Combat/Rifle/HumanF@Rifle_Reload01.fbx	647152
Assets/Kevin Iglesias/Human Animations/Animations/Female/Idles/HumanF@Idle01.fbx	831920
Assets/Kevin Iglesias/Human Animations/Animations/Female/Idles/HumanF@Idle01-MilitaryIdle01.fbx	517920
Assets/Kevin Iglesias/Human Animations/Animations/Female/Idles/HumanF@MilitaryIdle01.fbx	764128
Assets/Kevin Iglesias/Human Animations/Animations/Female/Idles/HumanF@MilitaryIdle01-Idle01.fbx	517920
Assets/Kevin Iglesias/Human Animations/Animations/Female/Movement/Run/HumanF@Run01_Backward.fbx	444144
Assets/Kevin Iglesias/Human Animations/Animations/Female/Movement/Run/HumanF@Run01_BackwardLeft.fbx	444160
Assets/Kevin Iglesias/Human Animations/Animations/Female/Movement/Run/HumanF@Run01_BackwardRight.fbx	444160
Assets/Kevin Iglesias/Human Animations/Animations/Female/Movement/Run/HumanF@Run01_Forward.fbx	444128
Assets/Kevin Iglesias/Human Animations/Animations/Female/Movement/Run/HumanF@Run01_ForwardLeft.fbx	444160
Assets/Kevin Iglesias/Human Animations/Animations/Female/Movement/Run/HumanF@Run01_ForwardRight.fbx	444160
Assets/Kevin Iglesias/Human Animations/Animations/Female/Movement/Run/HumanF@Run01_Left.fbx	444112
Assets/Kevin Iglesias/Human Animations/Animations/Female/Movement/Run/HumanF@Run01_Right.fbx	444128
Assets/Kevin Iglesias/Human Animations/Animations/Female/Movement/Run/RootMotion/HumanF@Run01_Backward [RM].fbx	444160
Assets/Kevin Iglesias/Human Animations/Animations/Female/Movement/Run/RootMotion/HumanF@Run01_BackwardLeft [RM].fbx	444176
Assets/Kevin Iglesias/Human Animations/Animations/Female/Movement/Run/RootMotion/HumanF@Run01_BackwardRight [RM].fbx	444192
Assets/Kevin Iglesias/Human Animations/Animations/Female/Movement/Run/RootMotion/HumanF@Run01_Forward [RM].fbx	444160
Assets/Kevin Iglesias/Human Animations/Animations/Female/Movement/Run/RootMotion/HumanF@Run01_ForwardLeft [RM].fbx	444176
Assets/Kevin Iglesias/Human Animations/Animations/Female/Movement/Run/RootMotion/HumanF@Run01_ForwardRight [RM].fbx	444176
Assets/Kevin Iglesias/Human Animations/Animations/Female/Movement/Run/RootMotion/HumanF@Run01_Left [RM].fbx	444144
Assets/Kevin Iglesias/Human Animations/Animations/Female/Movement/Run/RootMotion/HumanF@Run01_Right [RM].fbx	444144
Assets/Kevin Iglesias/Human Animations/Animations/Female/Movement/Walk/HumanF@Walk01_Backward.fbx	481072
Assets/Kevin Iglesias/Human Animations/Animations/Female/Movement/Walk/HumanF@Walk01_BackwardLeft.fbx	481104
Assets/Kevin Iglesias/Human Animations/Animations/Female/Movement/Walk/HumanF@Walk01_BackwardRight.fbx	481104
Assets/Kevin Iglesias/Human Animations/Animations/Female/Movement/Walk/HumanF@Walk01_Forward.fbx	481072
Assets/Kevin Iglesias/Human Animations/Animations/Female/Movement/Walk/HumanF@Walk01_ForwardLeft.fbx	481088
Assets/Kevin Iglesias/Human Animations/Animations/Female/Movement/Walk/HumanF@Walk01_ForwardRight.fbx	481104
Assets/Kevin Iglesias/Human Animations/Animations/Female/Movement/Walk/HumanF@Walk01_Left.fbx	481056
Assets/Kevin Iglesias/Human Animations/Animations/Female/Movement/Walk/HumanF@Walk01_Right.fbx	481072
Assets/Kevin Iglesias/Human Animations/Animations/Female/Movement/Walk/RootMotion/HumanF@Walk01_Backward [RM].fbx	481104
Assets/Kevin Iglesias/Human Animations/Animations/Female/Movement/Walk/RootMotion/HumanF@Walk01_BackwardLeft [RM].fbx	481120
Assets/Kevin Iglesias/Human Animations/Animations/Female/Movement/Walk/RootMotion/HumanF@Walk01_BackwardRight [RM].fbx	481136
Assets/Kevin Iglesias/Human Animations/Animations/Female/Movement/Walk/RootMotion/HumanF@Walk01_Forward [RM].fbx	481104
Assets/Kevin Iglesias/Human Animations/Animations/Female/Movement/Walk/RootMotion/HumanF@Walk01_ForwardLeft [RM].fbx	481120
Assets/Kevin Iglesias/Human Animations/Animations/Female/Movement/Walk/RootMotion/HumanF@Walk01_ForwardRight [RM].fbx	481120
Assets/Kevin Iglesias/Human Animations/Animations/Female/Movement/Walk/RootMotion/HumanF@Walk01_Left [RM].fbx	481088
Assets/Kevin Iglesias/Human Animations/Animations/Female/Movement/Walk/RootMotion/HumanF@Walk01_Right [RM].fbx	481088
Assets/Kevin Iglesias/Human Animations/Animations/HumanSoldierAnimationsFREE_BlenderFiles.zip	3599918
Assets/Kevin Iglesias/Human Animations/Animations/Male/Combat/AssaultRifle/HumanM@AssaultRifle_Aim01.fbx	764144
Assets/Kevin Iglesias/Human Animations/Animations/Male/Combat/AssaultRifle/HumanM@AssaultRifle_Aim01_Shoot01.fbx	481008
Assets/Kevin Iglesias/Human Animations/Animations/Male/Combat/AssaultRifle/HumanM@AssaultRifle_Reload01.fbx	647200
Assets/Kevin Iglesias/Human Animations/Animations/Male/Combat/Bazooka/HumanM@Bazooka_Aim01.fbx	764112
Assets/Kevin Iglesias/Human Animations/Animations/Male/Combat/Bazooka/HumanM@Bazooka_Aim01_Shoot01.fbx	480976
Assets/Kevin Iglesias/Human Animations/Animations/Male/Combat/Bazooka/HumanM@Bazooka_Reload01.fbx	647168
Assets/Kevin Iglesias/Human Animations/Animations/Male/Combat/Grenade/HumanM@ThrowGrenade01_L.fbx	764128
Assets/Kevin Iglesias/Human Animations/Animations/Male/Combat/Gun/HumanM@DualGun_Aim01.fbx	764112
Assets/Kevin Iglesias/Human Animations/Animations/Male/Combat/Gun/HumanM@DualGun_Aim01_Shoot01.fbx	480976
Assets/Kevin Iglesias/Human Animations/Animations/Male/Combat/Gun/HumanM@DualGun_Reload01.fbx	647168
Assets/Kevin Iglesias/Human Animations/Animations/Male/Combat/Gun/HumanM@Gun_Aim01.fbx	764096
Assets/Kevin Iglesias/Human Animations/Animations/Male/Combat/Gun/HumanM@Gun_Aim01_Shoot01.fbx	480960
Assets/Kevin Iglesias/Human Animations/Animations/Male/Combat/Gun/HumanM@Gun_Aim02.fbx	764096
Assets/Kevin Iglesias/Human Animations/Animations/Male/Combat/Gun/HumanM@Gun_Aim02_Shoot01.fbx	480960
Assets/Kevin Iglesias/Human Animations/Animations/Male/Combat/Gun/HumanM@Gun_Reload01.fbx	647152
Assets/Kevin Iglesias/Human Animations/Animations/Male/Combat/Gun/HumanM@Gun_Reload02.fbx	647152
Assets/Kevin Iglesias/Human Animations/Animations/Male/Combat/HumanM@Damage01.fbx	450160
Assets/Kevin Iglesias/Human Animations/Animations/Male/Combat/HumanM@Damage02.fbx	493232
Assets/Kevin Iglesias/Human Animations/Animations/Male/Combat/HumanM@Death01.fbx	468592
Assets/Kevin Iglesias/Human Animations/Animations/Male/Combat/HumanM@Death02.fbx	456288
Assets/Kevin Iglesias/Human Animations/Animations/Male/Combat/HumanM@Death03.fbx	622496
Assets/Kevin Iglesias/Human Animations/Animations/Male/Combat/Rifle/HumanM@Rifle_Aim01.fbx	764112
Assets/Kevin Iglesias/Human Animations/Animations/Male/Combat/Rifle/HumanM@Rifle_Aim01_Shoot01.fbx	480976
Assets/Kevin Iglesias/Human Animations/Animations/Male/Combat/Rifle/HumanM@Rifle_Reload01.fbx	647152
Assets/Kevin Iglesias/Human Animations/Animations/Male/Idles/HumanM@Idle01.fbx	831792
Assets/Kevin Iglesias/Human Animations/Animations/Male/Idles/HumanM@Idle01-MilitaryIdle01.fbx	517920
Assets/Kevin Iglesias/Human Animations/Animations/Male/Idles/HumanM@MilitaryIdle01.fbx	764128
Assets/Kevin Iglesias/Human Animations/Animations/Male/Idles/HumanM@MilitaryIdle01-Idle01.fbx	517920
Assets/Kevin Iglesias/Human Animations/Animations/Male/Movement/Run/HumanM@Run01_Backward.fbx	444016
Assets/Kevin Iglesias/Human Animations/Animations/Male/Movement/Run/HumanM@Run01_BackwardLeft.fbx	444032
Assets/Kevin Iglesias/Human Animations/Animations/Male/Movement/Run/HumanM@Run01_BackwardRight.fbx	444032
Assets/Kevin Iglesias/Human Animations/Animations/Male/Movement/Run/HumanM@Run01_Forward.fbx	444000
Assets/Kevin Iglesias/Human Animations/Animations/Male/Movement/Run/HumanM@Run01_ForwardLeft.fbx	444032
Assets/Kevin Iglesias/Human Animations/Animations/Male/Movement/Run/HumanM@Run01_ForwardRight.fbx	444032
Assets/Kevin Iglesias/Human Animations/Animations/Male/Movement/Run/HumanM@Run01_Left.fbx	443984
Assets/Kevin Iglesias/Human Animations/Animations/Male/Movement/Run/HumanM@Run01_Right.fbx	444000
Assets/Kevin Iglesias/Human Animations/Animations/Male/Movement/Run/RootMotion/HumanM@Run01_Backward [RM].fbx	444032
Assets/Kevin Iglesias/Human Animations/Animations/Male/Movement/Run/RootMotion/HumanM@Run01_BackwardLeft [RM].fbx	444048
Assets/Kevin Iglesias/Human Animations/Animations/Male/Movement/Run/RootMotion/HumanM@Run01_BackwardRight [RM].fbx	444064
Assets/Kevin Iglesias/Human Animations/Animations/Male/Movement/Run/RootMotion/HumanM@Run01_Forward [RM].fbx	444032
Assets/Kevin Iglesias/Human Animations/Animations/Male/Movement/Run/RootMotion/HumanM@Run01_ForwardLeft [RM].fbx	444048
Assets/Kevin Iglesias/Human Animations/Animations/Male/Movement/Run/RootMotion/HumanM@Run01_ForwardRight [RM].fbx	444048
Assets/Kevin Iglesias/Human Animations/Animations/Male/Movement/Run/RootMotion/HumanM@Run01_Left [RM].fbx	444016
Assets/Kevin Iglesias/Human Animations/Animations/Male/Movement/Run/RootMotion/HumanM@Run01_Right [RM].fbx	444016
Assets/Kevin Iglesias/Human Animations/Animations/Male/Movement/Walk/HumanM@Walk01_Backward.fbx	480944
Assets/Kevin Iglesias/Human Animations/Animations/Male/Movement/Walk/HumanM@Walk01_BackwardLeft.fbx	480976
Assets/Kevin Iglesias/Human Animations/Animations/Male/Movement/Walk/HumanM@Walk01_BackwardRight.fbx	480976
Assets/Kevin Iglesias/Human Animations/Animations/Male/Movement/Walk/HumanM@Walk01_Forward.fbx	480944
Assets/Kevin Iglesias/Human Animations/Animations/Male/Movement/Walk/HumanM@Walk01_ForwardLeft.fbx	480960
Assets/Kevin Iglesias/Human Animations/Animations/Male/Movement/Walk/HumanM@Walk01_ForwardRight.fbx	480976
Assets/Kevin Iglesias/Human Animations/Animations/Male/Movement/Walk/HumanM@Walk01_Left.fbx	480928
Assets/Kevin Iglesias/Human Animations/Animations/Male/Movement/Walk/HumanM@Walk01_Right.fbx	480944
Assets/Kevin Iglesias/Human Animations/Animations/Male/Movement/Walk/RootMotion/HumanM@Walk01_Backward [RM].fbx	480976
Assets/Kevin Iglesias/Human Animations/Animations/Male/Movement/Walk/RootMotion/HumanM@Walk01_BackwardLeft [RM].fbx	480992
Assets/Kevin Iglesias/Human Animations/Animations/Male/Movement/Walk/RootMotion/HumanM@Walk01_BackwardRight [RM].fbx	481008
Assets/Kevin Iglesias/Human Animations/Animations/Male/Movement/Walk/RootMotion/HumanM@Walk01_Forward [RM].fbx	480976
Assets/Kevin Iglesias/Human Animations/Animations/Male/Movement/Walk/RootMotion/HumanM@Walk01_ForwardLeft [RM].fbx	480992
Assets/Kevin Iglesias/Human Animations/Animations/Male/Movement/Walk/RootMotion/HumanM@Walk01_ForwardRight [RM].fbx	480992
Assets/Kevin Iglesias/Human Animations/Animations/Male/Movement/Walk/RootMotion/HumanM@Walk01_Left [RM].fbx	480960
Assets/Kevin Iglesias/Human Animations/Animations/Male/Movement/Walk/RootMotion/HumanM@Walk01_Right [RM].fbx	480960
Assets/Kevin Iglesias/Human Animations/Animations/Masked Poses/Human@HandsClosed01.fbx	394752
Assets/Kevin Iglesias/Human Animations/Animations/Masked Poses/Human@ObjectGripHands01.fbx	394768
Assets/Kevin Iglesias/Human Animations/Animations/Masked Poses/HumanF@WeaponHold_AssaultRifle01.fbx	394816
Assets/Kevin Iglesias/Human Animations/Animations/Masked Poses/HumanF@WeaponHold_Bazooka01.fbx	394800
Assets/Kevin Iglesias/Human Animations/Animations/Masked Poses/HumanF@WeaponHold_Rifle01.fbx	394784
Assets/Kevin Iglesias/Human Animations/Animations/Masked Poses/HumanM@WeaponHold_AssaultRifle01.fbx	394816
Assets/Kevin Iglesias/Human Animations/Animations/Masked Poses/HumanM@WeaponHold_Bazooka01.fbx	394800
Assets/Kevin Iglesias/Human Animations/Animations/Masked Poses/HumanM@WeaponHold_Rifle01.fbx	394784
Assets/Kevin Iglesias/Human Animations/Human Soldier Animations 2.0 FREE.pdf	169570
Assets/Kevin Iglesias/Human Animations/Materials/HumanAnimations_Dummy-Green.mat	2494
Assets/Kevin Iglesias/Human Animations/Models/Avatar Masks/Arms/Human Arm Left Mask.mask	6693
Assets/Kevin Iglesias/Human Animations/Models/Avatar Masks/Arms/Human Arm Right Mask.mask	6694
Assets/Kevin Iglesias/Human Animations/Models/Avatar Masks/Arms/Human Arms Mask.mask	6689
Assets/Kevin Iglesias/Human Animations/Models/Avatar Masks/Hands/Human Hand Left Mask.mask	6694
Assets/Kevin Iglesias/Human Animations/Models/Avatar Masks/Hands/Human Hand Right Mask.mask	6695
Assets/Kevin Iglesias/Human Animations/Models/Avatar Masks/Hands/Human Hands Mask.mask	6690
Assets/Kevin Iglesias/Human Animations/Models/Avatar Masks/Human Body Full Mask.mask	6694
Assets/Kevin Iglesias/Human Animations/Models/Avatar Masks/Human Body Upper Mask.mask	6695
Assets/Kevin Iglesias/Human Animations/Models/Avatar Masks/Human Head Mask.mask	6689
Assets/Kevin Iglesias/Human Animations/Models/HumanF_Model.fbx	974176
Assets/Kevin Iglesias/Human Animations/Models/HumanM_Model.fbx	935856
Assets/Kevin Iglesias/Human Animations/Scripts/SpineProxy.cs	2477
Assets/Kevin Iglesias/Human Animations/Scripts/UpperBodyAnimations-SpineProxy.url	70
Assets/Kevin Iglesias/Human Animations/Textures/HumanAnimations_ColorPalette.png	7694
Assets/Kevin Iglesias/Human Animations/Unity Demo Scenes/Human Soldier Animations/AnimatorControllers/HumanF@SoldierAnimations.overrideController	24981
Assets/Kevin Iglesias/Human Animations/Unity Demo Scenes/Human Soldier Animations/AnimatorControllers/HumanM@SoldierAnimations.controller	403262
Assets/Kevin Iglesias/Human Animations/Unity Demo Scenes/Human Soldier Animations/Human Soldier Animations - Unity Demo Scene.unity	371179
Assets/Kevin Iglesias/Human Animations/Unity Demo Scenes/Human Soldier Animations/Materials/HumanSoldierAnimations_Floor.mat	2231
Assets/Kevin Iglesias/Human Animations/Unity Demo Scenes/Human Soldier Animations/Materials/HumanSoldierAnimations_Props.mat	2280
Assets/Kevin Iglesias/Human Animations/Unity Demo Scenes/Human Soldier Animations/Models/Human_AssaultRifle.fbx	67024
Assets/Kevin Iglesias/Human Animations/Unity Demo Scenes/Human Soldier Animations/Models/Human_Bazooka.fbx	30240
Assets/Kevin Iglesias/Human Animations/Unity Demo Scenes/Human Soldier Animations/Models/Human_Gun.fbx	32032
Assets/Kevin Iglesias/Human Animations/Unity Demo Scenes/Human Soldier Animations/Models/Human_Rifle.fbx	38160
Assets/Kevin Iglesias/Human Animations/Unity Demo Scenes/Human Soldier Animations/Models/Human_SoldierHelmet.fbx	31024
Assets/Kevin Iglesias/Human Animations/Unity Demo Scenes/Human Soldier Animations/Prefabs/SoldierAssaultRifleF.prefab	80242
Assets/Kevin Iglesias/Human Animations/Unity Demo Scenes/Human Soldier Animations/Prefabs/SoldierAssaultRifleM.prefab	27094
Assets/Kevin Iglesias/Human Animations/Unity Demo Scenes/Human Soldier Animations/Prefabs/SoldierBazookaF.prefab	80235
Assets/Kevin Iglesias/Human Animations/Unity Demo Scenes/Human Soldier Animations/Prefabs/SoldierBazookaM.prefab	27087
Assets/Kevin Iglesias/Human Animations/Unity Demo Scenes/Human Soldier Animations/Prefabs/SoldierDualGunF.prefab	80247
Assets/Kevin Iglesias/Human Animations/Unity Demo Scenes/Human Soldier Animations/Prefabs/SoldierDualGunM.prefab	27079
Assets/Kevin Iglesias/Human Animations/Unity Demo Scenes/Human Soldier Animations/Prefabs/SoldierGunF.prefab	80236
Assets/Kevin Iglesias/Human Animations/Unity Demo Scenes/Human Soldier Animations/Prefabs/SoldierGunM.prefab	27092
Assets/Kevin Iglesias/Human Animations/Unity Demo Scenes/Human Soldier Animations/Prefabs/SoldierRifleF.prefab	80234
Assets/Kevin Iglesias/Human Animations/Unity Demo Scenes/Human Soldier Animations/Prefabs/SoldierRifleM.prefab	27086
Assets/Kevin Iglesias/Human Animations/Unity Demo Scenes/Human Soldier Animations/Prefabs/Weapons/Human_AssaultRifle.prefab	2708
Assets/Kevin Iglesias/Human Animations/Unity Demo Scenes/Human Soldier Animations/Prefabs/Weapons/Human_Bazooka.prefab	2704
Assets/Kevin Iglesias/Human Animations/Unity Demo Scenes/Human Soldier Animations/Prefabs/Weapons/Human_Gun.prefab	2700
Assets/Kevin Iglesias/Human Animations/Unity Demo Scenes/Human Soldier Animations/Prefabs/Weapons/Human_Rifle.prefab	2702
Assets/Kevin Iglesias/Human Animations/Unity Demo Scenes/Human Soldier Animations/Scripts/HumanSoldierChangeWeaponSMB.cs	1118
Assets/Kevin Iglesias/Human Animations/Unity Demo Scenes/Human Soldier Animations/Scripts/HumanSoldierController.cs	4129
Assets/Kevin Iglesias/IKHelperTool/Animations/IK@BazookaIdle.anim	4092387
Assets/Kevin Iglesias/IKHelperTool/Animations/IK@BazookaRun.anim	1313049
Assets/Kevin Iglesias/IKHelperTool/Animations/IK@GreatswordAttack.anim	2937501
Assets/Kevin Iglesias/IKHelperTool/Animations/IK@GreatswordIdle.anim	2715185
Assets/Kevin Iglesias/IKHelperTool/Animations/IK@RifleIdle.anim	3952925
Assets/Kevin Iglesias/IKHelperTool/Animations/IK@RifleRun.anim	1267975
Assets/Kevin Iglesias/IKHelperTool/Animations/IK@SpearAttack.anim	2527558
Assets/Kevin Iglesias/IKHelperTool/Animations/IK@SpearIdle.anim	2699398
Assets/Kevin Iglesias/IKHelperTool/Animations/NoIK@BazookaGrenade.fbx	1162930
Assets/Kevin Iglesias/IKHelperTool/Animations/NoIK@BazookaIdle.fbx	1136206
Assets/Kevin Iglesias/IKHelperTool/Animations/NoIK@BazookaRun.fbx	424102
Assets/Kevin Iglesias/IKHelperTool/Animations/NoIK@GreatswordAttack.fbx	764507
Assets/Kevin Iglesias/IKHelperTool/Animations/NoIK@GreatswordIdle.fbx	710291
Assets/Kevin Iglesias/IKHelperTool/Animations/NoIK@RifleGrenade.fbx	1165671
Assets/Kevin Iglesias/IKHelperTool/Animations/NoIK@RifleIdle.fbx	1135427
Assets/Kevin Iglesias/IKHelperTool/Animations/NoIK@RifleRun.fbx	423862
Assets/Kevin Iglesias/IKHelperTool/Animations/NoIK@Run.fbx	332896
Assets/Kevin Iglesias/IKHelperTool/Animations/NoIK@SpearAttack.fbx	669787
Assets/Kevin Iglesias/IKHelperTool/Animations/NoIK@SpearIdle.fbx	709723
Assets/Kevin Iglesias/IKHelperTool/AnimatorControllers/IKBazookaExample.controller	6133
Assets/Kevin Iglesias/IKHelperTool/AnimatorControllers/IKGreatswordExample.controller	6134
Assets/Kevin Iglesias/IKHelperTool/AnimatorControllers/IKRifleExample.controller	6131
Assets/Kevin Iglesias/IKHelperTool/AnimatorControllers/IKSpearExample.controller	6128
Assets/Kevin Iglesias/IKHelperTool/IKHelperTool Documentation.pdf	2061884
Assets/Kevin Iglesias/IKHelperTool/IKHelperTool Examples.unity	753296
Assets/Kevin Iglesias/IKHelperTool/Materials/IKHelperToolExampleMaterial.mat	2426
Assets/Kevin Iglesias/IKHelperTool/Materials/IKHelperToolFloorMaterial.mat	2274
Assets/Kevin Iglesias/IKHelperTool/Materials/IKHelperToolGreenMaterial.mat	2800
Assets/Kevin Iglesias/IKHelperTool/Materials/IKHelperToolMainMaterial.mat	2419
Assets/Kevin Iglesias/IKHelperTool/Materials/IKHelperToolRedMaterial.mat	2798
Assets/Kevin Iglesias/IKHelperTool/Models/IKCharacterDummyExample.fbx	336278
Assets/Kevin Iglesias/IKHelperTool/Models/IKCharacterDummyMain.fbx	702255
Assets/Kevin Iglesias/IKHelperTool/Models/IKWeaponBazooka.fbx	47881
Assets/Kevin Iglesias/IKHelperTool/Models/IKWeaponGreatsword.fbx	40575
Assets/Kevin Iglesias/IKHelperTool/Models/IKWeaponRifle.fbx	60315
Assets/Kevin Iglesias/IKHelperTool/Models/IKWeaponSpear.fbx	10452
Assets/Kevin Iglesias/IKHelperTool/Prefabs/IKCharacterExampleBazooka.prefab	52397
Assets/Kevin Iglesias/IKHelperTool/Prefabs/IKCharacterExampleGreatsword.prefab	52392
Assets/Kevin Iglesias/IKHelperTool/Prefabs/IKCharacterExampleRifle.prefab	52374
Assets/Kevin Iglesias/IKHelperTool/Prefabs/IKCharacterExampleSpear.prefab	52347
Assets/Kevin Iglesias/IKHelperTool/Prefabs/IKCharacterMainBazooka.prefab	66985
Assets/Kevin Iglesias/IKHelperTool/Prefabs/IKCharacterMainGreatsword.prefab	66980
Assets/Kevin Iglesias/IKHelperTool/Prefabs/IKCharacterMainRifle.prefab	66518
Assets/Kevin Iglesias/IKHelperTool/Prefabs/IKCharacterMainSpear.prefab	66963
Assets/Kevin Iglesias/IKHelperTool/Prefabs/IKWeaponBazooka.prefab	2439
Assets/Kevin Iglesias/IKHelperTool/Prefabs/IKWeaponGreatsword.prefab	2431
Assets/Kevin Iglesias/IKHelperTool/Prefabs/IKWeaponRifle.prefab	2373
Assets/Kevin Iglesias/IKHelperTool/Prefabs/IKWeaponSpear.prefab	2364
Assets/Kevin Iglesias/IKHelperTool/Scripts/IKHelperTool.cs	1808
Assets/Kevin Iglesias/IKHelperTool/Scripts/IKHelperToolAnimationCurve.cs	1628
Assets/Kevin Iglesias/IKHelperTool/Textures/IKHelperToolFloor.png	22175
Assets/Kevin Iglesias/IKHelperTool/Textures/IKHelperToolTextures.png	10996
Assets/Materials/Alternate_Dirt.mat	4008
Assets/Materials/BloodSplatParticle.mat	4834
Assets/Materials/Bullet.mat	3908
Assets/Materials/Coin.mat	4035
Assets/Materials/DustPuffParticle.mat	2527
Assets/Materials/EmbersParticle.mat	2534
Assets/Materials/FlameRoundYellowParticle.mat	4276
Assets/Materials/Gold.mat	4062
Assets/Materials/Grass.mat	3998
Assets/Materials/Gray.mat	4073
Assets/Materials/Heart.mat	3993
Assets/Materials/light.mat	2310
Assets/Materials/metal.mat	3868
Assets/Materials/MuzzleFlashParticle.mat	2428
Assets/Materials/Redwood.mat	4071
Assets/Materials/ShallCasing.mat	3987
Assets/Materials/SmokeLightParticle.mat	4617
Assets/Materials/stone.mat	4026
Assets/Materials/Water.mat	3858
Assets/Materials/wax.mat	3855
Assets/Materials/Woman.mat	4030
Assets/Materials/wood.mat	3866
Assets/Materials/woodDark.mat	3876
Assets/Materials/Zombie.mat	4029
Assets/MoCapCentral/MC_Sample/Animations/BallBalance/MCU_am_Cine_BallBalance.FBX	4610528
Assets/MoCapCentral/MC_Sample/Animations/Cine/MCU_am_Staff_Cine_01_WalkFwd.FBX	2440016
Assets/MoCapCentral/MC_Sample/Animations/ctrl_BallBalance.controller	2056
Assets/MoCapCentral/MC_Sample/Animations/ctrl_Cine.controller	2054
Assets/MoCapCentral/MC_Sample/Animations/ctrl_Dance_ChickenWing.controller	2071
Assets/MoCapCentral/MC_Sample/Animations/ctrl_Dance_FreeStyle.controller	18537
Assets/MoCapCentral/MC_Sample/Animations/ctrl_Dance_Groovy.controller	5479
Assets/MoCapCentral/MC_Sample/Animations/ctrl_Dance_LegsKickArmsPump.controller	2074
Assets/MoCapCentral/MC_Sample/Animations/ctrl_Dance_Sprinkler.controller	2068
Assets/MoCapCentral/MC_Sample/Animations/ctrl_Drill.controller	5481
Assets/MoCapCentral/MC_Sample/Animations/ctrl_Drunk.controller	2052
Assets/MoCapCentral/MC_Sample/Animations/ctrl_Drunk_Walk.controller	2892
Assets/MoCapCentral/MC_Sample/Animations/ctrl_Emotions_Excited.controller	5740
Assets/MoCapCentral/MC_Sample/Animations/ctrl_Emotions_ExcitedHeelClick.controller	2084
Assets/MoCapCentral/MC_Sample/Animations/ctrl_Emotions_Frustrated.controller	7198
Assets/MoCapCentral/MC_Sample/Animations/ctrl_Emotions_Sad.controller	2062
Assets/MoCapCentral/MC_Sample/Animations/ctrl_Emotions_ThisGuy.controller	2075
Assets/MoCapCentral/MC_Sample/Animations/ctrl_Fight_Kickdown_A.controller	2078
Assets/MoCapCentral/MC_Sample/Animations/ctrl_Fight_Kickdown_B.controller	2075
Assets/MoCapCentral/MC_Sample/Animations/ctrl_Fight_Knockdown_A.controller	2080
Assets/MoCapCentral/MC_Sample/Animations/ctrl_Fight_Knockdown_B.controller	2077
Assets/MoCapCentral/MC_Sample/Animations/ctrl_Idle_HatTip.controller	2059
Assets/MoCapCentral/MC_Sample/Animations/ctrl_Idle_Talk.controller	2068
Assets/MoCapCentral/MC_Sample/Animations/ctrl_Idles.controller	6896
Assets/MoCapCentral/MC_Sample/Animations/ctrl_InjuredDropToFloor.controller	5497
Assets/MoCapCentral/MC_Sample/Animations/ctrl_InjuredIdles.controller	5499
Assets/MoCapCentral/MC_Sample/Animations/ctrl_InjuredTurns.controller	6913
Assets/MoCapCentral/MC_Sample/Animations/ctrl_InjuredWalk.controller	6344
Assets/MoCapCentral/MC_Sample/Animations/ctrl_Moonshine.controller	5464
Assets/MoCapCentral/MC_Sample/Animations/ctrl_OrcHammer_Bwd.controller	2073
Assets/MoCapCentral/MC_Sample/Animations/ctrl_OrcHammer_BwdLeft.controller	2081
Assets/MoCapCentral/MC_Sample/Animations/ctrl_OrcHammer_BwdRight.controller	2083
Assets/MoCapCentral/MC_Sample/Animations/ctrl_OrcHammer_Fwd.controller	2076
Assets/MoCapCentral/MC_Sample/Animations/ctrl_OrcHammer_FwdLeft.controller	2081
Assets/MoCapCentral/MC_Sample/Animations/ctrl_OrcHammer_FwdRight.controller	2083
Assets/MoCapCentral/MC_Sample/Animations/ctrl_OrcHammer_Left.controller	2075
Assets/MoCapCentral/MC_Sample/Animations/ctrl_OrcHammer_Right.controller	2077
Assets/MoCapCentral/MC_Sample/Animations/ctrl_OrcHammerIdle.controller	2057
Assets/MoCapCentral/MC_Sample/Animations/ctrl_Piano.controller	5464
Assets/MoCapCentral/MC_Sample/Animations/ctrl_PretendHorse.controller	13658
Assets/MoCapCentral/MC_Sample/Animations/ctrl_PretendHorse_CoconutHold.controller	13670
Assets/MoCapCentral/MC_Sample/Animations/ctrl_ProneCrawl.controller	5474
Assets/MoCapCentral/MC_Sample/Animations/ctrl_ProposeA.controller	2069
Assets/MoCapCentral/MC_Sample/Animations/ctrl_ProposeB.controller	2079
Assets/MoCapCentral/MC_Sample/Animations/ctrl_Sing.controller	2050
Assets/MoCapCentral/MC_Sample/Animations/ctrl_Spellbook.controller	9719
Assets/MoCapCentral/MC_Sample/Animations/ctrl_Spellbook_Start.controller	2645
Assets/MoCapCentral/MC_Sample/Animations/ctrl_Spellbook_Stop.controller	2644
Assets/MoCapCentral/MC_Sample/Animations/ctrl_Stinky.controller	4058
Assets/MoCapCentral/MC_Sample/Animations/ctrl_Swagger.controller	2062
Assets/MoCapCentral/MC_Sample/Animations/ctrl_Undead_Eat.controller	6884
Assets/MoCapCentral/MC_Sample/Animations/ctrl_VendingMachine.controller	6870
Assets/MoCapCentral/MC_Sample/Animations/Dance/MCU_af_Stand_DanceChickenWing.FBX	2299632
Assets/MoCapCentral/MC_Sample/Animations/Dance/MCU_af_Stand_DanceGroovy_01_Loop.FBX	1096528
Assets/MoCapCentral/MC_Sample/Animations/Dance/MCU_af_Stand_DanceGroovy_Start.FBX	1420848
Assets/MoCapCentral/MC_Sample/Animations/Dance/MCU_af_Stand_DanceGroovy_Stop.FBX	1519136
Assets/MoCapCentral/MC_Sample/Animations/Dance/MCU_af_Stand_DanceSprinkler.FBX	2226736
Assets/MoCapCentral/MC_Sample/Animations/Dance/MCU_am_Dance_LegsKickArmsPump.FBX	1617408
Assets/MoCapCentral/MC_Sample/Animations/Dance/MCU_am_HandsHips_Dance_FreeStyle_Loop.FBX	3624256
Assets/MoCapCentral/MC_Sample/Animations/Dance/MCU_am_HandsHips_Dance_LegsKick_01_Loop.FBX	1027744
Assets/MoCapCentral/MC_Sample/Animations/Dance/MCU_am_HandsHips_Dance_LegsKick_02_Loop.FBX	1568288
Assets/MoCapCentral/MC_Sample/Animations/Dance/MCU_am_HandsHips_Dance_LegsKick_Start.FBX	1224304
Assets/MoCapCentral/MC_Sample/Animations/Dance/MCU_am_HandsHips_Dance_LegsKick_Stop.FBX	1076880
Assets/MoCapCentral/MC_Sample/Animations/Dance/MCU_am_HandsHips_Dance_LookToSide_01_Loop.FBX	1470016
Assets/MoCapCentral/MC_Sample/Animations/Dance/MCU_am_HandsHips_Dance_LookToSide_Start.FBX	929472
Assets/MoCapCentral/MC_Sample/Animations/Dance/MCU_am_HandsHips_Dance_LookToSide_Stop.FBX	1322592
Assets/MoCapCentral/MC_Sample/Animations/Dance/MCU_am_HandsHips_Dance_PumpArms_01_Loop.FBX	1784512
Assets/MoCapCentral/MC_Sample/Animations/Dance/MCU_am_HandsHips_Dance_PumpArms_Start.FBX	831184
Assets/MoCapCentral/MC_Sample/Animations/Dance/MCU_am_HandsHips_Dance_PumpArms_Stop.FBX	978608
Assets/MoCapCentral/MC_Sample/Animations/Dance/MCU_am_HandsHips_Trans_Stand.FBX	831168
Assets/MoCapCentral/MC_Sample/Animations/Dance/MCU_am_Stand_Trans_HandsHips.FBX	782032
Assets/MoCapCentral/MC_Sample/Animations/Drill/MCU_am_Stand_Trans_StandDrillLow.FBX	978592
Assets/MoCapCentral/MC_Sample/Animations/Drill/MCU_am_StandDrillLow_01_Drill.FBX	929456
Assets/MoCapCentral/MC_Sample/Animations/Drill/MCU_am_StandDrillLow_Trans_Stand.FBX	1273440
Assets/MoCapCentral/MC_Sample/Animations/Drunk/MCU_am_Drunk_Loco_Walk_01.FBX	1524848
Assets/MoCapCentral/MC_Sample/Animations/Drunk/MCU_am_Drunk_Loco_Walk_01_NoRM.FBX	1524864
Assets/MoCapCentral/MC_Sample/Animations/Drunk/MCU_am_StandDrunk_Idle_01.FBX	1590368
Assets/MoCapCentral/MC_Sample/Animations/Emotions/MCU_am_Stand_Emotion_Frustrated_01_All.FBX	2157600
Assets/MoCapCentral/MC_Sample/Animations/Emotions/MCU_am_Stand_Emotion_Frustrated_01_GrabHead.FBX	1273472
Assets/MoCapCentral/MC_Sample/Animations/Emotions/MCU_am_Stand_Emotion_Frustrated_01_Start.FBX	1175184
Assets/MoCapCentral/MC_Sample/Animations/Emotions/MCU_am_Stand_Emotion_Frustrated_01_StompFeet.FBX	1617456
Assets/MoCapCentral/MC_Sample/Animations/Emotions/MCU_am_Stand_Emotion_Frustrated_01_Stop.FBX	1273456
Assets/MoCapCentral/MC_Sample/Animations/Emotions/MCU_am_Stand_Emotion_Sad_01.FBX	2578992
Assets/MoCapCentral/MC_Sample/Animations/Emotions/MCU_am_Stand_Emotion_ThisGuy_01.FBX	1764848
Assets/MoCapCentral/MC_Sample/Animations/Emotions/MCU_am_Stand_React_Excited_01.FBX	1863312
Assets/MoCapCentral/MC_Sample/Animations/Emotions/MCU_am_Stand_React_Excited_01_Loop.FBX	1352080
Assets/MoCapCentral/MC_Sample/Animations/Emotions/MCU_am_Stand_React_Excited_01_Start.FBX	693600
Assets/MoCapCentral/MC_Sample/Animations/Emotions/MCU_am_Stand_React_Excited_01_Stop.FBX	1792704
Assets/MoCapCentral/MC_Sample/Animations/Emotions/MCU_am_Stand_React_Excited_HeelClick.FBX	1224320
Assets/MoCapCentral/MC_Sample/Animations/Fight/MCU_af_Ready_Fight_01_Knockdown_B.FBX	4294304
Assets/MoCapCentral/MC_Sample/Animations/Fight/MCU_af_Ready_Fight_02_Kickdown_B.FBX	2705872
Assets/MoCapCentral/MC_Sample/Animations/Fight/MCU_am_Ready_Fight_01_Knockdown_A.FBX	4442640
Assets/MoCapCentral/MC_Sample/Animations/Fight/MCU_am_Ready_Fight_02_Kickdown_A.FBX	2692736
Assets/MoCapCentral/MC_Sample/Animations/Idle/MCU_am_Stand_Conv_Talk_05_Generic.FBX	2777920
Assets/MoCapCentral/MC_Sample/Animations/Idle/MCU_am_Stand_HatTip_01.FBX	1322544
Assets/MoCapCentral/MC_Sample/Animations/Idle/MCU_am_Stand_Idle_03_LookAround.FBX	1712416
Assets/MoCapCentral/MC_Sample/Animations/Idle/MCU_am_Stand_Idle_06_ScratchArm.FBX	1628880
Assets/MoCapCentral/MC_Sample/Animations/Idle/MCU_am_Stand_LookAt_05_PointRHand.FBX	2116192
Assets/MoCapCentral/MC_Sample/Animations/Idle/MCU_am_Stand_Wave_02_LHand.FBX	1361872
Assets/MoCapCentral/MC_Sample/Animations/Injured/MCU_am_InjuredBelly_DropToFloor.FBX	1861216
Assets/MoCapCentral/MC_Sample/Animations/Injured/MCU_am_InjuredBelly_DropToFloor_GetUp.FBX	2426208
Assets/MoCapCentral/MC_Sample/Animations/Injured/MCU_am_InjuredBelly_DropToFloor_Loop.FBX	578112
Assets/MoCapCentral/MC_Sample/Animations/Injured/MCU_am_InjuredBelly_Idle_01.FBX	1587520
Assets/MoCapCentral/MC_Sample/Animations/Injured/MCU_am_InjuredBelly_Idle_02_LookAtHand.FBX	1552384
Assets/MoCapCentral/MC_Sample/Animations/Injured/MCU_am_InjuredBelly_Idle_03_LookAround.FBX	1861232
Assets/MoCapCentral/MC_Sample/Animations/Injured/MCU_am_InjuredBelly_Idle_TurnL180.FBX	1351488
Assets/MoCapCentral/MC_Sample/Animations/Injured/MCU_am_InjuredBelly_Idle_TurnL90.FBX	1200832
Assets/MoCapCentral/MC_Sample/Animations/Injured/MCU_am_InjuredBelly_Idle_TurnR180.FBX	1351488
Assets/MoCapCentral/MC_Sample/Animations/Injured/MCU_am_InjuredBelly_Idle_TurnR90.FBX	1200832
Assets/MoCapCentral/MC_Sample/Animations/Injured/MCU_am_InjuredBelly_Loco_Walk_Fwd.FBX	1899728
Assets/MoCapCentral/MC_Sample/Animations/Injured/MCU_am_InjuredBelly_Loco_Walk_Fwd_LookAround.FBX	1988464
Assets/MoCapCentral/MC_Sample/Animations/Injured/MCU_am_InjuredBelly_Loco_Walk_Fwd_NoRM.FBX	1899744
Assets/MoCapCentral/MC_Sample/Animations/Injured/MCU_am_InjuredBelly_Loco_Walk_Fwd_Start.FBX	1241024
Assets/MoCapCentral/MC_Sample/Animations/Injured/MCU_am_InjuredBelly_Loco_Walk_Fwd_Stop.FBX	1180752
Assets/MoCapCentral/MC_Sample/Animations/Moonshine/MCU_am_Moonshine_01_Drink_Loop.FBX	1568288
Assets/MoCapCentral/MC_Sample/Animations/Moonshine/MCU_am_Moonshine_Trans_Stand.FBX	1715696
Assets/MoCapCentral/MC_Sample/Animations/Moonshine/MCU_am_Stand_Trans_Moonshine.FBX	1628896
Assets/MoCapCentral/MC_Sample/Animations/OrcHammer/MCU_am_OrcHammer_Idle_01.FBX	2005616
Assets/MoCapCentral/MC_Sample/Animations/OrcHammer/MCU_am_OrcHammer_Loco_Walk_Bwd.FBX	841008
Assets/MoCapCentral/MC_Sample/Animations/OrcHammer/MCU_am_OrcHammer_Loco_Walk_Bwd_NoRM.FBX	841024
Assets/MoCapCentral/MC_Sample/Animations/OrcHammer/MCU_am_OrcHammer_Loco_Walk_BwdLeft.FBX	841024
Assets/MoCapCentral/MC_Sample/Animations/OrcHammer/MCU_am_OrcHammer_Loco_Walk_BwdLeft_NoRM.FBX	841040
Assets/MoCapCentral/MC_Sample/Animations/OrcHammer/MCU_am_OrcHammer_Loco_Walk_BwdRight.FBX	841024
Assets/MoCapCentral/MC_Sample/Animations/OrcHammer/MCU_am_OrcHammer_Loco_Walk_BwdRight_NoRM.FBX	841040
Assets/MoCapCentral/MC_Sample/Animations/OrcHammer/MCU_am_OrcHammer_Loco_Walk_Fwd.FBX	841008
Assets/MoCapCentral/MC_Sample/Animations/OrcHammer/MCU_am_OrcHammer_Loco_Walk_Fwd_NoRM.FBX	841024
Assets/MoCapCentral/MC_Sample/Animations/OrcHammer/MCU_am_OrcHammer_Loco_Walk_FwdLeft.FBX	841024
Assets/MoCapCentral/MC_Sample/Animations/OrcHammer/MCU_am_OrcHammer_Loco_Walk_FwdLeft_NoRM.FBX	841040
Assets/MoCapCentral/MC_Sample/Animations/OrcHammer/MCU_am_OrcHammer_Loco_Walk_FwdRight.FBX	841024
Assets/MoCapCentral/MC_Sample/Animations/OrcHammer/MCU_am_OrcHammer_Loco_Walk_FwdRight_NoRM.FBX	841040
Assets/MoCapCentral/MC_Sample/Animations/OrcHammer/MCU_am_OrcHammer_Loco_Walk_Left.FBX	841024
Assets/MoCapCentral/MC_Sample/Animations/OrcHammer/MCU_am_OrcHammer_Loco_Walk_Left_NoRM.FBX	841024
Assets/MoCapCentral/MC_Sample/Animations/OrcHammer/MCU_am_OrcHammer_Loco_Walk_Right.FBX	841024
Assets/MoCapCentral/MC_Sample/Animations/OrcHammer/MCU_am_OrcHammer_Loco_Walk_Right_NoRM.FBX	841024
Assets/MoCapCentral/MC_Sample/Animations/Piano/MCU_am_SitPiano_Play_01.FBX	1931072
Assets/MoCapCentral/MC_Sample/Animations/Piano/MCU_am_SitPiano_Trans_Stand.FBX	1784480
Assets/MoCapCentral/MC_Sample/Animations/Piano/MCU_am_Stand_Trans_SitPiano.FBX	1666544
Assets/MoCapCentral/MC_Sample/Animations/PretendHorse/MCU_am_CoconutsHold_Idle_01.FBX	1674768
Assets/MoCapCentral/MC_Sample/Animations/PretendHorse/MCU_am_CoconutsHold_Loco_Trot.FBX	1076896
Assets/MoCapCentral/MC_Sample/Animations/PretendHorse/MCU_am_CoconutsHold_Loco_Trot_NoRM.FBX	1076912
Assets/MoCapCentral/MC_Sample/Animations/PretendHorse/MCU_am_CoconutsHold_Loco_Trot_Start.FBX	929488
Assets/MoCapCentral/MC_Sample/Animations/PretendHorse/MCU_am_CoconutsHold_Loco_Trot_Stop.FBX	1027760
Assets/MoCapCentral/MC_Sample/Animations/PretendHorse/MCU_am_CoconutsHold_Trans_Stand.FBX	1126048
Assets/MoCapCentral/MC_Sample/Animations/PretendHorse/MCU_am_PretendHorse_Idle_01.FBX	2116208
Assets/MoCapCentral/MC_Sample/Animations/PretendHorse/MCU_am_PretendHorse_Loco_Trot.FBX	1175184
Assets/MoCapCentral/MC_Sample/Animations/PretendHorse/MCU_am_PretendHorse_Loco_Trot_NoRM.FBX	1175184
Assets/MoCapCentral/MC_Sample/Animations/PretendHorse/MCU_am_PretendHorse_Loco_Trot_Start.FBX	1076912
Assets/MoCapCentral/MC_Sample/Animations/PretendHorse/MCU_am_PretendHorse_Loco_Trot_Stop.FBX	1420880
Assets/MoCapCentral/MC_Sample/Animations/PretendHorse/MCU_am_PretendHorse_Trans_Stand.FBX	1126048
Assets/MoCapCentral/MC_Sample/Animations/PretendHorse/MCU_am_Stand_Trans_CoconutsHold.FBX	978624
Assets/MoCapCentral/MC_Sample/Animations/PretendHorse/MCU_am_Stand_Trans_PretendHorse.FBX	1126048
Assets/MoCapCentral/MC_Sample/Animations/ProneCrawl/MCU_am_ProneCrawl_CrawlStartStop_Fwd.FBX	2126560
Assets/MoCapCentral/MC_Sample/Animations/ProneCrawl/MCU_am_ProneCrawl_Trans_Stand.FBX	1666576
Assets/MoCapCentral/MC_Sample/Animations/ProneCrawl/MCU_am_Stand_Trans_ProneCrawl.FBX	1322592
Assets/MoCapCentral/MC_Sample/Animations/Propose/MCU_af_Pair_Stand_Propose_Success_B.FBX	4043136
Assets/MoCapCentral/MC_Sample/Animations/Propose/MCU_am_Pair_Stand_Propose_Success_A.FBX	4083472
Assets/MoCapCentral/MC_Sample/Animations/Sing/MCU_af_Stand_Sing_01.FBX	5113328
Assets/MoCapCentral/MC_Sample/Animations/Spellbook/MCU_am_SpellBook_01_Chant.FBX	1712416
Assets/MoCapCentral/MC_Sample/Animations/Spellbook/MCU_am_SpellBook_02_Read_Loop_01.FBX	1821360
Assets/MoCapCentral/MC_Sample/Animations/Spellbook/MCU_am_SpellBook_02_Read_Loop_02.FBX	978608
Assets/MoCapCentral/MC_Sample/Animations/Spellbook/MCU_am_SpellBook_02_Read_Start.FBX	782048
Assets/MoCapCentral/MC_Sample/Animations/Spellbook/MCU_am_SpellBook_02_Read_Stop.FBX	1027744
Assets/MoCapCentral/MC_Sample/Animations/Spellbook/MCU_am_SpellBook_03_Chant.FBX	1674752
Assets/MoCapCentral/MC_Sample/Animations/Spellbook/MCU_am_SpellBook_Trans_Stand.FBX	1175168
Assets/MoCapCentral/MC_Sample/Animations/Spellbook/MCU_am_Stand_Trans_SpellBook.FBX	1470000
Assets/MoCapCentral/MC_Sample/Animations/Stinky/MCU_am_Stand_Idle_StinkyBum.FBX	1821248
Assets/MoCapCentral/MC_Sample/Animations/Stinky/MCU_am_Stand_Idle_StinkyPits.FBX	1666464
Assets/MoCapCentral/MC_Sample/Animations/Swagger/MCU_am_Loco_Walk_Swagger.FBX	1273344
Assets/MoCapCentral/MC_Sample/Animations/Swagger/MCU_am_Loco_Walk_Swagger_NoRM.FBX	1273344
Assets/MoCapCentral/MC_Sample/Animations/Undead/MCU_am_Undead_Trans_UndeadFours.FBX	1553536
Assets/MoCapCentral/MC_Sample/Animations/Undead/MCU_am_UndeadFours_Eat_01.FBX	1902672
Assets/MoCapCentral/MC_Sample/Animations/Undead/MCU_am_UndeadFours_Eat_02.FBX	1590384
Assets/MoCapCentral/MC_Sample/Animations/Undead/MCU_am_UndeadFours_Trans_Undead.FBX	2152224
Assets/MoCapCentral/MC_Sample/Animations/VendingMachine/MCU_am_Vend_Fail_HitMachine.FBX	2188992
Assets/MoCapCentral/MC_Sample/Animations/VendingMachine/MCU_am_Vend_Start.FBX	2283360
Assets/MoCapCentral/MC_Sample/Animations/VendingMachine/MCU_am_Vend_Success_GrabItem.FBX	1967872
Assets/MoCapCentral/MC_Sample/Demo/Characters/MCUnity/Materials/M_BodyL.mat	3796
Assets/MoCapCentral/MC_Sample/Demo/Characters/MCUnity/Materials/M_BodyR.mat	3795
Assets/MoCapCentral/MC_Sample/Demo/Characters/MCUnity/Meshes/mask_MCUnity.mask	9851
Assets/MoCapCentral/MC_Sample/Demo/Characters/MCUnity/Meshes/rig_MCUnity.fbx	4346608
Assets/MoCapCentral/MC_Sample/Demo/Characters/MCUnity/Prefabs/rig_MCUnity.prefab	11471
Assets/MoCapCentral/MC_Sample/Demo/Characters/MCUnity/Textures/T_BodyL_Color.png	557699
Assets/MoCapCentral/MC_Sample/Demo/Characters/MCUnity/Textures/T_BodyR_Color.png	562815
Assets/MoCapCentral/MC_Sample/Demo/Materials/M_Ball.mat	3720
Assets/MoCapCentral/MC_Sample/Demo/Materials/M_Grey.mat	3735
Assets/MoCapCentral/MC_Sample/Demo/Objects/Book/MCU_anim_SpellBook_01_Chant.fbx	205856
Assets/MoCapCentral/MC_Sample/Demo/Objects/Book/MCU_anim_SpellBook_Trans_Stand.fbx	157488
Assets/MoCapCentral/MC_Sample/Demo/Objects/Book/MCU_anim_Stand_Trans_SpellBook.fbx	187456
Assets/MoCapCentral/MC_Sample/Demo/Objects/Book/SK_Prop_Book.fbx	94112
Assets/MoCapCentral/MC_Sample/Demo/Objects/Book/SK_Prop_Book.prefab	2456
Assets/MoCapCentral/MC_Sample/Demo/Objects/CoconutHalf/SM_Prop_CoconutHalf.fbx	26016
Assets/MoCapCentral/MC_Sample/Demo/Objects/CoconutHalf/SM_Prop_CoconutHalf.prefab	2463
Assets/MoCapCentral/MC_Sample/Demo/Objects/Drill/SM_Prop_Drill.fbx	26528
Assets/MoCapCentral/MC_Sample/Demo/Objects/Drill/SM_Prop_Drill.prefab	2628
Assets/MoCapCentral/MC_Sample/Demo/Objects/Hammer/SM_Prop_Hammer.fbx	25776
Assets/MoCapCentral/MC_Sample/Demo/Objects/Hammer/SM_Prop_Hammer.prefab	2631
Assets/MoCapCentral/MC_Sample/Demo/Objects/Hat/SM_Prop_Hat.fbx	28480
Assets/MoCapCentral/MC_Sample/Demo/Objects/Hat/SM_Prop_Hat.prefab	2627
Assets/MoCapCentral/MC_Sample/Demo/Objects/JugMoonshine/SM_Prop_JugMoonshine.fbx	29808
Assets/MoCapCentral/MC_Sample/Demo/Objects/JugMoonshine/SM_Prop_JugMoonshine.prefab	2464
Assets/MoCapCentral/MC_Sample/Demo/Objects/Microphone/SM_Prop_Microphone.fbx	40352
Assets/MoCapCentral/MC_Sample/Demo/Objects/Microphone/SM_Prop_Microphone.prefab	2462
Assets/MoCapCentral/MC_Sample/Demo/Objects/Staff/MI_StaffGlow.mat	3823
Assets/MoCapCentral/MC_Sample/Demo/Objects/Staff/SM_Prop_Staff.fbx	27216
Assets/MoCapCentral/MC_Sample/Demo/Objects/Staff/SM_Prop_Staff.prefab	2457
Assets/MoCapCentral/MC_Sample/Demo/Objects/VendingMachine/MI_VM_Color1.mat	3743
Assets/MoCapCentral/MC_Sample/Demo/Objects/VendingMachine/MI_VM_Color2.mat	3744
Assets/MoCapCentral/MC_Sample/Demo/Objects/VendingMachine/SM_Vend.fbx	26384
Assets/MoCapCentral/MC_Sample/Demo/Objects/VendingMachine/SM_Vend.prefab	2451
Assets/MoCapCentral/MC_Sample/Demo/Scenes/Scene_Demo_MAIN.unity	285109
Assets/MoCapCentral/MC_Sample/MCUnity_Sample_README.pdf	222862
Assets/Models/Ammo.fbx	45600
Assets/Models/Coin.fbx	16288
Assets/Models/Heart.obj	27380
Assets/Models/Level Art/bench.fbx	64357
Assets/Models/Level Art/borderPillar.fbx	16914
Assets/Models/Level Art/coffin.fbx	58443
Assets/Models/Level Art/cross.fbx	29329
Assets/Models/Level Art/crypt.fbx	37428
Assets/Models/Level Art/debris.fbx	41721
Assets/Models/Level Art/fence.fbx	36582
Assets/Models/Level Art/fenceBroken.fbx	33124
Assets/Models/Level Art/fenceIron.fbx	62005
Assets/Models/Level Art/fenceIronBorder.fbx	66177
Assets/Models/Level Art/fenceIronBorderPillar.fbx	65888
Assets/Models/Level Art/fenceIronGate.fbx	38875
Assets/Models/Level Art/fenceStone.fbx	22556
Assets/Models/Level Art/grave.fbx	48539
Assets/Models/Level Art/gravestoneBevel.fbx	39066
Assets/Models/Level Art/gravestoneBroken.fbx	27280
Assets/Models/Level Art/gravestoneCross.fbx	32413
Assets/Models/Level Art/gravestoneCrossLarge.fbx	59025
Assets/Models/Level Art/gravestoneDebris.fbx	25785
Assets/Models/Level Art/gravestoneDecorative.fbx	19385
Assets/Models/Level Art/gravestoneFlat.fbx	17310
Assets/Models/Level Art/gravestoneFlatOpen.fbx	24076
Assets/Models/Level Art/gravestoneRoof.fbx	20689
Assets/Models/Level Art/gravestoneRound.fbx	33540
Assets/Models/Level Art/gravestoneWide.fbx	37456
Assets/Models/Level Art/lanternCandle.fbx	40412
Assets/Models/Level Art/lanternDouble.fbx	105167
Assets/Models/Level Art/lanternGlass.fbx	32043
Assets/Models/Level Art/lanternSingle.fbx	62670
Assets/Models/Level Art/level fence.mesh	5627692
Assets/Models/Level Art/pillarObelisk.fbx	25504
Assets/Models/Level Art/pillarSquare.fbx	27889
Assets/Models/Level Art/roadTile_014.fbx	18768
Assets/Models/Level Art/roadTile_023.fbx	17760
Assets/Models/Level Art/roadTile_243.fbx	20720
Assets/Models/Level Art/roadTile_252.fbx	18336
Assets/Models/Level Art/shovel.fbx	28225
Assets/Models/Level Art/shovelDirt.fbx	39206
Assets/Models/Level Art/Tiles.asset	563509
Assets/Models/Level Art/trunk.fbx	33033
Assets/Models/Level Art/urn.fbx	27230
Assets/Models/Materials/No Name.mat	3818
Assets/Models/ShellCasing.FBX	19968
Assets/Models/Uzi.fbx	38064
Assets/Models/Woman.fbx	2758780
Assets/Models/Zombie.fbx	1573820
Assets/MotoInteractionAnimsFREE/Animation_Controllers/Combat/Pistol/AS_Pistol_Equip.controller	2049
Assets/MotoInteractionAnimsFREE/Animation_Controllers/Combat/Pistol/AS_Pistol_Hold_Loop.controller	2057
Assets/MotoInteractionAnimsFREE/Animation_Controllers/Combat/Pistol/AS_Pistol_Point_Back.controller	2060
Assets/MotoInteractionAnimsFREE/Animation_Controllers/Combat/Pistol/AS_Pistol_Point_Front.controller	2064
Assets/MotoInteractionAnimsFREE/Animation_Controllers/Combat/Pistol/AS_Pistol_Point_Left.controller	2060
Assets/MotoInteractionAnimsFREE/Animation_Controllers/Combat/Pistol/AS_Pistol_Point_Right.controller	2059
Assets/MotoInteractionAnimsFREE/Animation_Controllers/Combat/Pistol/AS_Pistol_Shoot_Back.controller	2059
Assets/MotoInteractionAnimsFREE/Animation_Controllers/Combat/Pistol/AS_Pistol_Shoot_Front.controller	2061
Assets/MotoInteractionAnimsFREE/Animation_Controllers/Combat/Pistol/AS_Pistol_Shoot_Left.controller	2060
Assets/MotoInteractionAnimsFREE/Animation_Controllers/Combat/Pistol/AS_Pistol_Shoot_Right.controller	2063
Assets/MotoInteractionAnimsFREE/Animation_Controllers/Combat/Pistol/AS_Pistol_Unequip.controller	2054
Assets/MotoInteractionAnimsFREE/Animation_Controllers/Combat/Punch/AS_Punch_Enter.controller	2047
Assets/MotoInteractionAnimsFREE/Animation_Controllers/Combat/Punch/AS_Punch_Exit.controller	2043
Assets/MotoInteractionAnimsFREE/Animation_Controllers/Combat/Punch/AS_Punch_Front.controller	2049
Assets/MotoInteractionAnimsFREE/Animation_Controllers/Combat/Punch/AS_Punch_Left.controller	2044
Assets/MotoInteractionAnimsFREE/Animation_Controllers/Combat/Punch/AS_Punch_Loop.controller	2046
Assets/MotoInteractionAnimsFREE/Animation_Controllers/Combat/Punch/AS_Punch_Right.controller	2048
Assets/MotoInteractionAnimsFREE/Animation_Controllers/Dizzy/AS_Dizzy.controller	2035
Assets/MotoInteractionAnimsFREE/Animation_Controllers/Get_Hits/AS_Get_Hit_Back.controller	2050
Assets/MotoInteractionAnimsFREE/Animation_Controllers/Get_Hits/AS_Get_Hit_Front.controller	2050
Assets/MotoInteractionAnimsFREE/Animation_Controllers/Get_Hits/AS_Get_Hit_Left.controller	2048
Assets/MotoInteractionAnimsFREE/Animation_Controllers/Get_Hits/AS_Get_Hit_Right.controller	2049
Assets/MotoInteractionAnimsFREE/Animation_Controllers/Interactions/Check/AS_Adjust_The_Mirror.controller	2061
Assets/MotoInteractionAnimsFREE/Animation_Controllers/Interactions/Check/AS_Check_Tyre_Back_End.controller	2058
Assets/MotoInteractionAnimsFREE/Animation_Controllers/Interactions/Check/AS_Check_Tyre_Back_Loop.controller	2067
Assets/MotoInteractionAnimsFREE/Animation_Controllers/Interactions/Check/AS_Check_Tyre_Back_Start.controller	2068
Assets/MotoInteractionAnimsFREE/Animation_Controllers/Interactions/Check/AS_Check_Tyre_Front_End.controller	2066
Assets/MotoInteractionAnimsFREE/Animation_Controllers/Interactions/Check/AS_Check_Tyre_Front_Loop.controller	2068
Assets/MotoInteractionAnimsFREE/Animation_Controllers/Interactions/Check/AS_Check_Tyre_Front_Start.controller	2066
Assets/MotoInteractionAnimsFREE/Animation_Controllers/Interactions/Helmet/AS_Helmet.controller	2039
Assets/MotoInteractionAnimsFREE/Animation_Controllers/Interactions/Start/AS_Bike_Start.controller	2046
Assets/MotoInteractionAnimsFREE/Animation_Controllers/Mounted/Dismount/AS_Dismount_Left.controller	2050
Assets/MotoInteractionAnimsFREE/Animation_Controllers/Mounted/Dismount/AS_Dismount_Right.controller	2054
Assets/MotoInteractionAnimsFREE/Animation_Controllers/Mounted/Idle/AS_Idle_Riding.controller	2046
Assets/MotoInteractionAnimsFREE/Animation_Controllers/Mounted/Mount/AS_Mount_Left.controller	2046
Assets/MotoInteractionAnimsFREE/Animation_Controllers/Mounted/Mount/AS_Mount_Right.controller	2041
Assets/MotoInteractionAnimsFREE/Animation_Controllers/Mounted/Transitions/AS_Mounted_to_Ride.controller	2056
Assets/MotoInteractionAnimsFREE/Animation_Controllers/Mounted/Transitions/AS_Mounted_to_Ride_Bike.controller	2063
Assets/MotoInteractionAnimsFREE/Animation_Controllers/Mounted/Transitions/AS_Ride_to_Mounted.controller	2054
Assets/MotoInteractionAnimsFREE/Animation_Controllers/Mounted/Transitions/AS_Ride_to_Mounted_Bike.controller	2062
Assets/MotoInteractionAnimsFREE/Animation_Controllers/Riding/Turn_V1/AS_Turn_V1_Left_End.controller	2059
Assets/MotoInteractionAnimsFREE/Animation_Controllers/Riding/Turn_V1/AS_Turn_V1_Left_End_Bike.controller	2066
Assets/MotoInteractionAnimsFREE/Animation_Controllers/Riding/Turn_V1/AS_Turn_V1_Left_End_Passenger.controller	2080
Assets/MotoInteractionAnimsFREE/Animation_Controllers/Riding/Turn_V1/AS_Turn_V1_Left_Loop.controller	2062
Assets/MotoInteractionAnimsFREE/Animation_Controllers/Riding/Turn_V1/AS_Turn_V1_Left_Loop_Bike.controller	2070
Assets/MotoInteractionAnimsFREE/Animation_Controllers/Riding/Turn_V1/AS_Turn_V1_Left_Loop_Passenger.controller	2072
Assets/MotoInteractionAnimsFREE/Animation_Controllers/Riding/Turn_V1/AS_Turn_V1_Left_Start.controller	2059
Assets/MotoInteractionAnimsFREE/Animation_Controllers/Riding/Turn_V1/AS_Turn_V1_Left_Start_Bike.controller	2072
Assets/MotoInteractionAnimsFREE/Animation_Controllers/Riding/Turn_V1/AS_Turn_V1_Left_Start_Passenger.controller	2080
Assets/MotoInteractionAnimsFREE/Animation_Controllers/Riding/Turn_V1/AS_Turn_V1_Right_End.controller	2063
Assets/MotoInteractionAnimsFREE/Animation_Controllers/Riding/Turn_V1/AS_Turn_V1_Right_End_Bike.controller	2070
Assets/MotoInteractionAnimsFREE/Animation_Controllers/Riding/Turn_V1/AS_Turn_V1_Right_End_Passenger.controller	2080
Assets/MotoInteractionAnimsFREE/Animation_Controllers/Riding/Turn_V1/AS_Turn_V1_Right_Loop.controller	2064
Assets/MotoInteractionAnimsFREE/Animation_Controllers/Riding/Turn_V1/AS_Turn_V1_Right_Loop_Bike.controller	2069
Assets/MotoInteractionAnimsFREE/Animation_Controllers/Riding/Turn_V1/AS_Turn_V1_Right_Loop_Passenger.controller	2079
Assets/MotoInteractionAnimsFREE/Animation_Controllers/Riding/Turn_V1/AS_Turn_V1_Right_Start.controller	2065
Assets/MotoInteractionAnimsFREE/Animation_Controllers/Riding/Turn_V1/AS_Turn_V1_Right_Start_Bike.controller	2074
Assets/MotoInteractionAnimsFREE/Animation_Controllers/Riding/Turn_V1/AS_Turn_V1_Right_Start_Passenger.controller	2080
Assets/MotoInteractionAnimsFREE/Animations/Combat/Pistol/AS_Pistol_Equip.fbx	1190640
Assets/MotoInteractionAnimsFREE/Animations/Combat/Pistol/AS_Pistol_Hold_Loop.fbx	1248864
Assets/MotoInteractionAnimsFREE/Animations/Combat/Pistol/AS_Pistol_Point_Back.fbx	1193408
Assets/MotoInteractionAnimsFREE/Animations/Combat/Pistol/AS_Pistol_Point_Front.fbx	1190848
Assets/MotoInteractionAnimsFREE/Animations/Combat/Pistol/AS_Pistol_Point_Left.fbx	1190800
Assets/MotoInteractionAnimsFREE/Animations/Combat/Pistol/AS_Pistol_Point_Right.fbx	1190848
Assets/MotoInteractionAnimsFREE/Animations/Combat/Pistol/AS_Pistol_Shoot_Back.fbx	1132752
Assets/MotoInteractionAnimsFREE/Animations/Combat/Pistol/AS_Pistol_Shoot_Front.fbx	1132720
Assets/MotoInteractionAnimsFREE/Animations/Combat/Pistol/AS_Pistol_Shoot_Left.fbx	1132768
Assets/MotoInteractionAnimsFREE/Animations/Combat/Pistol/AS_Pistol_Shoot_Right.fbx	1132752
Assets/MotoInteractionAnimsFREE/Animations/Combat/Pistol/AS_Pistol_Unequip.fbx	1190784
Assets/MotoInteractionAnimsFREE/Animations/Combat/Punch/AS_Punch_Enter.fbx	1161632
Assets/MotoInteractionAnimsFREE/Animations/Combat/Punch/AS_Punch_Exit.fbx	1161776
Assets/MotoInteractionAnimsFREE/Animations/Combat/Punch/AS_Punch_Front.fbx	1190832
Assets/MotoInteractionAnimsFREE/Animations/Combat/Punch/AS_Punch_Left.fbx	1190800
Assets/MotoInteractionAnimsFREE/Animations/Combat/Punch/AS_Punch_Loop.fbx	1330208
Assets/MotoInteractionAnimsFREE/Animations/Combat/Punch/AS_Punch_Right.fbx	1190816
Assets/MotoInteractionAnimsFREE/Animations/Dizzy/AS_Dizzy.fbx	1135984
Assets/MotoInteractionAnimsFREE/Animations/Get_Hits/AS_Get_Hit_Back.fbx	1155824
Assets/MotoInteractionAnimsFREE/Animations/Get_Hits/AS_Get_Hit_Front.fbx	1155984
Assets/MotoInteractionAnimsFREE/Animations/Get_Hits/AS_Get_Hit_Left.fbx	1155968
Assets/MotoInteractionAnimsFREE/Animations/Get_Hits/AS_Get_Hit_Right.fbx	1155968
Assets/MotoInteractionAnimsFREE/Animations/Interactions/Check/AS_Adjust_The_Mirror.fbx	1252096
Assets/MotoInteractionAnimsFREE/Animations/Interactions/Check/AS_Check_Tyre_Back_End.fbx	1260640
Assets/MotoInteractionAnimsFREE/Animations/Interactions/Check/AS_Check_Tyre_Back_Loop.fbx	1138624
Assets/MotoInteractionAnimsFREE/Animations/Interactions/Check/AS_Check_Tyre_Back_Start.fbx	1243088
Assets/MotoInteractionAnimsFREE/Animations/Interactions/Check/AS_Check_Tyre_Front_End.fbx	1260624
Assets/MotoInteractionAnimsFREE/Animations/Interactions/Check/AS_Check_Tyre_Front_Loop.fbx	1138656
Assets/MotoInteractionAnimsFREE/Animations/Interactions/Check/AS_Check_Tyre_Front_Start.fbx	1243088
Assets/MotoInteractionAnimsFREE/Animations/Interactions/Helmet/AS_Helmet.fbx	1228880
Assets/MotoInteractionAnimsFREE/Animations/Interactions/Start/AS_Bike_Start.fbx	1193984
Assets/MotoInteractionAnimsFREE/Animations/Mounted/Dismount/AS_Dismount_Left.fbx	1281136
Assets/MotoInteractionAnimsFREE/Animations/Mounted/Dismount/AS_Dismount_Right.fbx	1281152
Assets/MotoInteractionAnimsFREE/Animations/Mounted/Idle/AS_Idle_Riding.fbx	1248816
Assets/MotoInteractionAnimsFREE/Animations/Mounted/Mount/AS_Mount_Left.fbx	1249584
Assets/MotoInteractionAnimsFREE/Animations/Mounted/Mount/AS_Mount_Right.fbx	1249712
Assets/MotoInteractionAnimsFREE/Animations/Mounted/Transitions/AS_Mounted_to_Ride.fbx	1194032
Assets/MotoInteractionAnimsFREE/Animations/Mounted/Transitions/AS_Mounted_to_Ride_Bike.fbx	7537712
Assets/MotoInteractionAnimsFREE/Animations/Mounted/Transitions/AS_Ride_to_Mounted.fbx	1194144
Assets/MotoInteractionAnimsFREE/Animations/Mounted/Transitions/AS_Ride_to_Mounted_Bike.fbx	7537840
Assets/MotoInteractionAnimsFREE/Animations/Riding/Turn_V1/AS_Turn_V1_Left_End.fbx	1260560
Assets/MotoInteractionAnimsFREE/Animations/Riding/Turn_V1/AS_Turn_V1_Left_End_Bike.fbx	7546080
Assets/MotoInteractionAnimsFREE/Animations/Riding/Turn_V1/AS_Turn_V1_Left_End_Passenger.fbx	1259392
Assets/MotoInteractionAnimsFREE/Animations/Riding/Turn_V1/AS_Turn_V1_Left_Loop.fbx	1132752
Assets/MotoInteractionAnimsFREE/Animations/Riding/Turn_V1/AS_Turn_V1_Left_Loop_Bike.fbx	7530784
Assets/MotoInteractionAnimsFREE/Animations/Riding/Turn_V1/AS_Turn_V1_Left_Loop_Passenger.fbx	1131664
Assets/MotoInteractionAnimsFREE/Animations/Riding/Turn_V1/AS_Turn_V1_Left_Start.fbx	1173296
Assets/MotoInteractionAnimsFREE/Animations/Riding/Turn_V1/AS_Turn_V1_Left_Start_Bike.fbx	7535536
Assets/MotoInteractionAnimsFREE/Animations/Riding/Turn_V1/AS_Turn_V1_Left_Start_Passenger.fbx	1172176
Assets/MotoInteractionAnimsFREE/Animations/Riding/Turn_V1/AS_Turn_V1_Right_End.fbx	1260528
Assets/MotoInteractionAnimsFREE/Animations/Riding/Turn_V1/AS_Turn_V1_Right_End_Bike.fbx	7546096
Assets/MotoInteractionAnimsFREE/Animations/Riding/Turn_V1/AS_Turn_V1_Right_End_Passenger.fbx	1259376
Assets/MotoInteractionAnimsFREE/Animations/Riding/Turn_V1/AS_Turn_V1_Right_Loop.fbx	1132768
Assets/MotoInteractionAnimsFREE/Animations/Riding/Turn_V1/AS_Turn_V1_Right_Loop_Bike.fbx	7530784
Assets/MotoInteractionAnimsFREE/Animations/Riding/Turn_V1/AS_Turn_V1_Right_Loop_Passenger.fbx	1131632
Assets/MotoInteractionAnimsFREE/Animations/Riding/Turn_V1/AS_Turn_V1_Right_Start.fbx	1173440
Assets/MotoInteractionAnimsFREE/Animations/Riding/Turn_V1/AS_Turn_V1_Right_Start_Bike.fbx	7535664
Assets/MotoInteractionAnimsFREE/Animations/Riding/Turn_V1/AS_Turn_V1_Right_Start_Passenger.fbx	1172304
Assets/MotoInteractionAnimsFREE/Demo/Level_MotoInteractionAnimset.unity	367716
Assets/MotoInteractionAnimsFREE/Materials/Grid/M_Default_Material_Grid_D.mat	2276
Assets/MotoInteractionAnimsFREE/Materials/SM_Mannequin/M_SM_Manny_Mat.mat	4029
Assets/MotoInteractionAnimsFREE/Models/Bike/SKM_Bike.fbx	7613984
Assets/MotoInteractionAnimsFREE/Models/Characters/SM_Mannequin/SKM_Mannequin.fbx	1846608
Assets/MotoInteractionAnimsFREE/Prefabs/SKM_Bike.prefab	2452
Assets/MotoInteractionAnimsFREE/Prefabs/SKM_Mannequin.prefab	2457
Assets/MotoInteractionAnimsFREE/Scripts/FreeFlyCamera.cs	1659
Assets/MotoInteractionAnimsFREE/Shaders/WorldAlignedShader.shader	1197
Assets/MotoInteractionAnimsFREE/Textures/Grid/T_Default_Material_Grid_D.TGA	27000044
Assets/MotoInteractionAnimsFREE/Textures/Grid/T_Default_Material_Grid_M.TGA	1048620
Assets/MotoInteractionAnimsFREE/Textures/SM_Mannequin/SM_Mannequin__Height.png	177171
Assets/MotoInteractionAnimsFREE/Textures/SM_Mannequin/SM_Mannequin__Roughness.png	316125
Assets/MotoInteractionAnimsFREE/Textures/SM_Mannequin/SM_Mannequin_Diff.png	1157374
Assets/MotoInteractionAnimsFREE/Textures/SM_Mannequin/SM_Mannequin_Metallic.png	167339
Assets/MotoInteractionAnimsFREE/Textures/SM_Mannequin/SM_Mannequin_OpenGL.png	721742
Assets/MotoInteractionAnimsFREE/Textures/SM_Mannequin/T_SM_Mannequin__Height.png	177171
Assets/MotoInteractionAnimsFREE/Textures/SM_Mannequin/T_SM_Mannequin__Roughness.png	316125
Assets/MotoInteractionAnimsFREE/Textures/SM_Mannequin/T_SM_Mannequin_Diff.png	1157374
Assets/MotoInteractionAnimsFREE/Textures/SM_Mannequin/T_SM_Mannequin_Metallic.png	167339
Assets/MotoInteractionAnimsFREE/Textures/SM_Mannequin/T_SM_Mannequin_OpenGL.png	721742
Assets/Post-Process Profile/Global Volume Profile.asset	6348
Assets/Prefabs/AmmoPack.prefab	11392
Assets/Prefabs/BloodSprayEffect.prefab	233607
Assets/Prefabs/Buildings/Barricade Building.prefab	5560
Assets/Prefabs/Buildings/Door Building.prefab	7042
Assets/Prefabs/Buildings/Storage Building.prefab	6755
Assets/Prefabs/Buildings/Wall Building.prefab	6150
Assets/Prefabs/Coin.prefab	7619
Assets/Prefabs/HealthPack.prefab	7641
Assets/Prefabs/HUD Canvas.prefab	249554
Assets/Prefabs/Items/Fuel Can Pickup.prefab	6103
Assets/Prefabs/Items/Scrap Pickup.prefab	6082
Assets/Prefabs/Items/Stone Pickup.prefab	6098
Assets/Prefabs/Items/Wood Pickup.prefab	6098
Assets/Prefabs/Level Art.prefab	692480
Assets/Prefabs/Loot Chest.prefab	5489
Assets/Prefabs/Motorcycle.prefab	65588
Assets/Prefabs/MuzzleFlashEffect.prefab	120821
Assets/Prefabs/ParticlesLight.prefab	3215
Assets/Prefabs/Player Character.prefab	227981
Assets/Prefabs/Resources Nodes/Rock Node.prefab	8021
Assets/Prefabs/Resources Nodes/Scrap Node.prefab	7446
Assets/Prefabs/Resources Nodes/Tree Node.prefab	8017
Assets/Prefabs/ShellEjectEffect.prefab	244132
Assets/Prefabs/Spawn Points.prefab	4728
Assets/Prefabs/UI/Equipment Row.prefab	11645
Assets/Prefabs/UI/Inventory Row.prefab	17929
Assets/Prefabs/UI/Item Row.prefab	16382
Assets/Prefabs/UI/Save Slot Row.prefab	33105
Assets/Prefabs/UI/Tab Button.prefab	6965
Assets/Prefabs/Weapons/Arrow Projectile.prefab	4142
Assets/Prefabs/Weapons/Assault Rifle Gun.prefab	375885
Assets/Prefabs/Weapons/Bow Weapon.prefab	7136
Assets/Prefabs/Weapons/Crossbow Bolt Projectile.prefab	4150
Assets/Prefabs/Weapons/Crossbow Weapon.prefab	7138
Assets/Prefabs/Weapons/Pistol Gun.prefab	363578
Assets/Prefabs/Weapons/Shortsword Weapon.prefab	6146
Assets/Prefabs/Weapons/SMG Gun.prefab	129422
Assets/Prefabs/Weapons/Sniper Gun.prefab	363564
Assets/Prefabs/World/School POI.prefab	4989648
Assets/Prefabs/Zombie Character.prefab	71855
Assets/Prefabs/Zombie.prefab	293799
Assets/Renderings/UniversalRenderPipelineGlobalSettings.asset	26936
Assets/Renderings/Zombie Render Pipeline.asset	4743
Assets/Renderings/Zombie Renderer Data.asset	2297
Assets/RetroStyleGames/LastGuns/Base/Bike_B/Models/SK_RSG_Bike_B.fbx	968604
Assets/RetroStyleGames/LastGuns/Base/Bike_B/Prefabs/P_RSG_Bike_B.prefab	39593
Assets/RetroStyleGames/LastGuns/Base/Bike_B/Textures/T_RSG_Bike_B_Body_Clean_AO.png	10171903
Assets/RetroStyleGames/LastGuns/Base/Bike_B/Textures/T_RSG_Bike_B_Body_Clean_BC.png	13224923
Assets/RetroStyleGames/LastGuns/Base/Bike_B/Textures/T_RSG_Bike_B_Body_Clean_MAS.png	20290256
Assets/RetroStyleGames/LastGuns/Base/Bike_B/Textures/T_RSG_Bike_B_Body_Clean_N.png	17343205
Assets/RetroStyleGames/LastGuns/Base/Bike_B/Textures/T_RSG_Bike_B_Body_Dirty_AO.png	10171903
Assets/RetroStyleGames/LastGuns/Base/Bike_B/Textures/T_RSG_Bike_B_Body_Dirty_BC.png	15868259
Assets/RetroStyleGames/LastGuns/Base/Bike_B/Textures/T_RSG_Bike_B_Body_Dirty_MAS.png	22514318
Assets/RetroStyleGames/LastGuns/Base/Bike_B/Textures/T_RSG_Bike_B_Body_Dirty_N.png	17343830
Assets/RetroStyleGames/LastGuns/Base/Bike_B/Textures/T_RSG_Bike_B_Engine_AO.png	6001477
Assets/RetroStyleGames/LastGuns/Base/Bike_B/Textures/T_RSG_Bike_B_Engine_BC.png	17548139
Assets/RetroStyleGames/LastGuns/Base/Bike_B/Textures/T_RSG_Bike_B_Engine_MAS.png	27377853
Assets/RetroStyleGames/LastGuns/Base/Bike_B/Textures/T_RSG_Bike_B_Engine_N.png	18687192
Assets/RetroStyleGames/LastGuns/Base/Scripts/Bike/BikeController.cs	7695
Assets/RetroStyleGames/LastGuns/Base/Scripts/Input_Compat.cs	8174
Assets/RetroStyleGames/LastGuns/Base/Scripts/Input_Manager.cs	5822
Assets/RetroStyleGames/LastGuns/Base/Scripts/ThirdPersonCamera.cs	2150
Assets/RetroStyleGames/LastGuns/Base/Scripts/VehiclePipeline.cs	393
Assets/RetroStyleGames/LastGuns/Base/Scripts/VehicleSelector.cs	7819
Assets/RetroStyleGames/LastGuns/Base/Terrain/DemoTerrainData.asset	557492
Assets/RetroStyleGames/LastGuns/BRP/Bike_B/Materials/M_RSG_Bike_B_Body_Clean_BRP.mat	4062
Assets/RetroStyleGames/LastGuns/BRP/Bike_B/Materials/M_RSG_Bike_B_Body_Dirty_BRP.mat	4062
Assets/RetroStyleGames/LastGuns/BRP/Bike_B/Materials/M_RSG_Bike_B_Engine_BRP.mat	4088
Assets/RetroStyleGames/LastGuns/BRP/Bike_B/Prefabs/P_RSG_Bike_B_Clean_BRP.prefab	4586
Assets/RetroStyleGames/LastGuns/BRP/Bike_B/Prefabs/P_RSG_Bike_B_Dirty_BRP.prefab	3197
Assets/RetroStyleGames/LastGuns/BRP/Demo_Scene/Demo_Scene_BRP.unity	15793
Assets/RetroStyleGames/LastGuns/BRP/Demo_Scene/M_RSG_Terrain_BRP.mat	4101
Assets/RetroStyleGames/LastGuns/HDRP/Bike_B/Materials/M_RSG_Bike_B_Body_Clean_HDRP.mat	11298
Assets/RetroStyleGames/LastGuns/HDRP/Bike_B/Materials/M_RSG_Bike_B_Body_Dirty_HDRP.mat	11298
Assets/RetroStyleGames/LastGuns/HDRP/Bike_B/Materials/M_RSG_Bike_B_Engine_HDRP.mat	11327
Assets/RetroStyleGames/LastGuns/HDRP/Bike_B/Prefabs/P_RSG_Bike_B_Clean_HDRP.prefab	4587
Assets/RetroStyleGames/LastGuns/HDRP/Bike_B/Prefabs/P_RSG_Bike_B_Dirty_HDRP.prefab	3190
Assets/RetroStyleGames/LastGuns/HDRP/Demo_Scene/Demo_Scene_HDRP.unity	15891
Assets/RetroStyleGames/LastGuns/HDRP/Demo_Scene/M_RSG_Terrain_HDRP.mat	21739
Assets/RetroStyleGames/LastGuns/Post_Apocalyptic_Bike_B_Documentation.md	3271
Assets/RetroStyleGames/LastGuns/URP/Bike_B/Materials/M_RSG_Bike_B_Body_Clean_URP.mat	11074
Assets/RetroStyleGames/LastGuns/URP/Bike_B/Materials/M_RSG_Bike_B_Body_Dirty_URP.mat	11074
Assets/RetroStyleGames/LastGuns/URP/Bike_B/Materials/M_RSG_Bike_B_Engine_URP.mat	11100
Assets/RetroStyleGames/LastGuns/URP/Bike_B/Prefabs/P_RSG_Bike_B_Clean_URP.prefab	4586
Assets/RetroStyleGames/LastGuns/URP/Bike_B/Prefabs/P_RSG_Bike_B_Dirty_URP.prefab	3189
Assets/RetroStyleGames/LastGuns/URP/Demo_Scene/Demo_Scene_URP.unity	16072
Assets/RetroStyleGames/LastGuns/URP/Demo_Scene/M_RSG_Terrain_URP.mat	4156
Assets/Scenes/FirstPersonTest.unity	60161
Assets/Scenes/Main Light Settings.lighting	1865
Assets/Scenes/Main.unity	56845
Assets/Scenes/Main/LightingData.asset	2369572
Assets/Scenes/Main/Lightmap-0_comp_dir.png	401221
Assets/Scenes/Main/Lightmap-0_comp_light.exr	4933089
Assets/Scenes/Main/Lightmap-0_comp_shadowmask.png	186749
Assets/Scenes/Main/Lightmap-1_comp_dir.png	427250
Assets/Scenes/Main/Lightmap-1_comp_light.exr	5085045
Assets/Scenes/Main/Lightmap-1_comp_shadowmask.png	229993
Assets/Scenes/Main/Lightmap-2_comp_dir.png	164377
Assets/Scenes/Main/Lightmap-2_comp_light.exr	2564126
Assets/Scenes/Main/Lightmap-2_comp_shadowmask.png	31940
Assets/Scenes/Main/NavMesh-Navigation.asset	27588
Assets/Scenes/Main/ReflectionProbe-0.exr	163882
Assets/Scenes/Prototype.unity	78507
Assets/Scenes/Prototype/NavMesh.asset	18432
Assets/Scenes/Title.unity	4814
Assets/Scenes/World.unity	31661
Assets/ScriptableData/Assault Rifle Data.asset	656
Assets/ScriptableData/Buildables/Barricade.asset	1072
Assets/ScriptableData/Buildables/Door.asset	1032
Assets/ScriptableData/Buildables/Storage Box.asset	1007
Assets/ScriptableData/Buildables/Wall.asset	1067
Assets/ScriptableData/Combat/Arrow Item.asset	633
Assets/ScriptableData/Combat/Bow Animation Profile.asset	609
Assets/ScriptableData/Combat/Bow Data.asset	732
Assets/ScriptableData/Combat/Crossbow Animation Profile.asset	614
Assets/ScriptableData/Combat/Crossbow Bolt Item.asset	653
Assets/ScriptableData/Combat/Crossbow Data.asset	736
Assets/ScriptableData/Combat/Shortsword Animation Profile.asset	616
Assets/ScriptableData/Combat/Shortsword Data.asset	509
Assets/ScriptableData/Combat/SMG Data.asset	640
Assets/ScriptableData/Combat/Unarmed Animation Profile.asset	613
Assets/ScriptableData/Combat/Unarmed Attack.asset	511
Assets/ScriptableData/Items/Ammo Box.asset	880
Assets/ScriptableData/Items/Armor Cap.asset	755
Assets/ScriptableData/Items/Armor Pants.asset	771
Assets/ScriptableData/Items/Armor Vest.asset	771
Assets/ScriptableData/Items/Bandage.asset	814
Assets/ScriptableData/Items/Coin.asset	805
Assets/ScriptableData/Items/Material Fuel Can.asset	802
Assets/ScriptableData/Items/Material Scrap.asset	782
Assets/ScriptableData/Items/Material Stone.asset	767
Assets/ScriptableData/Items/Material Wood.asset	783
Assets/ScriptableData/Items/Weapon Assault Rifle.asset	901
Assets/ScriptableData/Items/Weapon Bow.asset	782
Assets/ScriptableData/Items/Weapon Crossbow.asset	792
Assets/ScriptableData/Items/Weapon Pistol.asset	881
Assets/ScriptableData/Items/Weapon Shortsword.asset	797
Assets/ScriptableData/Items/Weapon SMG.asset	800
Assets/ScriptableData/Items/Weapon Sniper.asset	881
Assets/ScriptableData/Loot/City Loot Table.asset	1200
Assets/ScriptableData/Loot/Mountain Loot Table.asset	956
Assets/ScriptableData/Loot/Plain Loot Table.asset	953
Assets/ScriptableData/Loot/POI Loot Table.asset	2071
Assets/ScriptableData/Loot/Road Loot Table.asset	1076
Assets/ScriptableData/Pistol Data.asset	675
Assets/ScriptableData/Save Registry.asset	2110
Assets/ScriptableData/Sniper Data.asset	673
Assets/ScriptableData/World/Chunk Library.asset	3142
Assets/ScriptableData/Zombie Default.asset	497
Assets/ScriptableData/Zombie Fast.asset	493
Assets/ScriptableData/Zombie Heavy.asset	495
Assets/Scripts/Building/BaseBuildState.cs	3273
Assets/Scripts/Building/BuildableData.cs	3069
Assets/Scripts/Building/BuildableDoor.cs	1758
Assets/Scripts/Building/BuildPlacer.cs	12750
Assets/Scripts/Building/PlacedBuilding.cs	832
Assets/Scripts/Building/PlacedBuildingLink.cs	352
Assets/Scripts/Building/StorageContainer.cs	1121
Assets/Scripts/Camera/CameraRigController.cs	3493
Assets/Scripts/Camera/FirstPersonLook.cs	835
Assets/Scripts/Camera/ThirdPersonCameraController.cs	4708
Assets/Scripts/Combat/EquippedWeapon.cs	729
Assets/Scripts/Combat/MeleeWeapon.cs	2835
Assets/Scripts/Combat/MeleeWeaponData.cs	446
Assets/Scripts/Combat/ProjectileWeapon.cs	3449
Assets/Scripts/Combat/ProjectileWeaponData.cs	556
Assets/Scripts/Combat/WeaponAnimationDriver.cs	4354
Assets/Scripts/Combat/WeaponAnimationProfile.cs	364
Assets/Scripts/Combat/WeaponProjectile.cs	1874
Assets/Scripts/GameManager.cs	2380
Assets/Scripts/Gun.cs	10943
Assets/Scripts/GunData.cs	873
Assets/Scripts/IDamageable.cs	500
Assets/Scripts/Items/ArmorItemData.cs	386
Assets/Scripts/Items/ConsumableItemData.cs	2351
Assets/Scripts/Items/Equipment.cs	4144
Assets/Scripts/Items/EquipmentSlot.cs	290
Assets/Scripts/Items/IInteractable.cs	588
Assets/Scripts/Items/Inventory.cs	5818
Assets/Scripts/Items/ItemData.cs	920
Assets/Scripts/Items/ItemStack.cs	612
Assets/Scripts/Items/LootContainer.cs	2440
Assets/Scripts/Items/LootTableData.cs	2612
Assets/Scripts/Items/ResourceNode.cs	4968
Assets/Scripts/Items/WeaponItemData.cs	414
Assets/Scripts/Items/WorldItem.cs	671
Assets/Scripts/ItemSpawner.cs	3107
Assets/Scripts/LivingEntity.cs	1994
Assets/Scripts/NoiseEvent.cs	508
Assets/Scripts/PlayerHealth.cs	4485
Assets/Scripts/PlayerInput.cs	2616
Assets/Scripts/PlayerInteractor.cs	3682
Assets/Scripts/PlayerMovement.cs	6770
Assets/Scripts/PlayerShooter.cs	15846
Assets/Scripts/Rotator.cs	279
Assets/Scripts/Save/SaveData.cs	2607
Assets/Scripts/Save/SaveManager.cs	11590
Assets/Scripts/Save/SaveRegistry.cs	2778
Assets/Scripts/Save/SaveSystem.cs	4078
Assets/Scripts/SpreadCrosshair.cs	871
Assets/Scripts/SurvivalistWeaponIK.cs	2588
Assets/Scripts/UI/BuildMenuUI.cs	3790
Assets/Scripts/UI/CharacterScreenUI.cs	2793
Assets/Scripts/UI/EquipmentUI.cs	4554
Assets/Scripts/UI/HealthBarLabel.cs	733
Assets/Scripts/UI/InteractionPromptUI.cs	1704
Assets/Scripts/UI/InventoryUI.cs	7104
Assets/Scripts/UI/SaveSlotUI.cs	3103
Assets/Scripts/UI/ScreenPanel.cs	2252
Assets/Scripts/UI/StatusUI.cs	3473
Assets/Scripts/UI/StorageUI.cs	4775
Assets/Scripts/UI/TabView.cs	1403
Assets/Scripts/UI/TitleMenuUI.cs	11777
Assets/Scripts/UI/UiTheme.cs	2438
Assets/Scripts/UI/VehicleHudUI.cs	1816
Assets/Scripts/UI/WeaponHudUI.cs	1625
Assets/Scripts/UIManager.cs	1312
Assets/Scripts/Vehicle/Motorcycle.cs	10215
Assets/Scripts/Vehicle/MotorcycleSaveData.cs	492
Assets/Scripts/Vehicle/RiderControl.cs	4972
Assets/Scripts/World/ChunkLibrary.cs	2600
Assets/Scripts/World/ChunkType.cs	426
Assets/Scripts/World/WorldChunkBuilder.cs	16317
Assets/Scripts/World/WorldChunkData.cs	926
Assets/Scripts/World/WorldConnectivityReport.cs	811
Assets/Scripts/World/WorldGenerationSettings.cs	1506
Assets/Scripts/World/WorldGenerator.cs	10710
Assets/Scripts/World/WorldMap.cs	2472
Assets/Scripts/World/WorldNavMeshBaker.cs	4761
Assets/Scripts/World/WorldRuntimeState.cs	3935
Assets/Scripts/World/WorldStreamer.cs	5780
Assets/Scripts/World/WorldZombieSpawner.cs	4339
Assets/Scripts/Zombie.cs	12321
Assets/Scripts/ZombieData.cs	391
Assets/Scripts/ZombieSpawner.cs	2522
Assets/Sprites/Frame.png	648
Assets/Sprites/Health Circle.png	29601
Assets/Sprites/Icon.png	522258
Assets/Survivalist/Basemesh/SK_Military_Survivalist.fbx	3044496
Assets/Survivalist/Materials HDRP/HDRP_Backpack1_Skin1.mat	5163
Assets/Survivalist/Materials HDRP/HDRP_Backpack1_Skin2.mat	5163
Assets/Survivalist/Materials HDRP/HDRP_Backpack1_Skin3.mat	5163
Assets/Survivalist/Materials HDRP/HDRP_Backpack1_Skin4.mat	5162
Assets/Survivalist/Materials HDRP/HDRP_Boots3_Skin1.mat	5159
Assets/Survivalist/Materials HDRP/HDRP_Boots3_Skin2.mat	5160
Assets/Survivalist/Materials HDRP/HDRP_Boots3_Skin3.mat	5159
Assets/Survivalist/Materials HDRP/HDRP_Cap1_Skin1.mat	5157
Assets/Survivalist/Materials HDRP/HDRP_Cap1_Skin2.mat	5157
Assets/Survivalist/Materials HDRP/HDRP_Cap1_Skin3.mat	5157
Assets/Survivalist/Materials HDRP/HDRP_Cap1_Skin4.mat	5157
Assets/Survivalist/Materials HDRP/HDRP_Eyes1.mat	4990
Assets/Survivalist/Materials HDRP/HDRP_Floor.mat	4890
Assets/Survivalist/Materials HDRP/HDRP_FPS_Hands1_Skin1.mat	5108
Assets/Survivalist/Materials HDRP/HDRP_Gloves1_Skin1.mat	5106
Assets/Survivalist/Materials HDRP/HDRP_Gloves1_Skin2.mat	5105
Assets/Survivalist/Materials HDRP/HDRP_Hands1_Skin1.mat	5105
Assets/Survivalist/Materials HDRP/HDRP_Head1.mat	5098
Assets/Survivalist/Materials HDRP/HDRP_Pants2_Skin1.mat	5159
Assets/Survivalist/Materials HDRP/HDRP_Pants2_Skin2.mat	5159
Assets/Survivalist/Materials HDRP/HDRP_Pants2_Skin3.mat	5160
Assets/Survivalist/Materials HDRP/HDRP_Pouches1_Skin1.mat	5162
Assets/Survivalist/Materials HDRP/HDRP_Pouches1_Skin2.mat	5162
Assets/Survivalist/Materials HDRP/HDRP_Pouches1_Skin3.mat	5161
Assets/Survivalist/Materials HDRP/HDRP_Shirt3_Skin1.mat	5159
Assets/Survivalist/Materials HDRP/HDRP_Shirt3_Skin2.mat	5159
Assets/Survivalist/Materials HDRP/HDRP_Shirt3_Skin3.mat	5159
Assets/Survivalist/Materials HDRP/HDRP_Vest1_Skin1.mat	5159
Assets/Survivalist/Materials HDRP/HDRP_Vest1_Skin2.mat	5159
Assets/Survivalist/Materials HDRP/HDRP_Vest1_Skin3.mat	5159
Assets/Survivalist/Materials HDRP/New Universal Render Pipeline Asset_Renderer.asset	2245
Assets/Survivalist/Materials URP/URP_Backpack1_Skin1.mat	5642
Assets/Survivalist/Materials URP/URP_Backpack1_Skin2.mat	5621
Assets/Survivalist/Materials URP/URP_Backpack1_Skin3.mat	5640
Assets/Survivalist/Materials URP/URP_Backpack1_Skin4.mat	5641
Assets/Survivalist/Materials URP/URP_Boots3_Skin1.mat	5638
Assets/Survivalist/Materials URP/URP_Boots3_Skin2.mat	5639
Assets/Survivalist/Materials URP/URP_Boots3_Skin3.mat	5639
Assets/Survivalist/Materials URP/URP_Cap1_Skin1.mat	5637
Assets/Survivalist/Materials URP/URP_Cap1_Skin2.mat	5637
Assets/Survivalist/Materials URP/URP_Cap1_Skin3.mat	5637
Assets/Survivalist/Materials URP/URP_Cap1_Skin4.mat	5636
Assets/Survivalist/Materials URP/URP_Eyes1.mat	5484
Assets/Survivalist/Materials URP/URP_Floor.mat	5380
Assets/Survivalist/Materials URP/URP_FPS_Hands1_Skin1.mat	5589
Assets/Survivalist/Materials URP/URP_Gloves1_Skin1.mat	5585
Assets/Survivalist/Materials URP/URP_Gloves1_Skin2.mat	5585
Assets/Survivalist/Materials URP/URP_Hands1_Skin1.mat	5584
Assets/Survivalist/Materials URP/URP_Head1.mat	5577
Assets/Survivalist/Materials URP/URP_Pants2_Skin1.mat	5640
Assets/Survivalist/Materials URP/URP_Pants2_Skin2.mat	5640
Assets/Survivalist/Materials URP/URP_Pants2_Skin3.mat	5639
Assets/Survivalist/Materials URP/URP_Pouches1_Skin1.mat	5641
Assets/Survivalist/Materials URP/URP_Pouches1_Skin2.mat	5642
Assets/Survivalist/Materials URP/URP_Pouches1_Skin3.mat	5641
Assets/Survivalist/Materials URP/URP_Shirt3_Skin1.mat	5620
Assets/Survivalist/Materials URP/URP_Shirt3_Skin2.mat	5619
Assets/Survivalist/Materials URP/URP_Shirt3_Skin3.mat	5618
Assets/Survivalist/Materials URP/URP_Vest1_Skin1.mat	5618
Assets/Survivalist/Materials URP/URP_Vest1_Skin2.mat	5617
Assets/Survivalist/Materials URP/URP_Vest1_Skin3.mat	5618
Assets/Survivalist/Materials/Backpack1_Skin1.mat	3747
Assets/Survivalist/Materials/Backpack1_Skin2.mat	3746
Assets/Survivalist/Materials/Backpack1_Skin3.mat	3746
Assets/Survivalist/Materials/Backpack1_Skin4.mat	3747
Assets/Survivalist/Materials/Boots3_Skin1.mat	3743
Assets/Survivalist/Materials/Boots3_Skin2.mat	3743
Assets/Survivalist/Materials/Boots3_Skin3.mat	3744
Assets/Survivalist/Materials/Cap1_Skin1.mat	3742
Assets/Survivalist/Materials/Cap1_Skin2.mat	3741
Assets/Survivalist/Materials/Cap1_Skin3.mat	3742
Assets/Survivalist/Materials/Cap1_Skin4.mat	3741
Assets/Survivalist/Materials/Eyes1.mat	3587
Assets/Survivalist/Materials/FPS_Hands1_Skin1.mat	3670
Assets/Survivalist/Materials/Gloves1_Skin1.mat	3668
Assets/Survivalist/Materials/Gloves1_Skin2.mat	3668
Assets/Survivalist/Materials/Hands1_Skin1.mat	3667
Assets/Survivalist/Materials/Hands1_Skin2.mat	3611
Assets/Survivalist/Materials/Head1.mat	3659
Assets/Survivalist/Materials/Pants2_Skin1.mat	3744
Assets/Survivalist/Materials/Pants2_Skin2.mat	3744
Assets/Survivalist/Materials/Pants2_Skin3.mat	3744
Assets/Survivalist/Materials/Pouches1_Skin1.mat	3746
Assets/Survivalist/Materials/Pouches1_Skin2.mat	3745
Assets/Survivalist/Materials/Pouches1_Skin3.mat	3746
Assets/Survivalist/Materials/Shirt3_Skin1.mat	3743
Assets/Survivalist/Materials/Shirt3_Skin2.mat	3743
Assets/Survivalist/Materials/Shirt3_Skin3.mat	3743
Assets/Survivalist/Materials/Vest1_Skin1.mat	3743
Assets/Survivalist/Materials/Vest1_Skin2.mat	3743
Assets/Survivalist/Materials/Vest1_Skin3.mat	3743
Assets/Survivalist/Prefab/Environment/Greybox.prefab	154380
Assets/Survivalist/Prefab/FPS_Survivalist (1).prefab	124637
Assets/Survivalist/Prefab/FPS_Survivalist (2).prefab	124637
Assets/Survivalist/Prefab/HDRP.prefab	760773
Assets/Survivalist/Prefab/PlayerArmature.prefab	80017
Assets/Survivalist/Prefab/Survivalist (1).prefab	124633
Assets/Survivalist/Prefab/Survivalist (2).prefab	124633
Assets/Survivalist/Prefab/Survivalist (3).prefab	124633
Assets/Survivalist/Prefab/Survivalist (4).prefab	124633
Assets/Survivalist/Prefab/URP.prefab	757677
Assets/Survivalist/Settings/HDRPDefaultResources/HDRenderPipelineGlobalSettings.asset	2907
Assets/Survivalist/Settings/LightingData.asset	152872
Assets/Survivalist/Settings/New HDRenderPipelineAsset.asset	13137
Assets/Survivalist/Settings/New Lighting Settings.lighting	1784
Assets/Survivalist/Settings/New Universal Render Pipeline Asset.asset	4613
Assets/Survivalist/Settings/ReflectionProbe-0.exr	163864
Assets/Survivalist/Settings/UniversalRenderPipelineGlobalSettings.asset	842
Assets/Survivalist/StarterAssets/Editor/PackageChecker/PackageChecker.cs	12407
Assets/Survivalist/StarterAssets/Editor/PackageChecker/PackageImportList.txt	47
Assets/Survivalist/StarterAssets/Editor/ScriptingDefineUtils.cs	1521
Assets/Survivalist/StarterAssets/Editor/StarterAssetsDeployMenu.cs	5701
Assets/Survivalist/StarterAssets/Editor/ThirdPersonStarterAssetsDeployMenu.cs	2227
Assets/Survivalist/StarterAssets/Environment/Art/Materials/Blue_Mat.mat	3859
Assets/Survivalist/StarterAssets/Environment/Art/Materials/Built-in_RP/BuiltInTriplanar_01_Mat.mat	2195
Assets/Survivalist/StarterAssets/Environment/Art/Materials/GreyBlue_Mat.mat	3891
Assets/Survivalist/StarterAssets/Environment/Art/Materials/GridBlue_01_Mat.mat	4076
Assets/Survivalist/StarterAssets/Environment/Art/Materials/GridOrange_01_Mat.mat	4079
Assets/Survivalist/StarterAssets/Environment/Art/Materials/GridWhite_01_Mat.mat	4069
Assets/Survivalist/StarterAssets/Environment/Art/Models/Box_350x250x200_Mesh.fbx	44416
Assets/Survivalist/StarterAssets/Environment/Art/Models/Box_350x250x300_Mesh.fbx	46016
Assets/Survivalist/StarterAssets/Environment/Art/Models/Ground_Mesh.fbx	41696
Assets/Survivalist/StarterAssets/Environment/Art/Models/Ramp_100x100x200_Mesh.fbx	15712
Assets/Survivalist/StarterAssets/Environment/Art/Models/Ramp_Mesh.fbx	42320
Assets/Survivalist/StarterAssets/Environment/Art/Models/Stairs_200x100x200_Mesh.fbx	51120
Assets/Survivalist/StarterAssets/Environment/Art/Models/Stairs_650_400_300_Mesh.fbx	83088
Assets/Survivalist/StarterAssets/Environment/Art/Models/Structure_Mesh.fbx	64832
Assets/Survivalist/StarterAssets/Environment/Art/Models/Tunnel_Mesh.fbx	45056
Assets/Survivalist/StarterAssets/Environment/Art/Models/Wall_Mesh.fbx	45440
Assets/Survivalist/StarterAssets/Environment/Art/Skybox/SkyboxLite.mat	2320
Assets/Survivalist/StarterAssets/Environment/Art/Skybox/SkyboxLiteWarm.mat	2339
Assets/Survivalist/StarterAssets/Environment/Art/Textures/Grid_01_BaseMap.png	8210
Assets/Survivalist/StarterAssets/Environment/Art/Textures/Grid_01_Emissive.png	8225
Assets/Survivalist/StarterAssets/Environment/Art/Textures/Grid_01_Normal.png	21103
Assets/Survivalist/StarterAssets/Environment/Art/Textures/Grid_02_BaseMap.png	9489
Assets/Survivalist/StarterAssets/Environment/Shaders/Built-in_RP/ArmatureShader.shader	4070
Assets/Survivalist/StarterAssets/Environment/Shaders/Built-in_RP/Triplanar.shader	5649
Assets/Survivalist/StarterAssets/InputSystem/StarterAssets.inputactions	9944
Assets/Survivalist/StarterAssets/InputSystem/StarterAssets.inputsettings.asset	740
Assets/Survivalist/StarterAssets/InputSystem/StarterAssetsInputs.cs	1739
Assets/Survivalist/StarterAssets/license.txt	156
Assets/Survivalist/StarterAssets/Readme.asset	2273
Assets/Survivalist/StarterAssets/StarterAssets_Documentation.pdf	331269
Assets/Survivalist/StarterAssets/ThirdPersonController/Character/Animations/Jump--InAir.anim.fbx	920880
Assets/Survivalist/StarterAssets/ThirdPersonController/Character/Animations/Jump--Jump.anim.fbx	783936
Assets/Survivalist/StarterAssets/ThirdPersonController/Character/Animations/Locomotion--Run_N.anim.fbx	605520
Assets/Survivalist/StarterAssets/ThirdPersonController/Character/Animations/Locomotion--Run_N_Land.anim.fbx	605552
Assets/Survivalist/StarterAssets/ThirdPersonController/Character/Animations/Locomotion--Run_S.anim.fbx	600032
Assets/Survivalist/StarterAssets/ThirdPersonController/Character/Animations/Locomotion--Walk_N.anim.fbx	652672
Assets/Survivalist/StarterAssets/ThirdPersonController/Character/Animations/Locomotion--Walk_N_Land.anim.fbx	652800
Assets/Survivalist/StarterAssets/ThirdPersonController/Character/Animations/Stand--Idle.anim.fbx	1123312
Assets/Survivalist/StarterAssets/ThirdPersonController/Character/Animations/StarterAssetsThirdPerson.controller	16793
Assets/Survivalist/StarterAssets/ThirdPersonController/Character/Models/Armature.fbx	5021936
Assets/Survivalist/StarterAssets/ThirdPersonController/Scripts/BasicRigidBodyPush.cs	1127
Assets/Survivalist/StarterAssets/ThirdPersonController/Scripts/ThirdPersonController.cs	10725
Assets/Survivalist/Survivalist.unity	67093
Assets/Survivalist/Texture/Body/T_Military_Eyes1_albedo.png	766349
Assets/Survivalist/Texture/Body/T_Military_Eyes1_normal.png	488194
Assets/Survivalist/Texture/Body/T_Military_Hands1_ao.png	565655
Assets/Survivalist/Texture/Body/T_Military_Hands1_color_skin1.png	2763073
Assets/Survivalist/Texture/Body/T_Military_Hands1_nmap.png	3052807
Assets/Survivalist/Texture/Body/T_Military_Hands1_rough.png	1004157
Assets/Survivalist/Texture/Body/T_Military_Head1_ao.png	826301
Assets/Survivalist/Texture/Body/T_Military_Head1_color.png	5166638
Assets/Survivalist/Texture/Body/T_Military_Head1_nmap.png	5771996
Assets/Survivalist/Texture/Body/T_Military_Head1_rough.png	2861297
Assets/Survivalist/Texture/Bottom/T_Military_Boots3_ao.png	387370
Assets/Survivalist/Texture/Bottom/T_Military_Boots3_metalness.png	15992
Assets/Survivalist/Texture/Bottom/T_Military_Boots3_nmap.png	1578223
Assets/Survivalist/Texture/Bottom/T_Military_Boots3_rough.png	737648
Assets/Survivalist/Texture/Bottom/T_Military_Boots3_Skin1_color.png	981717
Assets/Survivalist/Texture/Bottom/T_Military_Boots3_Skin2_color.png	851758
Assets/Survivalist/Texture/Bottom/T_Military_Boots3_Skin3_color.png	1074753
Assets/Survivalist/Texture/Bottom/T_Military_Pants2_ao.png	2417300
Assets/Survivalist/Texture/Bottom/T_Military_Pants2_color_skin1.png	8046771
Assets/Survivalist/Texture/Bottom/T_Military_Pants2_color_skin2.png	6484582
Assets/Survivalist/Texture/Bottom/T_Military_Pants2_color_skin3.png	7413579
Assets/Survivalist/Texture/Bottom/T_Military_Pants2_metalness.png	134281
Assets/Survivalist/Texture/Bottom/T_Military_Pants2_nmap.png	7877608
Assets/Survivalist/Texture/Bottom/T_Military_Pants2_rough.png	2049366
Assets/Survivalist/Texture/Equip/T_Military_Backpack1_ao.png	1128436
Assets/Survivalist/Texture/Equip/T_Military_Backpack1_color_skin1.png	3140530
Assets/Survivalist/Texture/Equip/T_Military_Backpack1_color_skin2.png	5370929
Assets/Survivalist/Texture/Equip/T_Military_Backpack1_color_skin3.png	5275283
Assets/Survivalist/Texture/Equip/T_Military_Backpack1_color_skin4.png	6131725
Assets/Survivalist/Texture/Equip/T_Military_Backpack1_metalness.png	110296
Assets/Survivalist/Texture/Equip/T_Military_Backpack1_nmap.png	7105911
Assets/Survivalist/Texture/Equip/T_Military_Backpack1_rough.png	1435907
Assets/Survivalist/Texture/Equip/T_Military_Gloves1_ao.png	408111
Assets/Survivalist/Texture/Equip/T_Military_Gloves1_color_skin1.png	1641957
Assets/Survivalist/Texture/Equip/T_Military_Gloves1_color_skin2.png	1635743
Assets/Survivalist/Texture/Equip/T_Military_Gloves1_nmap.png	1116467
Assets/Survivalist/Texture/Equip/T_Military_Gloves1_rough.png	504320
Assets/Survivalist/Texture/Equip/T_Military_Pouches1_ao.png	1913690
Assets/Survivalist/Texture/Equip/T_Military_Pouches1_metalness.png	292613
Assets/Survivalist/Texture/Equip/T_Military_Pouches1_nmap.png	7354904
Assets/Survivalist/Texture/Equip/T_Military_Pouches1_rough.png	406429
Assets/Survivalist/Texture/Equip/T_Military_Pouches1_Skin1_color.png	2959714
Assets/Survivalist/Texture/Equip/T_Military_Pouches1_Skin2_color.png	5375420
Assets/Survivalist/Texture/Equip/T_Military_Pouches1_Skin3_color.png	6498141
Assets/Survivalist/Texture/Equip/T_Military_Vest1_ao.png	3096805
Assets/Survivalist/Texture/Equip/T_Military_Vest1_metalness.png	21228
Assets/Survivalist/Texture/Equip/T_Military_Vest1_nmap.png	8415580
Assets/Survivalist/Texture/Equip/T_Military_Vest1_rough.png	321544
Assets/Survivalist/Texture/Equip/T_Military_Vest1_Skin1_color.png	2250806
Assets/Survivalist/Texture/Equip/T_Military_Vest1_Skin2_color.png	5395110
Assets/Survivalist/Texture/Equip/T_Military_Vest1_Skin3_color.png	5770651
Assets/Survivalist/Texture/FPS_Arms/T_Military_Hands3_ao.png	1206539
Assets/Survivalist/Texture/FPS_Arms/T_Military_Hands3_color_skin1.png	3332584
Assets/Survivalist/Texture/FPS_Arms/T_Military_Hands3_nmap.png	4246922
Assets/Survivalist/Texture/FPS_Arms/T_Military_Hands3_rough.png	1520015
Assets/Survivalist/Texture/Top/T_Military_Caps1_ao.png	2610165
Assets/Survivalist/Texture/Top/T_Military_Caps1_metalness.png	21228
Assets/Survivalist/Texture/Top/T_Military_Caps1_nmap.png	8589486
Assets/Survivalist/Texture/Top/T_Military_Caps1_rough.png	165296
Assets/Survivalist/Texture/Top/T_Military_Caps1_Skin1_color.png	3328788
Assets/Survivalist/Texture/Top/T_Military_Caps1_Skin2_color.png	4598809
Assets/Survivalist/Texture/Top/T_Military_Caps1_Skin3_color.png	4818197
Assets/Survivalist/Texture/Top/T_Military_Caps1_skin4_color.png	4604653
Assets/Survivalist/Texture/Top/T_Military_Shirt3_ao.png	1388293
Assets/Survivalist/Texture/Top/T_Military_Shirt3_metalness.png	53182
Assets/Survivalist/Texture/Top/T_Military_Shirt3_nmap.png	6103815
Assets/Survivalist/Texture/Top/T_Military_Shirt3_rough.png	65824
Assets/Survivalist/Texture/Top/T_Military_Shirt3_Skin1_color.png	4371609
Assets/Survivalist/Texture/Top/T_Military_Shirt3_Skin2_color.png	3999353
Assets/Survivalist/Texture/Top/T_Military_Shirt3_Skin3_color.png	4171286
Assets/TextMesh Pro/Documentation/TextMesh Pro User Guide 2016.pdf	694398
Assets/TextMesh Pro/Fonts/LiberationSans - OFL.txt	4514
Assets/TextMesh Pro/Fonts/LiberationSans.ttf	350200
Assets/TextMesh Pro/Resources/Fonts & Materials/LiberationSans SDF - Drop Shadow.mat	3266
Assets/TextMesh Pro/Resources/Fonts & Materials/LiberationSans SDF - Fallback.asset	10110
Assets/TextMesh Pro/Resources/Fonts & Materials/LiberationSans SDF - Outline.mat	3173
Assets/TextMesh Pro/Resources/Fonts & Materials/LiberationSans SDF.asset	2272752
Assets/TextMesh Pro/Resources/LineBreaking Following Characters.txt	269
Assets/TextMesh Pro/Resources/LineBreaking Leading Characters.txt	95
Assets/TextMesh Pro/Resources/Sprite Assets/EmojiOne.asset	14505
Assets/TextMesh Pro/Resources/Style Sheets/Default Style Sheet.asset	5058
Assets/TextMesh Pro/Resources/TMP Settings.asset	1903
Assets/TextMesh Pro/Shaders/TMP_Bitmap.shader	3642
Assets/TextMesh Pro/Shaders/TMP_Bitmap-Custom-Atlas.shader	3640
Assets/TextMesh Pro/Shaders/TMP_Bitmap-Mobile.shader	3694
Assets/TextMesh Pro/Shaders/TMP_SDF Overlay.shader	10902
Assets/TextMesh Pro/Shaders/TMP_SDF SSD.shader	12310
Assets/TextMesh Pro/Shaders/TMP_SDF.shader	10917
Assets/TextMesh Pro/Shaders/TMP_SDF-Mobile Masking.shader	8069
Assets/TextMesh Pro/Shaders/TMP_SDF-Mobile Overlay.shader	7883
Assets/TextMesh Pro/Shaders/TMP_SDF-Mobile SSD.shader	3177
Assets/TextMesh Pro/Shaders/TMP_SDF-Mobile.shader	7914
Assets/TextMesh Pro/Shaders/TMP_SDF-Surface.shader	4513
Assets/TextMesh Pro/Shaders/TMP_SDF-Surface-Mobile.shader	3662
Assets/TextMesh Pro/Shaders/TMP_Sprite.shader	2789
Assets/TextMesh Pro/Shaders/TMPro.cginc	2361
Assets/TextMesh Pro/Shaders/TMPro_Mobile.cginc	5468
Assets/TextMesh Pro/Shaders/TMPro_Properties.cginc	2928
Assets/TextMesh Pro/Shaders/TMPro_Surface.cginc	3664
Assets/TextMesh Pro/Sprites/EmojiOne Attribution.txt	187
Assets/TextMesh Pro/Sprites/EmojiOne.json	4122
Assets/TextMesh Pro/Sprites/EmojiOne.png	112319
Assets/Textures/BloodSprayAlbedo.tif	35464
Assets/Textures/BloodSprayNormals.tif	91156
Assets/Textures/DustPuffSmallParticleSheet.png	35969
Assets/Textures/FlameRoundParticleSheet.tif	2099472
Assets/Textures/FlashParticle.tif	88564
Assets/Textures/LensDirt01.png	8524297
Assets/Textures/SmokePuffNormalSheet.tif	3754664
Assets/Textures/SmokePuffParticleSheet.png	1360679
Assets/Textures/WomanSkin.png	196
Assets/Textures/ZombieSkin.png	211
Assets/TirgamesAssets/SchoolScene/Environment/SkyBoxes/DaySkyboxes/DarkDay/Back.png	292718
Assets/TirgamesAssets/SchoolScene/Environment/SkyBoxes/DaySkyboxes/DarkDay/DarkDay.mat	1863
Assets/TirgamesAssets/SchoolScene/Environment/SkyBoxes/DaySkyboxes/DarkDay/Down.png	32845
Assets/TirgamesAssets/SchoolScene/Environment/SkyBoxes/DaySkyboxes/DarkDay/Front.png	279758
Assets/TirgamesAssets/SchoolScene/Environment/SkyBoxes/DaySkyboxes/DarkDay/Left.png	314143
Assets/TirgamesAssets/SchoolScene/Environment/SkyBoxes/DaySkyboxes/DarkDay/Right.png	186258
Assets/TirgamesAssets/SchoolScene/Environment/SkyBoxes/DaySkyboxes/DarkDay/Up.png	521651
Assets/TirgamesAssets/SchoolScene/Environment/SkyBoxes/DaySkyboxes/SunnyDay/Sunny1 Skybox.mat	1849
Assets/TirgamesAssets/SchoolScene/Environment/SkyBoxes/DaySkyboxes/SunnyDay/Textures/Sunny1/Sunny1_back.tif	868268
Assets/TirgamesAssets/SchoolScene/Environment/SkyBoxes/DaySkyboxes/SunnyDay/Textures/Sunny1/Sunny1_down.tif	33008
Assets/TirgamesAssets/SchoolScene/Environment/SkyBoxes/DaySkyboxes/SunnyDay/Textures/Sunny1/Sunny1_front.tif	938136
Assets/TirgamesAssets/SchoolScene/Environment/SkyBoxes/DaySkyboxes/SunnyDay/Textures/Sunny1/Sunny1_left.tif	917896
Assets/TirgamesAssets/SchoolScene/Environment/SkyBoxes/DaySkyboxes/SunnyDay/Textures/Sunny1/Sunny1_right.tif	984084
Assets/TirgamesAssets/SchoolScene/Environment/SkyBoxes/DaySkyboxes/SunnyDay/Textures/Sunny1/Sunny1_up.tif	1129572
Assets/TirgamesAssets/SchoolScene/Environment/SkyBoxes/NightSkyboxes/3/3Night.mat	1868
Assets/TirgamesAssets/SchoolScene/Environment/SkyBoxes/NightSkyboxes/3/Back.png	437817
Assets/TirgamesAssets/SchoolScene/Environment/SkyBoxes/NightSkyboxes/3/Down.png	409696
Assets/TirgamesAssets/SchoolScene/Environment/SkyBoxes/NightSkyboxes/3/Front.png	532304
Assets/TirgamesAssets/SchoolScene/Environment/SkyBoxes/NightSkyboxes/3/Left.png	449483
Assets/TirgamesAssets/SchoolScene/Environment/SkyBoxes/NightSkyboxes/3/Right.png	489191
Assets/TirgamesAssets/SchoolScene/Environment/SkyBoxes/NightSkyboxes/3/Up.png	628996
Assets/TirgamesAssets/SchoolScene/Environment/TerrainLayers/layer_AsphaltRoad1_2.terrainlayer	794
Assets/TirgamesAssets/SchoolScene/Environment/TerrainLayers/layer_AsphaltRoad1_3.terrainlayer	795
Assets/TirgamesAssets/SchoolScene/Environment/TerrainLayers/layer_AsphaltRoad1_5.terrainlayer	794
Assets/TirgamesAssets/SchoolScene/Environment/TerrainLayers/layer_AsphaltRoad1_6.terrainlayer	794
Assets/TirgamesAssets/SchoolScene/Environment/TerrainLayers/layer_AsphaltRoad1_7.terrainlayer	795
Assets/TirgamesAssets/SchoolScene/Environment/TerrainLayers/layer_Ground2_17.terrainlayer	788
Assets/TirgamesAssets/SchoolScene/Environment/TerrainLayers/layer_Ground2_5_1.terrainlayer	789
Assets/TirgamesAssets/SchoolScene/Environment/TerrainLayers/layer_Ground2_5_2.terrainlayer	789
Assets/TirgamesAssets/SchoolScene/Environment/TerrainLayers/layer_Groundgrass.terrainlayer	789
Assets/TirgamesAssets/SchoolScene/Environment/TerrainLayers/layer_GroundRubber02.terrainlayer	792
Assets/TirgamesAssets/SchoolScene/Environment/TerrainLayers/layer_GroundRubber03.terrainlayer	792
Assets/TirgamesAssets/SchoolScene/Environment/TerrainLayers/layer_TileFloor06_1.terrainlayer	791
Assets/TirgamesAssets/SchoolScene/Environment/TerrainLayers/layer_TileFloor06_2.terrainlayer	795
Assets/TirgamesAssets/SchoolScene/Environment/TerrainLayers/layer_TileFloor11.terrainlayer	789
Assets/TirgamesAssets/SchoolScene/Environment/Trees/Material/Tree1BarkOld.mat	2007
Assets/TirgamesAssets/SchoolScene/Environment/Trees/Material/Tree1Brunches.mat	1815
Assets/TirgamesAssets/SchoolScene/Environment/Trees/Material/Tree1BrunchesOld.mat	1820
Assets/TirgamesAssets/SchoolScene/Environment/Trees/Textures/branch1.psd	1757796
Assets/TirgamesAssets/SchoolScene/Environment/Trees/Textures/branch1nm.psd	1911809
Assets/TirgamesAssets/SchoolScene/Environment/Trees/Textures/branch1Old.psd	1757494
Assets/TirgamesAssets/SchoolScene/Environment/Trees/Textures/branch1spec.psd	323620
Assets/TirgamesAssets/SchoolScene/Environment/Trees/Textures/branch1trans.psd	357765
Assets/TirgamesAssets/SchoolScene/Environment/Trees/Textures/Tree1BarkNM.psd	3182534
Assets/TirgamesAssets/SchoolScene/Environment/Trees/Textures/Tree1BarkOld.psd	4223512
Assets/TirgamesAssets/SchoolScene/Environment/Trees/Tree1.prefab	410522
Assets/TirgamesAssets/SchoolScene/Environment/Trees/Tree1_Textures/diffuse.png	2125013
Assets/TirgamesAssets/SchoolScene/Environment/Trees/Tree1_Textures/normal_specular.png	1622876
Assets/TirgamesAssets/SchoolScene/Environment/Trees/Tree1_Textures/shadow.png	726003
Assets/TirgamesAssets/SchoolScene/Environment/Trees/Tree1_Textures/translucency_gloss.png	321477
Assets/TirgamesAssets/SchoolScene/Environment/Trees/Tree1Old.prefab	409107
Assets/TirgamesAssets/SchoolScene/Environment/Trees/Tree1Old_Textures/diffuse.png	2028373
Assets/TirgamesAssets/SchoolScene/Environment/Trees/Tree1Old_Textures/normal_specular.png	1111780
Assets/TirgamesAssets/SchoolScene/Environment/Trees/Tree1Old_Textures/shadow.png	726751
Assets/TirgamesAssets/SchoolScene/Environment/Trees/Tree1Old_Textures/translucency_gloss.png	21924
Assets/TirgamesAssets/SchoolScene/Environment/Trees/Tree2.prefab	638234
Assets/TirgamesAssets/SchoolScene/Environment/Trees/Tree2_Textures/diffuse.png	2092567
Assets/TirgamesAssets/SchoolScene/Environment/Trees/Tree2_Textures/normal_specular.png	1607659
Assets/TirgamesAssets/SchoolScene/Environment/Trees/Tree2_Textures/shadow.png	726751
Assets/TirgamesAssets/SchoolScene/Environment/Trees/Tree2_Textures/translucency_gloss.png	320770
Assets/TirgamesAssets/SchoolScene/Environment/Trees/Tree2Old.prefab	638237
Assets/TirgamesAssets/SchoolScene/Environment/Trees/Tree2Old_Textures/diffuse.png	2028373
Assets/TirgamesAssets/SchoolScene/Environment/Trees/Tree2Old_Textures/normal_specular.png	1111780
Assets/TirgamesAssets/SchoolScene/Environment/Trees/Tree2Old_Textures/shadow.png	726751
Assets/TirgamesAssets/SchoolScene/Environment/Trees/Tree2Old_Textures/translucency_gloss.png	21924
Assets/TirgamesAssets/SchoolScene/Environment/Trees/Tree3.prefab	635973
Assets/TirgamesAssets/SchoolScene/Environment/Trees/Tree3_Textures/diffuse.png	2092567
Assets/TirgamesAssets/SchoolScene/Environment/Trees/Tree3_Textures/normal_specular.png	1607659
Assets/TirgamesAssets/SchoolScene/Environment/Trees/Tree3_Textures/shadow.png	726751
Assets/TirgamesAssets/SchoolScene/Environment/Trees/Tree3_Textures/translucency_gloss.png	320770
Assets/TirgamesAssets/SchoolScene/Lens Flares/Art Assets/subtle1.psd	57130
Assets/TirgamesAssets/SchoolScene/Lens Flares/Subtle5.flare	1702
Assets/TirgamesAssets/SchoolScene/Materials/Models/BuildingWindows/BuildingWindows01.mat	4077
Assets/TirgamesAssets/SchoolScene/Materials/Models/BuildingWindows/BuildingWindows01Old.mat	4080
Assets/TirgamesAssets/SchoolScene/Materials/Models/BuildingWindows/WindowsBroken03.mat	4145
Assets/TirgamesAssets/SchoolScene/Materials/Over/Colors/ColorChart01.mat	3959
Assets/TirgamesAssets/SchoolScene/Materials/Over/Colors/ColorChart01Old.mat	3962
Assets/TirgamesAssets/SchoolScene/Materials/Surfaces/Concrete/ConcreteClear01.mat	3973
Assets/TirgamesAssets/SchoolScene/Materials/Surfaces/Concrete/ConcreteClear03.mat	3972
Assets/TirgamesAssets/SchoolScene/Materials/Surfaces/Concrete/ConcreteClear05.mat	3973
Assets/TirgamesAssets/SchoolScene/Materials/Surfaces/Concrete/ConcreteClear07.mat	3902
Assets/TirgamesAssets/SchoolScene/Materials/Surfaces/Concrete/ConcreteDirt1b.mat	4007
Assets/TirgamesAssets/SchoolScene/Materials/Surfaces/Concrete/ConcreteDirt3.mat	3950
Assets/TirgamesAssets/SchoolScene/Materials/Surfaces/Concrete/ConcretePillar1a.mat	3985
Assets/TirgamesAssets/SchoolScene/Materials/Surfaces/Concrete/ConcretePillar2Old.mat	3987
Assets/TirgamesAssets/SchoolScene/Materials/Surfaces/Concrete/ConcreteStucco01a.mat	3992
Assets/TirgamesAssets/SchoolScene/Materials/Surfaces/Concrete/ConcreteStucco01b.mat	4002
Assets/TirgamesAssets/SchoolScene/Materials/Surfaces/Concrete/ConcreteStucco02a.mat	4009
Assets/TirgamesAssets/SchoolScene/Materials/Surfaces/Concrete/ConcreteStucco02c.mat	4002
Assets/TirgamesAssets/SchoolScene/Materials/Surfaces/Concrete/ConcreteStucco02d.mat	4000
Assets/TirgamesAssets/SchoolScene/Materials/Surfaces/Concrete/ConcreteWall01.mat	4037
Assets/TirgamesAssets/SchoolScene/Materials/Surfaces/Concrete/ConcreteWall2.mat	3985
Assets/TirgamesAssets/SchoolScene/Materials/Surfaces/Concrete/ConcreteWall2Old.mat	3990
Assets/TirgamesAssets/SchoolScene/Materials/Surfaces/Concrete/ConcreteWall5.mat	3971
Assets/TirgamesAssets/SchoolScene/Materials/Surfaces/Concrete/ConcreteWall6a.mat	3970
Assets/TirgamesAssets/SchoolScene/Materials/Surfaces/Concrete/ConcreteWall6d.mat	3949
Assets/TirgamesAssets/SchoolScene/Materials/Surfaces/Concrete/ConcreteWall6e.mat	4004
Assets/TirgamesAssets/SchoolScene/Materials/Surfaces/Concrete/ConcreteWall6g.mat	3999
Assets/TirgamesAssets/SchoolScene/Materials/Surfaces/Concrete/ConctereWall12.mat	3980
Assets/TirgamesAssets/SchoolScene/Materials/Surfaces/Concrete/ConctereWall13.mat	3980
Assets/TirgamesAssets/SchoolScene/Materials/Surfaces/Concrete/ConctereWall14.mat	4026
Assets/TirgamesAssets/SchoolScene/Materials/Surfaces/Concrete/ConctereWall18_1.mat	4082
Assets/TirgamesAssets/SchoolScene/Materials/Surfaces/Concrete/ConctereWall18_2.mat	4028
Assets/TirgamesAssets/SchoolScene/Materials/Surfaces/Concrete/ConctereWall18_3.mat	4029
Assets/TirgamesAssets/SchoolScene/Materials/Surfaces/Concrete/ConctereWall18_5.mat	4029
Assets/TirgamesAssets/SchoolScene/Materials/Surfaces/Concrete/ConctereWall8.mat	4037
Assets/TirgamesAssets/SchoolScene/Materials/Surfaces/Cork/Cork01b.mat	3971
Assets/TirgamesAssets/SchoolScene/Materials/Surfaces/Cork/Cork01bOld.mat	4026
Assets/TirgamesAssets/SchoolScene/Materials/Surfaces/Fabric/Fabric05a.mat	3900
Assets/TirgamesAssets/SchoolScene/Materials/Surfaces/Fabric/Fabric05c.mat	3900
Assets/TirgamesAssets/SchoolScene/Materials/Surfaces/Fabric/Fabric05cOld.mat	4029
Assets/TirgamesAssets/SchoolScene/Materials/Surfaces/Fabric/FabricCurtain01Old.mat	3995
Assets/TirgamesAssets/SchoolScene/Materials/Surfaces/Fabric/FabricCurtain02a.mat	3976
Assets/TirgamesAssets/SchoolScene/Materials/Surfaces/Fabric/FabricCurtain02b.mat	3977
Assets/TirgamesAssets/SchoolScene/Materials/Surfaces/Glass/GlassClear.mat	3933
Assets/TirgamesAssets/SchoolScene/Materials/Surfaces/Glass/GlassClearOpaque.mat	3866
Assets/TirgamesAssets/SchoolScene/Materials/Surfaces/Glass/GlassFrosted01.mat	4041
Assets/TirgamesAssets/SchoolScene/Materials/Surfaces/Glass/GlassLamp1.mat	3955
Assets/TirgamesAssets/SchoolScene/Materials/Surfaces/Glass/GlassLamp1Old.mat	3958
Assets/TirgamesAssets/SchoolScene/Materials/Surfaces/Glass/GlassLamp2aOld.mat	4003
Assets/TirgamesAssets/SchoolScene/Materials/Surfaces/Glass/GlassLamp2bOld.mat	3956
Assets/TirgamesAssets/SchoolScene/Materials/Surfaces/Glass/GlassMirror1.mat	3870
Assets/TirgamesAssets/SchoolScene/Materials/Surfaces/Glass/GlassMirror1Old.mat	4027
Assets/TirgamesAssets/SchoolScene/Materials/Surfaces/Glass/GlassMirrorBlack.mat	3926
Assets/TirgamesAssets/SchoolScene/Materials/Surfaces/Glass/GlassWhite.mat	3928
Assets/TirgamesAssets/SchoolScene/Materials/Surfaces/Glass/GlassWhiteIllum.mat	3851
Assets/TirgamesAssets/SchoolScene/Materials/Surfaces/Leather/Leather01Black.mat	4071
Assets/TirgamesAssets/SchoolScene/Materials/Surfaces/Leather/Leather01Old.mat	4131
Assets/TirgamesAssets/SchoolScene/Materials/Surfaces/Leather/Leather01OldBlack.mat	4132
Assets/TirgamesAssets/SchoolScene/Materials/Surfaces/Leather/Leather01OldRed.mat	4183
Assets/TirgamesAssets/SchoolScene/Materials/Surfaces/Leather/Leather01Red.mat	4116
Assets/TirgamesAssets/SchoolScene/Materials/Surfaces/Leather/Leather06.mat	3996
Assets/TirgamesAssets/SchoolScene/Materials/Surfaces/Metall/MetalChain01.mat	4049
Assets/TirgamesAssets/SchoolScene/Materials/Surfaces/Metall/Metall3.mat	3905
Assets/TirgamesAssets/SchoolScene/Materials/Surfaces/Metall/Metall4.mat	3973
Assets/TirgamesAssets/SchoolScene/Materials/Surfaces/Metall/MetallChrome01.mat	3859
Assets/TirgamesAssets/SchoolScene/Materials/Surfaces/Metall/MetallChrome03.mat	3951
Assets/TirgamesAssets/SchoolScene/Materials/Surfaces/Metall/MetallGray1.mat	4092
Assets/TirgamesAssets/SchoolScene/Materials/Surfaces/Metall/MetallPainted01Gray.mat	4007
Assets/TirgamesAssets/SchoolScene/Materials/Surfaces/Metall/MetallPainted01Green.mat	3999
Assets/TirgamesAssets/SchoolScene/Materials/Surfaces/Metall/MetallPainted01LinesBlack.mat	3986
Assets/TirgamesAssets/SchoolScene/Materials/Surfaces/Metall/MetallPainted01LinesRed.mat	3984
Assets/TirgamesAssets/SchoolScene/Materials/Surfaces/Metall/MetallPainted01White.mat	3981
Assets/TirgamesAssets/SchoolScene/Materials/Surfaces/Metall/MetallPlate03.mat	4070
Assets/TirgamesAssets/SchoolScene/Materials/Surfaces/Metall/MetallPlate03Old.mat	3979
Assets/TirgamesAssets/SchoolScene/Materials/Surfaces/Metall/MetallRed.mat	4024
Assets/TirgamesAssets/SchoolScene/Materials/Surfaces/Metall/MetallRusted02Gray.mat	4160
Assets/TirgamesAssets/SchoolScene/Materials/Surfaces/Metall/MetallRusted03.mat	4129
Assets/TirgamesAssets/SchoolScene/Materials/Surfaces/Metall/MetalScratched01.mat	4130
Assets/TirgamesAssets/SchoolScene/Materials/Surfaces/Metall/MetalScratched02.mat	3943
Assets/TirgamesAssets/SchoolScene/Materials/Surfaces/Paper/Paper01.mat	3943
Assets/TirgamesAssets/SchoolScene/Materials/Surfaces/Plastic/PlasticBlack1.mat	3980
Assets/TirgamesAssets/SchoolScene/Materials/Surfaces/Plastic/PlasticGrey1.mat	3948
Assets/TirgamesAssets/SchoolScene/Materials/Surfaces/Plastic/PlasticLines1Gray.mat	4007
Assets/TirgamesAssets/SchoolScene/Materials/Surfaces/Plastic/PlasticLines1White.mat	3976
Assets/TirgamesAssets/SchoolScene/Materials/Surfaces/Plastic/PlasticOld01a.mat	4032
Assets/TirgamesAssets/SchoolScene/Materials/Surfaces/Plastic/PlasticOld01b.mat	4036
Assets/TirgamesAssets/SchoolScene/Materials/Surfaces/Plastic/PlasticOld01Black.mat	4039
Assets/TirgamesAssets/SchoolScene/Materials/Surfaces/Plastic/PlasticRed1.mat	3933
Assets/TirgamesAssets/SchoolScene/Materials/Surfaces/Plastic/PlasticWhite1.mat	3929
Assets/TirgamesAssets/SchoolScene/Materials/Surfaces/Tile/TileArmstrong01_01.mat	4184
Assets/TirgamesAssets/SchoolScene/Materials/Surfaces/Tile/TileArmstrong01_02.mat	4077
Assets/TirgamesAssets/SchoolScene/Materials/Surfaces/Tile/TileArmstrong01_04.mat	4132
Assets/TirgamesAssets/SchoolScene/Materials/Surfaces/Tile/TileArmstrong01_04Old.mat	4111
Assets/TirgamesAssets/SchoolScene/Materials/Surfaces/Tile/TileArmstrong01_04On.mat	4189
Assets/TirgamesAssets/SchoolScene/Materials/Surfaces/Tile/TileFloor01c.mat	3980
Assets/TirgamesAssets/SchoolScene/Materials/Surfaces/Tile/TileFloor05.mat	3976
Assets/TirgamesAssets/SchoolScene/Materials/Surfaces/Tile/TileFloor05Old.mat	4190
Assets/TirgamesAssets/SchoolScene/Materials/Surfaces/Tile/TileWhite02.mat	3988
Assets/TirgamesAssets/SchoolScene/Materials/Surfaces/Tile/TileWhite02Old.mat	4196
Assets/TirgamesAssets/SchoolScene/Materials/Surfaces/Tile/TileWhite03.mat	3988
Assets/TirgamesAssets/SchoolScene/Materials/Surfaces/Tile/TileWhite03Old.mat	4202
Assets/TirgamesAssets/SchoolScene/Materials/Surfaces/Tilefloor/FloorLinoleum4a.mat	3979
Assets/TirgamesAssets/SchoolScene/Materials/Surfaces/Tilefloor/FloorLinoleum4aOld.mat	4198
Assets/TirgamesAssets/SchoolScene/Materials/Surfaces/Tilefloor/FloorLinoleum4b.mat	3979
Assets/TirgamesAssets/SchoolScene/Materials/Surfaces/Tilefloor/FloorLinoleum4bOld.mat	4197
Assets/TirgamesAssets/SchoolScene/Materials/Surfaces/Wood/Wood04Old.mat	4126
Assets/TirgamesAssets/SchoolScene/Materials/Surfaces/Wood/Wood2.mat	3966
Assets/TirgamesAssets/SchoolScene/Materials/Surfaces/Wood/Wood3.mat	3947
Assets/TirgamesAssets/SchoolScene/Materials/Surfaces/Wood/Wood3Old.mat	4192
Assets/TirgamesAssets/SchoolScene/Materials/Surfaces/Wood/Wood4.mat	3966
Assets/TirgamesAssets/SchoolScene/Materials/Surfaces/Wood/Wood5.mat	3951
Assets/TirgamesAssets/SchoolScene/Materials/Surfaces/Wood/WoodOak.mat	3898
Assets/TirgamesAssets/SchoolScene/Materials/Surfaces/Wood/WoodOld6.mat	3999
Assets/TirgamesAssets/SchoolScene/Materials/Surfaces/Wood/WoodOld7.mat	4000
Assets/TirgamesAssets/SchoolScene/Materials/Surfaces/Wood/WoodOld9.mat	4025
Assets/TirgamesAssets/SchoolScene/Models/Exterior/BackGrounds/BackGround2.FBX	24912
Assets/TirgamesAssets/SchoolScene/Models/Exterior/BackGrounds/Materials/BackGroundTreeLine04.mat	2028
Assets/TirgamesAssets/SchoolScene/Models/Exterior/BackGrounds/Materials/BackGroundTreeLine1_1a.mat	2139
Assets/TirgamesAssets/SchoolScene/Models/Exterior/BackGrounds/Textures/BackGroundTreeLine04.png	916684
Assets/TirgamesAssets/SchoolScene/Models/Exterior/BackGrounds/Textures/BackGroundTreeLine1_1.png	3829094
Assets/TirgamesAssets/SchoolScene/Models/Exterior/Benches/Bench01_1.FBX	57552
Assets/TirgamesAssets/SchoolScene/Models/Exterior/Benches/Bench01_2.FBX	87088
Assets/TirgamesAssets/SchoolScene/Models/Exterior/Benches/Bench01_3.FBX	75120
Assets/TirgamesAssets/SchoolScene/Models/Exterior/Benches/Bench01_4.FBX	66752
Assets/TirgamesAssets/SchoolScene/Models/Exterior/Benches/Bench01_5.FBX	135152
Assets/TirgamesAssets/SchoolScene/Models/Exterior/Benches/Prefabs/Bench01_1.prefab	6007
Assets/TirgamesAssets/SchoolScene/Models/Exterior/Benches/Prefabs/Bench01_1_1.prefab	6486
Assets/TirgamesAssets/SchoolScene/Models/Exterior/Benches/Prefabs/Bench01_2.prefab	5951
Assets/TirgamesAssets/SchoolScene/Models/Exterior/Benches/Prefabs/Bench01_3.prefab	6007
Assets/TirgamesAssets/SchoolScene/Models/Exterior/Benches/Prefabs/Bench01_4.prefab	6007
Assets/TirgamesAssets/SchoolScene/Models/Exterior/Benches/Prefabs/Bench01_5.prefab	6007
Assets/TirgamesAssets/SchoolScene/Models/Exterior/Bordures/Prefabs/RoadBordure1a.prefab	2639
Assets/TirgamesAssets/SchoolScene/Models/Exterior/Bordures/Prefabs/RoadBordure1b.prefab	2645
Assets/TirgamesAssets/SchoolScene/Models/Exterior/Bordures/Prefabs/RoadBordure1c.prefab	2644
Assets/TirgamesAssets/SchoolScene/Models/Exterior/Bordures/Prefabs/RoadBordure1d.prefab	2667
Assets/TirgamesAssets/SchoolScene/Models/Exterior/Bordures/Prefabs/RoadBordure1e.prefab	2649
Assets/TirgamesAssets/SchoolScene/Models/Exterior/Bordures/Prefabs/RoadBordure1f.prefab	2669
Assets/TirgamesAssets/SchoolScene/Models/Exterior/Bordures/RoadBordure1a.FBX	22400
Assets/TirgamesAssets/SchoolScene/Models/Exterior/Bordures/RoadBordure1b.FBX	22400
Assets/TirgamesAssets/SchoolScene/Models/Exterior/Bordures/RoadBordure1c.FBX	22400
Assets/TirgamesAssets/SchoolScene/Models/Exterior/Bordures/RoadBordure1d.FBX	22432
Assets/TirgamesAssets/SchoolScene/Models/Exterior/Bordures/RoadBordure1e.FBX	22432
Assets/TirgamesAssets/SchoolScene/Models/Exterior/Bordures/RoadBordure1f.FBX	22448
Assets/TirgamesAssets/SchoolScene/Models/Exterior/Buildings/BuildingsBig/BuildingBig02_1.FBX	94400
Assets/TirgamesAssets/SchoolScene/Models/Exterior/Buildings/BuildingsBig/BuildingBig02_2.FBX	1101072
Assets/TirgamesAssets/SchoolScene/Models/Exterior/Buildings/BuildingsBig/Prefabs/BuildingBig02_1.prefab	32072
Assets/TirgamesAssets/SchoolScene/Models/Exterior/Buildings/BuildingsBig/Prefabs/BuildingBig02_1Old.prefab	15568
Assets/TirgamesAssets/SchoolScene/Models/Exterior/Buildings/BuildingsKPP/BuildingKPP2.FBX	63408
Assets/TirgamesAssets/SchoolScene/Models/Exterior/Buildings/BuildingsKPP/Materials/ModelBuildingKPP2.mat	3983
Assets/TirgamesAssets/SchoolScene/Models/Exterior/Buildings/BuildingsKPP/Prefabs/BuildingKPP2.prefab	7385
Assets/TirgamesAssets/SchoolScene/Models/Exterior/Buildings/BuildingsKPP/Prefabs/BuildingKPP2Old.prefab	7412
Assets/TirgamesAssets/SchoolScene/Models/Exterior/Buildings/BuildingsKPP/Textures/ModelBuildingKPP2.png	157408
Assets/TirgamesAssets/SchoolScene/Models/Exterior/Buildings/BuildingsKPP/Textures/ModelBuildingKPP2NM.png	23500
Assets/TirgamesAssets/SchoolScene/Models/Exterior/Buildings/SchoolBuilding.FBX	2754768
Assets/TirgamesAssets/SchoolScene/Models/Exterior/ConcreteBoxes/ConcreteBox01.FBX	24208
Assets/TirgamesAssets/SchoolScene/Models/Exterior/ConcreteBoxes/ConcreteBox01_2.FBX	25712
Assets/TirgamesAssets/SchoolScene/Models/Exterior/ConcreteBoxes/ConcreteBox01_3.FBX	62016
Assets/TirgamesAssets/SchoolScene/Models/Exterior/ConcreteBoxes/ConcreteBox01_4.FBX	54512
Assets/TirgamesAssets/SchoolScene/Models/Exterior/ConcreteBoxes/Prefabs/ConcreteBox01.prefab	2623
Assets/TirgamesAssets/SchoolScene/Models/Exterior/ConcreteBoxes/Prefabs/ConcreteBox01_2.prefab	2602
Assets/TirgamesAssets/SchoolScene/Models/Exterior/ConcreteBoxes/Prefabs/ConcreteBox01_3.prefab	2635
Assets/TirgamesAssets/SchoolScene/Models/Exterior/ConcreteBoxes/Prefabs/ConcreteBox01_4.prefab	2633
Assets/TirgamesAssets/SchoolScene/Models/Exterior/Conditioners/Conditioner01.FBX	37088
Assets/TirgamesAssets/SchoolScene/Models/Exterior/Conditioners/Materials/ModelConditioner01.mat	3979
Assets/TirgamesAssets/SchoolScene/Models/Exterior/Conditioners/Materials/ModelConditioner01Old.mat	3982
Assets/TirgamesAssets/SchoolScene/Models/Exterior/Conditioners/Prefabs/Conditioner01.prefab	3504
Assets/TirgamesAssets/SchoolScene/Models/Exterior/Conditioners/Prefabs/Conditioner01Old.prefab	3512
Assets/TirgamesAssets/SchoolScene/Models/Exterior/Conditioners/Textures/ModelConditioner01.png	3201614
Assets/TirgamesAssets/SchoolScene/Models/Exterior/Conditioners/Textures/ModelConditioner01NM.png	649444
Assets/TirgamesAssets/SchoolScene/Models/Exterior/Conditioners/Textures/ModelConditioner01Old.png	6729007
Assets/TirgamesAssets/SchoolScene/Models/Exterior/Fences/FencesConcrete/FenceConcrete1_1.FBX	25760
Assets/TirgamesAssets/SchoolScene/Models/Exterior/Fences/FencesConcrete/FenceConcrete1_2.FBX	28432
Assets/TirgamesAssets/SchoolScene/Models/Exterior/Fences/FencesConcrete/FenceConcrete1_3.FBX	33792
Assets/TirgamesAssets/SchoolScene/Models/Exterior/Fences/FencesConcrete/FenceConcrete1_4.FBX	44016
Assets/TirgamesAssets/SchoolScene/Models/Exterior/Fences/FencesConcrete/FenceConcrete1_5.FBX	62848
Assets/TirgamesAssets/SchoolScene/Models/Exterior/Fences/FencesConcrete/FenceConcrete1_6.FBX	32256
Assets/TirgamesAssets/SchoolScene/Models/Exterior/Fences/FencesConcrete/FenceConcrete1_7.FBX	39536
Assets/TirgamesAssets/SchoolScene/Models/Exterior/Fences/FencesConcrete/FenceConcrete1_8.FBX	64864
Assets/TirgamesAssets/SchoolScene/Models/Exterior/Fences/FencesConcrete/FenceConcrete1_9.FBX	83888
Assets/TirgamesAssets/SchoolScene/Models/Exterior/Fences/FencesConcrete/Prefabs/FenceConcrete1_1.prefab	2708
Assets/TirgamesAssets/SchoolScene/Models/Exterior/Fences/FencesConcrete/Prefabs/FenceConcrete1_1Old.prefab	2673
Assets/TirgamesAssets/SchoolScene/Models/Exterior/Fences/FencesConcrete/Prefabs/FenceConcrete1_2.prefab	2709
Assets/TirgamesAssets/SchoolScene/Models/Exterior/Fences/FencesConcrete/Prefabs/FenceConcrete1_2Old.prefab	2683
Assets/TirgamesAssets/SchoolScene/Models/Exterior/Fences/FencesConcrete/Prefabs/FenceConcrete1_3.prefab	2709
Assets/TirgamesAssets/SchoolScene/Models/Exterior/Fences/FencesConcrete/Prefabs/FenceConcrete1_3Old.prefab	2671
Assets/TirgamesAssets/SchoolScene/Models/Exterior/Fences/FencesConcrete/Prefabs/FenceConcrete1_4.prefab	2709
Assets/TirgamesAssets/SchoolScene/Models/Exterior/Fences/FencesConcrete/Prefabs/FenceConcrete1_5.prefab	2711
Assets/TirgamesAssets/SchoolScene/Models/Exterior/Fences/FencesConcrete/Prefabs/FenceConcrete1_6Old.prefab	2671
Assets/TirgamesAssets/SchoolScene/Models/Exterior/Fences/FencesConcrete/Prefabs/FenceConcrete1_7Old.prefab	2683
Assets/TirgamesAssets/SchoolScene/Models/Exterior/Fences/FencesConcrete/Prefabs/FenceConcrete1_8Old.prefab	2683
Assets/TirgamesAssets/SchoolScene/Models/Exterior/Fences/FencesConcrete/Prefabs/FenceConcrete1_9Old.prefab	2634
Assets/TirgamesAssets/SchoolScene/Models/Exterior/Fences/FencesMetal/FenceMetal01_1.FBX	34480
Assets/TirgamesAssets/SchoolScene/Models/Exterior/Fences/FencesMetal/FenceMetal01_2.FBX	35264
Assets/TirgamesAssets/SchoolScene/Models/Exterior/Fences/FencesMetal/FenceMetal01_3.FBX	40144
Assets/TirgamesAssets/SchoolScene/Models/Exterior/Fences/FencesMetal/FenceMetal01_4.FBX	32800
Assets/TirgamesAssets/SchoolScene/Models/Exterior/Fences/FencesMetal/FenceMetal01_5.FBX	62304
Assets/TirgamesAssets/SchoolScene/Models/Exterior/Fences/FencesMetal/FenceMetal01_6.FBX	62448
Assets/TirgamesAssets/SchoolScene/Models/Exterior/Fences/FencesMetal/FenceMetal01_7.FBX	62752
Assets/TirgamesAssets/SchoolScene/Models/Exterior/Fences/FencesMetal/FenceMetal01_8.FBX	71744
Assets/TirgamesAssets/SchoolScene/Models/Exterior/Fences/FencesMetal/FenceMetal02.FBX	22848
Assets/TirgamesAssets/SchoolScene/Models/Exterior/Fences/FencesMetal/Materials/MetalFence01.mat	3998
Assets/TirgamesAssets/SchoolScene/Models/Exterior/Fences/FencesMetal/Prefabs/FenceMetal01_1.prefab	6143
Assets/TirgamesAssets/SchoolScene/Models/Exterior/Fences/FencesMetal/Prefabs/FenceMetal01_2.prefab	5723
Assets/TirgamesAssets/SchoolScene/Models/Exterior/Fences/FencesMetal/Prefabs/FenceMetal01_3.prefab	6054
Assets/TirgamesAssets/SchoolScene/Models/Exterior/Fences/FencesMetal/Prefabs/FenceMetal01_4.prefab	2703
Assets/TirgamesAssets/SchoolScene/Models/Exterior/Fences/FencesMetal/Prefabs/FenceMetal01_4Old.prefab	2651
Assets/TirgamesAssets/SchoolScene/Models/Exterior/Fences/FencesMetal/Prefabs/FenceMetal01_5Old.prefab	2651
Assets/TirgamesAssets/SchoolScene/Models/Exterior/Fences/FencesMetal/Prefabs/FenceMetal01_6Old.prefab	2651
Assets/TirgamesAssets/SchoolScene/Models/Exterior/Fences/FencesMetal/Prefabs/FenceMetal01_7Old.prefab	2651
Assets/TirgamesAssets/SchoolScene/Models/Exterior/Fences/FencesMetal/Prefabs/FenceMetal01_8Old.prefab	2681
Assets/TirgamesAssets/SchoolScene/Models/Exterior/Fences/FencesMetal/Prefabs/FenceMetal02_L.prefab	4224
Assets/TirgamesAssets/SchoolScene/Models/Exterior/Fences/FencesMetal/Prefabs/FenceMetal02_R.prefab	4244
Assets/TirgamesAssets/SchoolScene/Models/Exterior/Fences/FencesMetal/Textures/MetalFence01.png	1978351
Assets/TirgamesAssets/SchoolScene/Models/Exterior/Lamps/Prefabs/RoadLamp1a.prefab	7851
Assets/TirgamesAssets/SchoolScene/Models/Exterior/Lamps/Prefabs/RoadLamp1aNight.prefab	10525
Assets/TirgamesAssets/SchoolScene/Models/Exterior/Lamps/Prefabs/RoadLamp1d.prefab	2788
Assets/TirgamesAssets/SchoolScene/Models/Exterior/Lamps/Prefabs/RoadLamp1dNight.prefab	6378
Assets/TirgamesAssets/SchoolScene/Models/Exterior/Lamps/Prefabs/RoadLamp2_1Old.prefab	5539
Assets/TirgamesAssets/SchoolScene/Models/Exterior/Lamps/Prefabs/RoadLamp2_2Old.prefab	5540
Assets/TirgamesAssets/SchoolScene/Models/Exterior/Lamps/Prefabs/RoadLamp2Off.prefab	6032
Assets/TirgamesAssets/SchoolScene/Models/Exterior/Lamps/Prefabs/RoadLamp2Old.prefab	6032
Assets/TirgamesAssets/SchoolScene/Models/Exterior/Lamps/Prefabs/RoadLamp2On.prefab	7795
Assets/TirgamesAssets/SchoolScene/Models/Exterior/Lamps/Prefabs/RoadLamp3_1Old.prefab	8083
Assets/TirgamesAssets/SchoolScene/Models/Exterior/Lamps/Prefabs/RoadLamp3_2a.prefab	5539
Assets/TirgamesAssets/SchoolScene/Models/Exterior/Lamps/Prefabs/RoadLamp3_2b.prefab	7728
Assets/TirgamesAssets/SchoolScene/Models/Exterior/Lamps/Prefabs/RoadLamp3_2c.prefab	7728
Assets/TirgamesAssets/SchoolScene/Models/Exterior/Lamps/Prefabs/RoadLamp3_2d.prefab	5537
Assets/TirgamesAssets/SchoolScene/Models/Exterior/Lamps/Prefabs/RoadLamp3_2e.prefab	5538
Assets/TirgamesAssets/SchoolScene/Models/Exterior/Lamps/Prefabs/RoadLamp3_3.prefab	5610
Assets/TirgamesAssets/SchoolScene/Models/Exterior/Lamps/Prefabs/RoadLamp3_3a.prefab	8148
Assets/TirgamesAssets/SchoolScene/Models/Exterior/Lamps/Prefabs/RoadLamp3_3b.prefab	7727
Assets/TirgamesAssets/SchoolScene/Models/Exterior/Lamps/RoadLamp1a.fbx	48240
Assets/TirgamesAssets/SchoolScene/Models/Exterior/Lamps/RoadLamp1d.FBX	43472
Assets/TirgamesAssets/SchoolScene/Models/Exterior/Lamps/RoadLamp2.fbx	36864
Assets/TirgamesAssets/SchoolScene/Models/Exterior/Lamps/RoadLamp2_1.FBX	58544
Assets/TirgamesAssets/SchoolScene/Models/Exterior/Lamps/RoadLamp2_2.FBX	63872
Assets/TirgamesAssets/SchoolScene/Models/Exterior/Lamps/RoadLamp3_1.FBX	54160
Assets/TirgamesAssets/SchoolScene/Models/Exterior/Lamps/RoadLamp3_2a.FBX	93264
Assets/TirgamesAssets/SchoolScene/Models/Exterior/Lamps/RoadLamp3_2b.FBX	86688
Assets/TirgamesAssets/SchoolScene/Models/Exterior/Lamps/RoadLamp3_2c.FBX	68512
Assets/TirgamesAssets/SchoolScene/Models/Exterior/Lamps/RoadLamp3_2d.FBX	101952
Assets/TirgamesAssets/SchoolScene/Models/Exterior/Lamps/RoadLamp3_2e.FBX	92592
Assets/TirgamesAssets/SchoolScene/Models/Exterior/Lamps/RoadLamp3_3.FBX	53600
Assets/TirgamesAssets/SchoolScene/Models/Exterior/Lamps/RoadLamp3_3a.FBX	90992
Assets/TirgamesAssets/SchoolScene/Models/Exterior/Lamps/RoadLamp3_3b.FBX	70016
Assets/TirgamesAssets/SchoolScene/Models/Exterior/Plants/Hedge01_02.FBX	24960
Assets/TirgamesAssets/SchoolScene/Models/Exterior/Plants/Materials/plants01a.mat	4145
Assets/TirgamesAssets/SchoolScene/Models/Exterior/Plants/Prefabs/Hedge01_02.prefab	2598
Assets/TirgamesAssets/SchoolScene/Models/Exterior/Plants/Textures/plants01.png	2879462
Assets/TirgamesAssets/SchoolScene/Models/Exterior/Plants/Textures/plants01_GLO.png	3007036
Assets/TirgamesAssets/SchoolScene/Models/Exterior/Plants/Textures/plants01_NRM.png	2838485
Assets/TirgamesAssets/SchoolScene/Models/Interior/Alarms/Alarm01.FBX	37088
Assets/TirgamesAssets/SchoolScene/Models/Interior/Alarms/Materials/Alarm01.mat	3969
Assets/TirgamesAssets/SchoolScene/Models/Interior/Alarms/Materials/Alarm01Old.mat	4027
Assets/TirgamesAssets/SchoolScene/Models/Interior/Alarms/Prefabs/Alarm01.prefab	2611
Assets/TirgamesAssets/SchoolScene/Models/Interior/Alarms/Prefabs/Alarm01Old.prefab	2613
Assets/TirgamesAssets/SchoolScene/Models/Interior/Alarms/Textures/Alarm01.png	344228
Assets/TirgamesAssets/SchoolScene/Models/Interior/Alarms/Textures/Alarm01NM.png	317747
Assets/TirgamesAssets/SchoolScene/Models/Interior/Alarms/Textures/Alarm01Old.png	491393
Assets/TirgamesAssets/SchoolScene/Models/Interior/BathToilet/Bath01.FBX	416160
Assets/TirgamesAssets/SchoolScene/Models/Interior/BathToilet/Materials/Sink01.mat	4138
Assets/TirgamesAssets/SchoolScene/Models/Interior/BathToilet/Materials/Sink01Old.mat	4196
Assets/TirgamesAssets/SchoolScene/Models/Interior/BathToilet/Materials/Toilet01.mat	4071
Assets/TirgamesAssets/SchoolScene/Models/Interior/BathToilet/Materials/Toilet01Old.mat	4198
Assets/TirgamesAssets/SchoolScene/Models/Interior/BathToilet/Materials/ToiletCabinet01.mat	4146
Assets/TirgamesAssets/SchoolScene/Models/Interior/BathToilet/Materials/ToiletCabinet01Old.mat	4205
Assets/TirgamesAssets/SchoolScene/Models/Interior/BathToilet/Materials/ToiletPoster.mat	3903
Assets/TirgamesAssets/SchoolScene/Models/Interior/BathToilet/Prefabs/Bath01a.prefab	20501
Assets/TirgamesAssets/SchoolScene/Models/Interior/BathToilet/Prefabs/Bath01Old.prefab	20505
Assets/TirgamesAssets/SchoolScene/Models/Interior/BathToilet/Prefabs/Sink01.prefab	2663
Assets/TirgamesAssets/SchoolScene/Models/Interior/BathToilet/Prefabs/Sink01Old.prefab	2690
Assets/TirgamesAssets/SchoolScene/Models/Interior/BathToilet/Prefabs/Sink01OldPaper.prefab	2690
Assets/TirgamesAssets/SchoolScene/Models/Interior/BathToilet/Prefabs/Sink01OldSoap.prefab	2675
Assets/TirgamesAssets/SchoolScene/Models/Interior/BathToilet/Prefabs/Sink01OldTrashBox.prefab	2674
Assets/TirgamesAssets/SchoolScene/Models/Interior/BathToilet/Prefabs/Sink01Paper.prefab	2654
Assets/TirgamesAssets/SchoolScene/Models/Interior/BathToilet/Prefabs/Sink01Soap.prefab	2653
Assets/TirgamesAssets/SchoolScene/Models/Interior/BathToilet/Prefabs/Sink01TrashBox.prefab	2657
Assets/TirgamesAssets/SchoolScene/Models/Interior/BathToilet/Prefabs/Toilet01.prefab	2653
Assets/TirgamesAssets/SchoolScene/Models/Interior/BathToilet/Prefabs/Toilet01Brush.prefab	2654
Assets/TirgamesAssets/SchoolScene/Models/Interior/BathToilet/Prefabs/Toilet01Old.prefab	2656
Assets/TirgamesAssets/SchoolScene/Models/Interior/BathToilet/Prefabs/Toilet01OldBrush.prefab	2666
Assets/TirgamesAssets/SchoolScene/Models/Interior/BathToilet/Prefabs/Toilet01OldPaper.prefab	2688
Assets/TirgamesAssets/SchoolScene/Models/Interior/BathToilet/Prefabs/Toilet01OldUrinal.prefab	2685
Assets/TirgamesAssets/SchoolScene/Models/Interior/BathToilet/Prefabs/Toilet01Paper.prefab	2685
Assets/TirgamesAssets/SchoolScene/Models/Interior/BathToilet/Prefabs/Toilet01Urinal.prefab	2681
Assets/TirgamesAssets/SchoolScene/Models/Interior/BathToilet/Prefabs/ToiletCabinet01.prefab	14197
Assets/TirgamesAssets/SchoolScene/Models/Interior/BathToilet/Prefabs/ToiletOldCabinet01.prefab	14208
Assets/TirgamesAssets/SchoolScene/Models/Interior/BathToilet/Prefabs/ToiletPosterFemale.prefab	2645
Assets/TirgamesAssets/SchoolScene/Models/Interior/BathToilet/Prefabs/ToiletPosterMale.prefab	2639
Assets/TirgamesAssets/SchoolScene/Models/Interior/BathToilet/Sink01.FBX	64320
Assets/TirgamesAssets/SchoolScene/Models/Interior/BathToilet/Sink01Paper.FBX	32288
Assets/TirgamesAssets/SchoolScene/Models/Interior/BathToilet/Sink01Soap.FBX	57568
Assets/TirgamesAssets/SchoolScene/Models/Interior/BathToilet/Sink01TrashBox.FBX	30448
Assets/TirgamesAssets/SchoolScene/Models/Interior/BathToilet/Textures/Sink01_Albedo.png	1739463
Assets/TirgamesAssets/SchoolScene/Models/Interior/BathToilet/Textures/Sink01_AO.png	1240508
Assets/TirgamesAssets/SchoolScene/Models/Interior/BathToilet/Textures/Sink01_Metallic.png	2681841
Assets/TirgamesAssets/SchoolScene/Models/Interior/BathToilet/Textures/Sink01NM.png	1084651
Assets/TirgamesAssets/SchoolScene/Models/Interior/BathToilet/Textures/Sink01Old_Albedo.png	4044557
Assets/TirgamesAssets/SchoolScene/Models/Interior/BathToilet/Textures/Sink01Old_Metallic.png	3016476
Assets/TirgamesAssets/SchoolScene/Models/Interior/BathToilet/Textures/Sink01Old_NM.png	2962617
Assets/TirgamesAssets/SchoolScene/Models/Interior/BathToilet/Textures/Toilet01_Albedo.png	580396
Assets/TirgamesAssets/SchoolScene/Models/Interior/BathToilet/Textures/Toilet01_AO.png	1445416
Assets/TirgamesAssets/SchoolScene/Models/Interior/BathToilet/Textures/Toilet01_Metallic.png	313188
Assets/TirgamesAssets/SchoolScene/Models/Interior/BathToilet/Textures/Toilet01Old_Albedo.png	4360403
Assets/TirgamesAssets/SchoolScene/Models/Interior/BathToilet/Textures/Toilet01Old_Metallic.png	2655653
Assets/TirgamesAssets/SchoolScene/Models/Interior/BathToilet/Textures/Toilet01Old_NM.png	2928887
Assets/TirgamesAssets/SchoolScene/Models/Interior/BathToilet/Textures/ToiletCabinet01_Albedo.png	1523374
Assets/TirgamesAssets/SchoolScene/Models/Interior/BathToilet/Textures/ToiletCabinet01_AO.png	717069
Assets/TirgamesAssets/SchoolScene/Models/Interior/BathToilet/Textures/ToiletCabinet01_Metallic.png	2428577
Assets/TirgamesAssets/SchoolScene/Models/Interior/BathToilet/Textures/ToiletCabinet01NM.png	2482442
Assets/TirgamesAssets/SchoolScene/Models/Interior/BathToilet/Textures/ToiletCabinet01Old_Albedo.png	5240198
Assets/TirgamesAssets/SchoolScene/Models/Interior/BathToilet/Textures/ToiletCabinet01Old_Metallic.png	3484280
Assets/TirgamesAssets/SchoolScene/Models/Interior/BathToilet/Textures/ToiletCabinet01Old_NM.png	421260
Assets/TirgamesAssets/SchoolScene/Models/Interior/BathToilet/Textures/ToiletPoster.png	334215
Assets/TirgamesAssets/SchoolScene/Models/Interior/BathToilet/Toilet01.FBX	96032
Assets/TirgamesAssets/SchoolScene/Models/Interior/BathToilet/Toilet01Brush.FBX	44224
Assets/TirgamesAssets/SchoolScene/Models/Interior/BathToilet/Toilet01Paper.FBX	49520
Assets/TirgamesAssets/SchoolScene/Models/Interior/BathToilet/Toilet01Urinal.FBX	108320
Assets/TirgamesAssets/SchoolScene/Models/Interior/BathToilet/ToiletCabinet01.FBX	249664
Assets/TirgamesAssets/SchoolScene/Models/Interior/BathToilet/ToiletPosterFemale.FBX	23104
Assets/TirgamesAssets/SchoolScene/Models/Interior/BathToilet/ToiletPosterMale.FBX	23088
Assets/TirgamesAssets/SchoolScene/Models/Interior/Blinds/Blinds01c.FBX	73728
Assets/TirgamesAssets/SchoolScene/Models/Interior/Blinds/Materials/BlindsEmmisive.mat	3912
Assets/TirgamesAssets/SchoolScene/Models/Interior/Blinds/Materials/BlindsStucco.mat	3964
Assets/TirgamesAssets/SchoolScene/Models/Interior/Blinds/Prefabs/Blinds01c.prefab	2726
Assets/TirgamesAssets/SchoolScene/Models/Interior/Blinds/Textures/STUCCO.png	31175
Assets/TirgamesAssets/SchoolScene/Models/Interior/Blueprints/Blueprints01.FBX	29664
Assets/TirgamesAssets/SchoolScene/Models/Interior/Blueprints/Blueprints02.FBX	30176
Assets/TirgamesAssets/SchoolScene/Models/Interior/Blueprints/Blueprints03.FBX	30016
Assets/TirgamesAssets/SchoolScene/Models/Interior/Blueprints/Blueprints04.FBX	50352
Assets/TirgamesAssets/SchoolScene/Models/Interior/Blueprints/Blueprints05.FBX	61056
Assets/TirgamesAssets/SchoolScene/Models/Interior/Blueprints/Materials/BlueprintWhite01.mat	3907
Assets/TirgamesAssets/SchoolScene/Models/Interior/Blueprints/Materials/BlueprintWhite02.mat	3908
Assets/TirgamesAssets/SchoolScene/Models/Interior/Blueprints/Materials/BlueprintWhite03.mat	3908
Assets/TirgamesAssets/SchoolScene/Models/Interior/Blueprints/Prefabs/Blueprints01.prefab	2248
Assets/TirgamesAssets/SchoolScene/Models/Interior/Blueprints/Prefabs/Blueprints02.prefab	2278
Assets/TirgamesAssets/SchoolScene/Models/Interior/Blueprints/Prefabs/Blueprints03.prefab	2275
Assets/TirgamesAssets/SchoolScene/Models/Interior/Blueprints/Prefabs/Blueprints04.prefab	2277
Assets/TirgamesAssets/SchoolScene/Models/Interior/Blueprints/Prefabs/Blueprints05.prefab	2415
Assets/TirgamesAssets/SchoolScene/Models/Interior/Blueprints/Textures/BlueprintWhite01.png	45101
Assets/TirgamesAssets/SchoolScene/Models/Interior/Blueprints/Textures/BlueprintWhite02.png	35534
Assets/TirgamesAssets/SchoolScene/Models/Interior/Blueprints/Textures/BlueprintWhite03.png	47579
Assets/TirgamesAssets/SchoolScene/Models/Interior/Boards/Board01_1.FBX	83968
Assets/TirgamesAssets/SchoolScene/Models/Interior/Boards/Board01_2.FBX	61728
Assets/TirgamesAssets/SchoolScene/Models/Interior/Boards/Board01_3.FBX	63136
Assets/TirgamesAssets/SchoolScene/Models/Interior/Boards/Materials/Boards/Board01a.mat	3898
Assets/TirgamesAssets/SchoolScene/Models/Interior/Boards/Materials/Boards/Board01aOld.mat	3958
Assets/TirgamesAssets/SchoolScene/Models/Interior/Boards/Materials/Boards/Board01b.mat	3899
Assets/TirgamesAssets/SchoolScene/Models/Interior/Boards/Materials/Boards/Board01bOld.mat	3958
Assets/TirgamesAssets/SchoolScene/Models/Interior/Boards/Prefabs/Board01_1a.prefab	2689
Assets/TirgamesAssets/SchoolScene/Models/Interior/Boards/Prefabs/Board01_1aOld.prefab	2692
Assets/TirgamesAssets/SchoolScene/Models/Interior/Boards/Prefabs/Board01_1b.prefab	2689
Assets/TirgamesAssets/SchoolScene/Models/Interior/Boards/Prefabs/Board01_1bOld.prefab	2692
Assets/TirgamesAssets/SchoolScene/Models/Interior/Boards/Prefabs/Board01_2a.prefab	2750
Assets/TirgamesAssets/SchoolScene/Models/Interior/Boards/Prefabs/Board01_2aOld.prefab	2700
Assets/TirgamesAssets/SchoolScene/Models/Interior/Boards/Prefabs/Board01_3a.prefab	2785
Assets/TirgamesAssets/SchoolScene/Models/Interior/Boards/Prefabs/Board01_3aold.prefab	2779
Assets/TirgamesAssets/SchoolScene/Models/Interior/Boards/Textures/Boards/Board01a.png	220496
Assets/TirgamesAssets/SchoolScene/Models/Interior/Boards/Textures/Boards/Board01aOld.png	305839
Assets/TirgamesAssets/SchoolScene/Models/Interior/Boards/Textures/Boards/Board01b.png	187965
Assets/TirgamesAssets/SchoolScene/Models/Interior/Boards/Textures/Boards/Board01bOld.png	303877
Assets/TirgamesAssets/SchoolScene/Models/Interior/Chairs/Chair01.FBX	53152
Assets/TirgamesAssets/SchoolScene/Models/Interior/Chairs/Chair05.FBX	55184
Assets/TirgamesAssets/SchoolScene/Models/Interior/Chairs/Chair06.FBX	76528
Assets/TirgamesAssets/SchoolScene/Models/Interior/Chairs/ChairOffice01.FBX	102960
Assets/TirgamesAssets/SchoolScene/Models/Interior/Chairs/Materials/Chair_Office2a.mat	4003
Assets/TirgamesAssets/SchoolScene/Models/Interior/Chairs/Materials/Chair_Office2aOld.mat	4085
Assets/TirgamesAssets/SchoolScene/Models/Interior/Chairs/Prefabs/Chair01a.prefab	6195
Assets/TirgamesAssets/SchoolScene/Models/Interior/Chairs/Prefabs/Chair01aOld.prefab	6198
Assets/TirgamesAssets/SchoolScene/Models/Interior/Chairs/Prefabs/Chair01b.prefab	6181
Assets/TirgamesAssets/SchoolScene/Models/Interior/Chairs/Prefabs/Chair05.prefab	3215
Assets/TirgamesAssets/SchoolScene/Models/Interior/Chairs/Prefabs/Chair05Old.prefab	3218
Assets/TirgamesAssets/SchoolScene/Models/Interior/Chairs/Prefabs/Chair06a.prefab	6151
Assets/TirgamesAssets/SchoolScene/Models/Interior/Chairs/Prefabs/Chair06aOld.prefab	6166
Assets/TirgamesAssets/SchoolScene/Models/Interior/Chairs/Prefabs/ChairOffice01.prefab	6185
Assets/TirgamesAssets/SchoolScene/Models/Interior/Chairs/Prefabs/ChairOffice01Old.prefab	6200
Assets/TirgamesAssets/SchoolScene/Models/Interior/Chairs/Prefabs/SchoolKitchenSeats.prefab	19313
Assets/TirgamesAssets/SchoolScene/Models/Interior/Chairs/Textures/Chair_Office2a.png	24814
Assets/TirgamesAssets/SchoolScene/Models/Interior/Chairs/Textures/Chair_Office2a_nrm.png	48208
Assets/TirgamesAssets/SchoolScene/Models/Interior/Chairs/Textures/Chair_Office2aOld.png	54620
Assets/TirgamesAssets/SchoolScene/Models/Interior/Chancellery/Calculator.FBX	24992
Assets/TirgamesAssets/SchoolScene/Models/Interior/Chancellery/Materials/Chancellery1.mat	3903
Assets/TirgamesAssets/SchoolScene/Models/Interior/Chancellery/Materials/Chancellery2.mat	3903
Assets/TirgamesAssets/SchoolScene/Models/Interior/Chancellery/Materials/Chancellery3.mat	3903
Assets/TirgamesAssets/SchoolScene/Models/Interior/Chancellery/Mousepad.FBX	24336
Assets/TirgamesAssets/SchoolScene/Models/Interior/Chancellery/Paper.FBX	21728
Assets/TirgamesAssets/SchoolScene/Models/Interior/Chancellery/Pencil.FBX	23696
Assets/TirgamesAssets/SchoolScene/Models/Interior/Chancellery/Prefabs/Calculator01.prefab	2653
Assets/TirgamesAssets/SchoolScene/Models/Interior/Chancellery/Prefabs/Calculator02.prefab	2654
Assets/TirgamesAssets/SchoolScene/Models/Interior/Chancellery/Prefabs/Mousepad02.prefab	2652
Assets/TirgamesAssets/SchoolScene/Models/Interior/Chancellery/Prefabs/Mousepad03.prefab	2652
Assets/TirgamesAssets/SchoolScene/Models/Interior/Chancellery/Prefabs/Paper01.prefab	2645
Assets/TirgamesAssets/SchoolScene/Models/Interior/Chancellery/Prefabs/Paper02.prefab	2645
Assets/TirgamesAssets/SchoolScene/Models/Interior/Chancellery/Prefabs/Paper03.prefab	2645
Assets/TirgamesAssets/SchoolScene/Models/Interior/Chancellery/Prefabs/Pencil01.prefab	2648
Assets/TirgamesAssets/SchoolScene/Models/Interior/Chancellery/Prefabs/Pencil02.prefab	2648
Assets/TirgamesAssets/SchoolScene/Models/Interior/Chancellery/Textures/Chancellery1.png	818685
Assets/TirgamesAssets/SchoolScene/Models/Interior/Chancellery/Textures/Chancellery2.png	888394
Assets/TirgamesAssets/SchoolScene/Models/Interior/Chancellery/Textures/Chancellery3.png	767731
Assets/TirgamesAssets/SchoolScene/Models/Interior/Clock/Clock1.FBX	33328
Assets/TirgamesAssets/SchoolScene/Models/Interior/Clock/Clock2.FBX	25072
Assets/TirgamesAssets/SchoolScene/Models/Interior/Clock/Materials/Clock1a.mat	3924
Assets/TirgamesAssets/SchoolScene/Models/Interior/Clock/Materials/Clock1aOld.mat	4001
Assets/TirgamesAssets/SchoolScene/Models/Interior/Clock/Materials/Clock1b.mat	3900
Assets/TirgamesAssets/SchoolScene/Models/Interior/Clock/Materials/Clock2a.mat	3899
Assets/TirgamesAssets/SchoolScene/Models/Interior/Clock/Materials/Clock2aOld.mat	3952
Assets/TirgamesAssets/SchoolScene/Models/Interior/Clock/Materials/Clock2b.mat	3900
Assets/TirgamesAssets/SchoolScene/Models/Interior/Clock/Prefabs/Clock1a.prefab	2640
Assets/TirgamesAssets/SchoolScene/Models/Interior/Clock/Prefabs/Clock1aOld.prefab	2650
Assets/TirgamesAssets/SchoolScene/Models/Interior/Clock/Prefabs/Clock1b.prefab	2640
Assets/TirgamesAssets/SchoolScene/Models/Interior/Clock/Prefabs/Clock2a.prefab	2656
Assets/TirgamesAssets/SchoolScene/Models/Interior/Clock/Prefabs/Clock2aOld.prefab	2648
Assets/TirgamesAssets/SchoolScene/Models/Interior/Clock/Prefabs/Clock2b.prefab	2648
Assets/TirgamesAssets/SchoolScene/Models/Interior/Clock/Textures/Clock1a.png	283929
Assets/TirgamesAssets/SchoolScene/Models/Interior/Clock/Textures/Clock1aOld.png	665267
Assets/TirgamesAssets/SchoolScene/Models/Interior/Clock/Textures/Clock1b.png	253063
Assets/TirgamesAssets/SchoolScene/Models/Interior/Clock/Textures/Clock2a.png	275874
Assets/TirgamesAssets/SchoolScene/Models/Interior/Clock/Textures/Clock2aOld.png	605794
Assets/TirgamesAssets/SchoolScene/Models/Interior/Clock/Textures/Clock2b.png	208451
Assets/TirgamesAssets/SchoolScene/Models/Interior/Curtains/Curtain01_1.FBX	31136
Assets/TirgamesAssets/SchoolScene/Models/Interior/Curtains/Curtain01_2.FBX	55824
Assets/TirgamesAssets/SchoolScene/Models/Interior/Curtains/Curtain01_3.FBX	95088
Assets/TirgamesAssets/SchoolScene/Models/Interior/Curtains/Curtain02_1.FBX	279360
Assets/TirgamesAssets/SchoolScene/Models/Interior/Curtains/Curtain03_2.FBX	214272
Assets/TirgamesAssets/SchoolScene/Models/Interior/Curtains/Prefabs/Curtain01Old.prefab	2179
Assets/TirgamesAssets/SchoolScene/Models/Interior/Curtains/Prefabs/Curtain02_1.prefab	2239
Assets/TirgamesAssets/SchoolScene/Models/Interior/Curtains/Prefabs/Curtain02Old.prefab	2249
Assets/TirgamesAssets/SchoolScene/Models/Interior/Curtains/Prefabs/Curtain03_2.prefab	2266
Assets/TirgamesAssets/SchoolScene/Models/Interior/Curtains/Prefabs/Curtain03_2Old.prefab	2269
Assets/TirgamesAssets/SchoolScene/Models/Interior/Debris/Debris01_1.FBX	47168
Assets/TirgamesAssets/SchoolScene/Models/Interior/Debris/Debris01_10.FBX	47728
Assets/TirgamesAssets/SchoolScene/Models/Interior/Debris/Debris01_11.FBX	48176
Assets/TirgamesAssets/SchoolScene/Models/Interior/Debris/Debris01_13.FBX	47392
Assets/TirgamesAssets/SchoolScene/Models/Interior/Debris/Debris01_2.FBX	47920
Assets/TirgamesAssets/SchoolScene/Models/Interior/Debris/Debris01_3.FBX	48416
Assets/TirgamesAssets/SchoolScene/Models/Interior/Debris/Debris01_4.FBX	75440
Assets/TirgamesAssets/SchoolScene/Models/Interior/Debris/Debris01_5.FBX	49472
Assets/TirgamesAssets/SchoolScene/Models/Interior/Debris/Debris01_6.FBX	59696
Assets/TirgamesAssets/SchoolScene/Models/Interior/Debris/Debris01_7.FBX	80832
Assets/TirgamesAssets/SchoolScene/Models/Interior/Debris/Materials/Debris01.mat	4121
Assets/TirgamesAssets/SchoolScene/Models/Interior/Debris/Prefabs/Debris01_1.prefab	2636
Assets/TirgamesAssets/SchoolScene/Models/Interior/Debris/Prefabs/Debris01_10.prefab	2557
Assets/TirgamesAssets/SchoolScene/Models/Interior/Debris/Prefabs/Debris01_11.prefab	2637
Assets/TirgamesAssets/SchoolScene/Models/Interior/Debris/Prefabs/Debris01_13.prefab	2578
Assets/TirgamesAssets/SchoolScene/Models/Interior/Debris/Prefabs/Debris01_2.prefab	2635
Assets/TirgamesAssets/SchoolScene/Models/Interior/Debris/Prefabs/Debris01_3.prefab	2612
Assets/TirgamesAssets/SchoolScene/Models/Interior/Debris/Prefabs/Debris01_4.prefab	2636
Assets/TirgamesAssets/SchoolScene/Models/Interior/Debris/Prefabs/Debris01_5.prefab	2636
Assets/TirgamesAssets/SchoolScene/Models/Interior/Debris/Prefabs/Debris01_6.prefab	2135
Assets/TirgamesAssets/SchoolScene/Models/Interior/Debris/Prefabs/Debris01_7.prefab	2135
Assets/TirgamesAssets/SchoolScene/Models/Interior/Debris/Textures/Debris01.png	7700928
Assets/TirgamesAssets/SchoolScene/Models/Interior/Debris/Textures/Debris01Disp.png	2401531
Assets/TirgamesAssets/SchoolScene/Models/Interior/Debris/Textures/Debris01NM.png	5947688
Assets/TirgamesAssets/SchoolScene/Models/Interior/Doors/Door1.FBX	40864
Assets/TirgamesAssets/SchoolScene/Models/Interior/Doors/Door1Post.FBX	30064
Assets/TirgamesAssets/SchoolScene/Models/Interior/Doors/DoorDouble.FBX	56160
Assets/TirgamesAssets/SchoolScene/Models/Interior/Doors/DoorDoublePost.FBX	30208
Assets/TirgamesAssets/SchoolScene/Models/Interior/Doors/Materials/Door02.mat	3970
Assets/TirgamesAssets/SchoolScene/Models/Interior/Doors/Materials/Door02DoubleOld.mat	4035
Assets/TirgamesAssets/SchoolScene/Models/Interior/Doors/Materials/Door02Old.mat	4027
Assets/TirgamesAssets/SchoolScene/Models/Interior/Doors/Materials/Door07a.mat	3971
Assets/TirgamesAssets/SchoolScene/Models/Interior/Doors/Materials/Door07aOld.mat	4028
Assets/TirgamesAssets/SchoolScene/Models/Interior/Doors/Materials/DoorDouble02.mat	3975
Assets/TirgamesAssets/SchoolScene/Models/Interior/Doors/Materials/DoorDoubleparts02.mat	3960
Assets/TirgamesAssets/SchoolScene/Models/Interior/Doors/Materials/Doorparts01.mat	4017
Assets/TirgamesAssets/SchoolScene/Models/Interior/Doors/Materials/Doorparts04.mat	3955
Assets/TirgamesAssets/SchoolScene/Models/Interior/Doors/Materials/Doorparts04Old.mat	4013
Assets/TirgamesAssets/SchoolScene/Models/Interior/Doors/Prefabs/Door02.prefab	3143
Assets/TirgamesAssets/SchoolScene/Models/Interior/Doors/Prefabs/Door02Old.prefab	3145
Assets/TirgamesAssets/SchoolScene/Models/Interior/Doors/Prefabs/Door02Post.prefab	2639
Assets/TirgamesAssets/SchoolScene/Models/Interior/Doors/Prefabs/Door02PostOld.prefab	2594
Assets/TirgamesAssets/SchoolScene/Models/Interior/Doors/Prefabs/Door07a.prefab	3142
Assets/TirgamesAssets/SchoolScene/Models/Interior/Doors/Prefabs/Door07aOld.prefab	3148
Assets/TirgamesAssets/SchoolScene/Models/Interior/Doors/Prefabs/Door07aPost.prefab	2670
Assets/TirgamesAssets/SchoolScene/Models/Interior/Doors/Prefabs/Door07aPostOld.prefab	2617
Assets/TirgamesAssets/SchoolScene/Models/Interior/Doors/Prefabs/DoorDouble02.prefab	7101
Assets/TirgamesAssets/SchoolScene/Models/Interior/Doors/Prefabs/DoorDoublePost02.prefab	2626
Assets/TirgamesAssets/SchoolScene/Models/Interior/Doors/Textures/Door02.png	661291
Assets/TirgamesAssets/SchoolScene/Models/Interior/Doors/Textures/Door02nm.png	576326
Assets/TirgamesAssets/SchoolScene/Models/Interior/Doors/Textures/Door02Old.png	961001
Assets/TirgamesAssets/SchoolScene/Models/Interior/Doors/Textures/Door02OldNM.png	457455
Assets/TirgamesAssets/SchoolScene/Models/Interior/Doors/Textures/Door07a.png	1455380
Assets/TirgamesAssets/SchoolScene/Models/Interior/Doors/Textures/Door07aOld.png	4157014
Assets/TirgamesAssets/SchoolScene/Models/Interior/Doors/Textures/Door07aOldNM.png	2415535
Assets/TirgamesAssets/SchoolScene/Models/Interior/Doors/Textures/Door07nm.png	3225694
Assets/TirgamesAssets/SchoolScene/Models/Interior/Doors/Textures/DoorDouble02.png	1302103
Assets/TirgamesAssets/SchoolScene/Models/Interior/Doors/Textures/DoorDouble02nm.png	1282509
Assets/TirgamesAssets/SchoolScene/Models/Interior/Doors/Textures/DoorDoubleparts02.png	132311
Assets/TirgamesAssets/SchoolScene/Models/Interior/Doors/Textures/Doorparts01.png	112488
Assets/TirgamesAssets/SchoolScene/Models/Interior/Doors/Textures/Doorparts04.png	132743
Assets/TirgamesAssets/SchoolScene/Models/Interior/Doors/Textures/Doorparts04Old.png	489649
Assets/TirgamesAssets/SchoolScene/Models/Interior/Doors/Textures/Doorpartsspec.png	70944
Assets/TirgamesAssets/SchoolScene/Models/Interior/DoorsWindows/Door01_2.FBX	63472
Assets/TirgamesAssets/SchoolScene/Models/Interior/DoorsWindows/Door01_Closed.FBX	70560
Assets/TirgamesAssets/SchoolScene/Models/Interior/DoorsWindows/Door01_Opened.FBX	37936
Assets/TirgamesAssets/SchoolScene/Models/Interior/DoorsWindows/Door02_1.FBX	5616
Assets/TirgamesAssets/SchoolScene/Models/Interior/DoorsWindows/Door02_Opened.FBX	39920
Assets/TirgamesAssets/SchoolScene/Models/Interior/DoorsWindows/Door03_1.FBX	44784
Assets/TirgamesAssets/SchoolScene/Models/Interior/DoorsWindows/DoorFrame02.FBX	24240
Assets/TirgamesAssets/SchoolScene/Models/Interior/DoorsWindows/Materials/DoorsWindowsPlastic.mat	4061
Assets/TirgamesAssets/SchoolScene/Models/Interior/DoorsWindows/Materials/DoorsWindowsPlasticOld.mat	4119
Assets/TirgamesAssets/SchoolScene/Models/Interior/DoorsWindows/Materials/DoorWindowsWood1.mat	4003
Assets/TirgamesAssets/SchoolScene/Models/Interior/DoorsWindows/Materials/DoorWindowsWood1Old.mat	4061
Assets/TirgamesAssets/SchoolScene/Models/Interior/DoorsWindows/Prefabs/Door01_2L.prefab	6793
Assets/TirgamesAssets/SchoolScene/Models/Interior/DoorsWindows/Prefabs/Door01_2R.prefab	6788
Assets/TirgamesAssets/SchoolScene/Models/Interior/DoorsWindows/Prefabs/Door01_Opened.prefab	6013
Assets/TirgamesAssets/SchoolScene/Models/Interior/DoorsWindows/Prefabs/Door01Opaque_2L.prefab	7193
Assets/TirgamesAssets/SchoolScene/Models/Interior/DoorsWindows/Prefabs/Door01Opaque_2R.prefab	7204
Assets/TirgamesAssets/SchoolScene/Models/Interior/DoorsWindows/Prefabs/Door01Opaque_Opened.prefab	6334
Assets/TirgamesAssets/SchoolScene/Models/Interior/DoorsWindows/Prefabs/Door01OpaqueOld_2L.prefab	7196
Assets/TirgamesAssets/SchoolScene/Models/Interior/DoorsWindows/Prefabs/Door01OpaqueOld_2R.prefab	7207
Assets/TirgamesAssets/SchoolScene/Models/Interior/DoorsWindows/Prefabs/Door01OpaqueOld_Opened.prefab	6337
Assets/TirgamesAssets/SchoolScene/Models/Interior/DoorsWindows/Prefabs/Door02_01Metall.prefab	5855
Assets/TirgamesAssets/SchoolScene/Models/Interior/DoorsWindows/Prefabs/Door02_OpenedWood1.prefab	6031
Assets/TirgamesAssets/SchoolScene/Models/Interior/DoorsWindows/Prefabs/Door02Wood1.prefab	6789
Assets/TirgamesAssets/SchoolScene/Models/Interior/DoorsWindows/Prefabs/DoorFrame02Plastic.prefab	2685
Assets/TirgamesAssets/SchoolScene/Models/Interior/DoorsWindows/Textures/DoorsWindowsPlastic.png	626025
Assets/TirgamesAssets/SchoolScene/Models/Interior/DoorsWindows/Textures/DoorsWindowsPlasticOld.png	2217494
Assets/TirgamesAssets/SchoolScene/Models/Interior/DoorsWindows/Textures/DoorsWindowsSpec.png	168850
Assets/TirgamesAssets/SchoolScene/Models/Interior/DoorsWindows/Textures/DoorsWindowsWood1.png	1756366
Assets/TirgamesAssets/SchoolScene/Models/Interior/DoorsWindows/Textures/DoorsWindowsWood1Old.png	2148858
Assets/TirgamesAssets/SchoolScene/Models/Interior/Flowers/FlowerHolder01a.FBX	45984
Assets/TirgamesAssets/SchoolScene/Models/Interior/Flowers/FlowerHolder01b.FBX	40768
Assets/TirgamesAssets/SchoolScene/Models/Interior/Flowers/FlowerRoom3a.FBX	88080
Assets/TirgamesAssets/SchoolScene/Models/Interior/Flowers/FlowerRoom3b.FBX	87824
Assets/TirgamesAssets/SchoolScene/Models/Interior/Flowers/FlowerRoom4a.FBX	33904
Assets/TirgamesAssets/SchoolScene/Models/Interior/Flowers/FlowerRoom4b.FBX	36080
Assets/TirgamesAssets/SchoolScene/Models/Interior/Flowers/Materials/FlowerRoom3.mat	4069
Assets/TirgamesAssets/SchoolScene/Models/Interior/Flowers/Materials/FlowerRoom4.mat	4126
Assets/TirgamesAssets/SchoolScene/Models/Interior/Flowers/Prefabs/FlowerHolder01a.prefab	2750
Assets/TirgamesAssets/SchoolScene/Models/Interior/Flowers/Prefabs/FlowerHolder01b.prefab	2719
Assets/TirgamesAssets/SchoolScene/Models/Interior/Flowers/Prefabs/FlowerRoom3a.prefab	2613
Assets/TirgamesAssets/SchoolScene/Models/Interior/Flowers/Prefabs/FlowerRoom3b.prefab	2613
Assets/TirgamesAssets/SchoolScene/Models/Interior/Flowers/Prefabs/FlowerRoom4a.prefab	2562
Assets/TirgamesAssets/SchoolScene/Models/Interior/Flowers/Prefabs/FlowerRoom4b.prefab	2562
Assets/TirgamesAssets/SchoolScene/Models/Interior/Flowers/Textures/FlowerRoom3.png	561841
Assets/TirgamesAssets/SchoolScene/Models/Interior/Flowers/Textures/FlowerRoom3NM.png	477578
Assets/TirgamesAssets/SchoolScene/Models/Interior/Flowers/Textures/FlowerRoom3Spec.png	93502
Assets/TirgamesAssets/SchoolScene/Models/Interior/Flowers/Textures/FlowerRoom4.png	323408
Assets/TirgamesAssets/SchoolScene/Models/Interior/Flowers/Textures/FlowerRoom4NM.png	180993
Assets/TirgamesAssets/SchoolScene/Models/Interior/Flowers/Textures/FlowerRoom4Spec.png	35217
Assets/TirgamesAssets/SchoolScene/Models/Interior/Furniture/Capboard01_01.FBX	36480
Assets/TirgamesAssets/SchoolScene/Models/Interior/Furniture/Capboard01_02.FBX	40192
Assets/TirgamesAssets/SchoolScene/Models/Interior/Furniture/Capboard01_03.FBX	45936
Assets/TirgamesAssets/SchoolScene/Models/Interior/Furniture/Capboard01_04.FBX	53536
Assets/TirgamesAssets/SchoolScene/Models/Interior/Furniture/Capboard01_05.FBX	97376
Assets/TirgamesAssets/SchoolScene/Models/Interior/Furniture/Materials/SchoolLocker01.mat	4146
Assets/TirgamesAssets/SchoolScene/Models/Interior/Furniture/Materials/SchoolLocker01Old.mat	4205
Assets/TirgamesAssets/SchoolScene/Models/Interior/Furniture/Prefabs/Capboard01_01.prefab	5769
Assets/TirgamesAssets/SchoolScene/Models/Interior/Furniture/Prefabs/Capboard01_01Old.prefab	5755
Assets/TirgamesAssets/SchoolScene/Models/Interior/Furniture/Prefabs/Capboard01_02.prefab	5769
Assets/TirgamesAssets/SchoolScene/Models/Interior/Furniture/Prefabs/Capboard01_02Old.prefab	5772
Assets/TirgamesAssets/SchoolScene/Models/Interior/Furniture/Prefabs/Capboard01_03.prefab	5756
Assets/TirgamesAssets/SchoolScene/Models/Interior/Furniture/Prefabs/Capboard01_03Old.prefab	5752
Assets/TirgamesAssets/SchoolScene/Models/Interior/Furniture/Prefabs/Capboard01_04.prefab	8818
Assets/TirgamesAssets/SchoolScene/Models/Interior/Furniture/Prefabs/Capboard01_04Old.prefab	8822
Assets/TirgamesAssets/SchoolScene/Models/Interior/Furniture/Prefabs/Capboard01_05.prefab	11531
Assets/TirgamesAssets/SchoolScene/Models/Interior/Furniture/Prefabs/Capboard01_05Old.prefab	11526
Assets/TirgamesAssets/SchoolScene/Models/Interior/Furniture/Prefabs/SchoolLocker01_1.prefab	13732
Assets/TirgamesAssets/SchoolScene/Models/Interior/Furniture/Prefabs/SchoolLocker01_1Old.prefab	13745
Assets/TirgamesAssets/SchoolScene/Models/Interior/Furniture/Prefabs/SchoolLocker01_2.prefab	2600
Assets/TirgamesAssets/SchoolScene/Models/Interior/Furniture/Prefabs/SchoolLocker01_2Old.prefab	2593
Assets/TirgamesAssets/SchoolScene/Models/Interior/Furniture/Prefabs/SchoolLocker01_3.prefab	2603
Assets/TirgamesAssets/SchoolScene/Models/Interior/Furniture/Prefabs/SchoolLocker01_3Old.prefab	2598
Assets/TirgamesAssets/SchoolScene/Models/Interior/Furniture/SchoolLocker01_1.FBX	161888
Assets/TirgamesAssets/SchoolScene/Models/Interior/Furniture/SchoolLocker01_2.FBX	111568
Assets/TirgamesAssets/SchoolScene/Models/Interior/Furniture/SchoolLocker01_3.FBX	192304
Assets/TirgamesAssets/SchoolScene/Models/Interior/Furniture/Textures/SchoolLocker01.png	250247
Assets/TirgamesAssets/SchoolScene/Models/Interior/Furniture/Textures/SchoolLocker01_AO.png	261019
Assets/TirgamesAssets/SchoolScene/Models/Interior/Furniture/Textures/SchoolLocker01_Metallic.png	2066687
Assets/TirgamesAssets/SchoolScene/Models/Interior/Furniture/Textures/SchoolLocker01_NM.png	2809261
Assets/TirgamesAssets/SchoolScene/Models/Interior/Furniture/Textures/SchoolLocker01Old.png	6060414
Assets/TirgamesAssets/SchoolScene/Models/Interior/Furniture/Textures/SchoolLocker01Old_Metallic.png	4876412
Assets/TirgamesAssets/SchoolScene/Models/Interior/Furniture/Textures/SchoolLocker01Old_NM.png	3466858
Assets/TirgamesAssets/SchoolScene/Models/Interior/Kitchen/KitchenFurniture01.FBX	63248
Assets/TirgamesAssets/SchoolScene/Models/Interior/Kitchen/KitchenFurniture02.FBX	47664
Assets/TirgamesAssets/SchoolScene/Models/Interior/Kitchen/KitchenFurniture03_1.FBX	134336
Assets/TirgamesAssets/SchoolScene/Models/Interior/Kitchen/KitchenFurniture03_2.FBX	184528
Assets/TirgamesAssets/SchoolScene/Models/Interior/Kitchen/KitchenFurniture04_1.FBX	209072
Assets/TirgamesAssets/SchoolScene/Models/Interior/Kitchen/KitchenFurniture04_2.FBX	225856
Assets/TirgamesAssets/SchoolScene/Models/Interior/Kitchen/KitchenFurniture05.FBX	232000
Assets/TirgamesAssets/SchoolScene/Models/Interior/Kitchen/KitchenFurniture06.FBX	25232
Assets/TirgamesAssets/SchoolScene/Models/Interior/Kitchen/KitchenFurniture07.FBX	20320
Assets/TirgamesAssets/SchoolScene/Models/Interior/Kitchen/KitchenRazdacha01_01a.FBX	116944
Assets/TirgamesAssets/SchoolScene/Models/Interior/Kitchen/KitchenRazdacha01_01b.FBX	116624
Assets/TirgamesAssets/SchoolScene/Models/Interior/Kitchen/KitchenRazdacha01_02a.FBX	181344
Assets/TirgamesAssets/SchoolScene/Models/Interior/Kitchen/KitchenRazdacha01_02b.FBX	206944
Assets/TirgamesAssets/SchoolScene/Models/Interior/Kitchen/KitchenRazdacha01_03a.FBX	183904
Assets/TirgamesAssets/SchoolScene/Models/Interior/Kitchen/KitchenRazdacha01_04a.FBX	110864
Assets/TirgamesAssets/SchoolScene/Models/Interior/Kitchen/KitchenTable01.FBX	54720
Assets/TirgamesAssets/SchoolScene/Models/Interior/Kitchen/KitchenTable02.FBX	89328
Assets/TirgamesAssets/SchoolScene/Models/Interior/Kitchen/KitchenTable03.FBX	141792
Assets/TirgamesAssets/SchoolScene/Models/Interior/Kitchen/Prefabs/KitchenFurniture01.prefab	2718
Assets/TirgamesAssets/SchoolScene/Models/Interior/Kitchen/Prefabs/KitchenFurniture01Old.prefab	2726
Assets/TirgamesAssets/SchoolScene/Models/Interior/Kitchen/Prefabs/KitchenFurniture02.prefab	2740
Assets/TirgamesAssets/SchoolScene/Models/Interior/Kitchen/Prefabs/KitchenFurniture02Old.prefab	2733
Assets/TirgamesAssets/SchoolScene/Models/Interior/Kitchen/Prefabs/KitchenFurniture03_1.prefab	2750
Assets/TirgamesAssets/SchoolScene/Models/Interior/Kitchen/Prefabs/KitchenFurniture03_2.prefab	2823
Assets/TirgamesAssets/SchoolScene/Models/Interior/Kitchen/Prefabs/KitchenFurniture03_2Old.prefab	2817
Assets/TirgamesAssets/SchoolScene/Models/Interior/Kitchen/Prefabs/KitchenFurniture03Old.prefab	2737
Assets/TirgamesAssets/SchoolScene/Models/Interior/Kitchen/Prefabs/KitchenFurniture04_1.prefab	2750
Assets/TirgamesAssets/SchoolScene/Models/Interior/Kitchen/Prefabs/KitchenFurniture04_1Old.prefab	2747
Assets/TirgamesAssets/SchoolScene/Models/Interior/Kitchen/Prefabs/KitchenFurniture04_2.prefab	2818
Assets/TirgamesAssets/SchoolScene/Models/Interior/Kitchen/Prefabs/KitchenFurniture04_2Old.prefab	2818
Assets/TirgamesAssets/SchoolScene/Models/Interior/Kitchen/Prefabs/KitchenFurniture05.prefab	5781
Assets/TirgamesAssets/SchoolScene/Models/Interior/Kitchen/Prefabs/KitchenFurniture06.prefab	2671
Assets/TirgamesAssets/SchoolScene/Models/Interior/Kitchen/Prefabs/KitchenFurniture06Old.prefab	2618
Assets/TirgamesAssets/SchoolScene/Models/Interior/Kitchen/Prefabs/KitchenFurniture07.prefab	2677
Assets/TirgamesAssets/SchoolScene/Models/Interior/Kitchen/Prefabs/KitchenFurniture07Old.prefab	2680
Assets/TirgamesAssets/SchoolScene/Models/Interior/Kitchen/Prefabs/KitchenRazdacha01_01a.prefab	3319
Assets/TirgamesAssets/SchoolScene/Models/Interior/Kitchen/Prefabs/KitchenRazdacha01_01aOld.prefab	3318
Assets/TirgamesAssets/SchoolScene/Models/Interior/Kitchen/Prefabs/KitchenRazdacha01_01b.prefab	3322
Assets/TirgamesAssets/SchoolScene/Models/Interior/Kitchen/Prefabs/KitchenRazdacha01_01bOld.prefab	3325
Assets/TirgamesAssets/SchoolScene/Models/Interior/Kitchen/Prefabs/KitchenRazdacha01_02a.prefab	3796
Assets/TirgamesAssets/SchoolScene/Models/Interior/Kitchen/Prefabs/KitchenRazdacha01_02aOld.prefab	3799
Assets/TirgamesAssets/SchoolScene/Models/Interior/Kitchen/Prefabs/KitchenRazdacha01_02b.prefab	3794
Assets/TirgamesAssets/SchoolScene/Models/Interior/Kitchen/Prefabs/KitchenRazdacha01_02bOld.prefab	3788
Assets/TirgamesAssets/SchoolScene/Models/Interior/Kitchen/Prefabs/KitchenRazdacha01_03a.prefab	6927
Assets/TirgamesAssets/SchoolScene/Models/Interior/Kitchen/Prefabs/KitchenRazdacha01_03aOld.prefab	6942
Assets/TirgamesAssets/SchoolScene/Models/Interior/Kitchen/Prefabs/KitchenRazdacha01_04a.prefab	2835
Assets/TirgamesAssets/SchoolScene/Models/Interior/Kitchen/Prefabs/KitchenRazdacha01_04aOld.prefab	2849
Assets/TirgamesAssets/SchoolScene/Models/Interior/Kitchen/Prefabs/KitchenTable01.prefab	2669
Assets/TirgamesAssets/SchoolScene/Models/Interior/Kitchen/Prefabs/KitchenTable01Old.prefab	2668
Assets/TirgamesAssets/SchoolScene/Models/Interior/Kitchen/Prefabs/KitchenTable02.prefab	2656
Assets/TirgamesAssets/SchoolScene/Models/Interior/Kitchen/Prefabs/KitchenTable02Old.prefab	2659
Assets/TirgamesAssets/SchoolScene/Models/Interior/Kitchen/Prefabs/KitchenTable03.prefab	2663
Assets/TirgamesAssets/SchoolScene/Models/Interior/Kitchen/Prefabs/KitchenTable03Old.prefab	2662
Assets/TirgamesAssets/SchoolScene/Models/Interior/Kitchen/Prefabs/KitchenWasher01Old.prefab	5781
Assets/TirgamesAssets/SchoolScene/Models/Interior/Lights/Light_spot.FBX	29760
Assets/TirgamesAssets/SchoolScene/Models/Interior/Lights/LightLum01_01.FBX	29360
Assets/TirgamesAssets/SchoolScene/Models/Interior/Lights/LightLum01_03.FBX	24464
Assets/TirgamesAssets/SchoolScene/Models/Interior/Lights/Materials/Light_spot.mat	3899
Assets/TirgamesAssets/SchoolScene/Models/Interior/Lights/Materials/Light_spotOn.mat	3959
Assets/TirgamesAssets/SchoolScene/Models/Interior/Lights/Materials/LightLum01.mat	4141
Assets/TirgamesAssets/SchoolScene/Models/Interior/Lights/Materials/LightLum01Old.mat	4176
Assets/TirgamesAssets/SchoolScene/Models/Interior/Lights/Materials/LightLum01On.mat	4034
Assets/TirgamesAssets/SchoolScene/Models/Interior/Lights/Prefabs/Light_spot.prefab	2624
Assets/TirgamesAssets/SchoolScene/Models/Interior/Lights/Prefabs/Light_spotOn.prefab	6121
Assets/TirgamesAssets/SchoolScene/Models/Interior/Lights/Prefabs/LightLum01_01.prefab	2652
Assets/TirgamesAssets/SchoolScene/Models/Interior/Lights/Prefabs/LightLum01_01Old.prefab	2618
Assets/TirgamesAssets/SchoolScene/Models/Interior/Lights/Prefabs/LightLum01_01On.prefab	3874
Assets/TirgamesAssets/SchoolScene/Models/Interior/Lights/Prefabs/LightLum01_03.prefab	2648
Assets/TirgamesAssets/SchoolScene/Models/Interior/Lights/Prefabs/LightLum01_03Old.prefab	2679
Assets/TirgamesAssets/SchoolScene/Models/Interior/Lights/Prefabs/LightLum01_03On.prefab	6141
Assets/TirgamesAssets/SchoolScene/Models/Interior/Lights/Textures/Light_spot.png	80965
Assets/TirgamesAssets/SchoolScene/Models/Interior/Lights/Textures/Light_spot_Illum.png	37022
Assets/TirgamesAssets/SchoolScene/Models/Interior/Lights/Textures/LightLum01.png	86002
Assets/TirgamesAssets/SchoolScene/Models/Interior/Lights/Textures/LightLum01Emmision.png	45503
Assets/TirgamesAssets/SchoolScene/Models/Interior/Lights/Textures/LightLum01NM.png	85538
Assets/TirgamesAssets/SchoolScene/Models/Interior/Lights/Textures/LightLum01Old.png	267889
Assets/TirgamesAssets/SchoolScene/Models/Interior/Lights/Textures/LightLum01Spec.png	20266
Assets/TirgamesAssets/SchoolScene/Models/Interior/Posters/Materials/PosterBulletin01.mat	3909
Assets/TirgamesAssets/SchoolScene/Models/Interior/Posters/Materials/PosterBulletin01Old.mat	3968
Assets/TirgamesAssets/SchoolScene/Models/Interior/Posters/Materials/PosterFood01.mat	3903
Assets/TirgamesAssets/SchoolScene/Models/Interior/Posters/Materials/PosterFood01Old.mat	3961
Assets/TirgamesAssets/SchoolScene/Models/Interior/Posters/Materials/PosterFood02.mat	3903
Assets/TirgamesAssets/SchoolScene/Models/Interior/Posters/Materials/PosterFood02Old.mat	3960
Assets/TirgamesAssets/SchoolScene/Models/Interior/Posters/Materials/PosterFood03.mat	3903
Assets/TirgamesAssets/SchoolScene/Models/Interior/Posters/Materials/PosterFood03Old.mat	3962
Assets/TirgamesAssets/SchoolScene/Models/Interior/Posters/Materials/PosterInfo01.mat	3905
Assets/TirgamesAssets/SchoolScene/Models/Interior/Posters/Materials/PosterInfo01Old.mat	3963
Assets/TirgamesAssets/SchoolScene/Models/Interior/Posters/Materials/PosterMockup01.mat	3907
Assets/TirgamesAssets/SchoolScene/Models/Interior/Posters/Materials/PosterStickers01.mat	3904
Assets/TirgamesAssets/SchoolScene/Models/Interior/Posters/Materials/PosterStickers01Old.mat	3961
Assets/TirgamesAssets/SchoolScene/Models/Interior/Posters/Materials/PosterText01a.mat	3897
Assets/TirgamesAssets/SchoolScene/Models/Interior/Posters/Materials/PosterText01aOld.mat	3987
Assets/TirgamesAssets/SchoolScene/Models/Interior/Posters/Materials/PosterText01b.mat	3900
Assets/TirgamesAssets/SchoolScene/Models/Interior/Posters/Materials/School/Chemistry01.mat	3904
Assets/TirgamesAssets/SchoolScene/Models/Interior/Posters/Materials/School/Chemistry01Old.mat	3956
Assets/TirgamesAssets/SchoolScene/Models/Interior/Posters/Materials/School/Chemistry02.mat	3905
Assets/TirgamesAssets/SchoolScene/Models/Interior/Posters/Materials/School/Chemistry02Old.mat	3956
Assets/TirgamesAssets/SchoolScene/Models/Interior/Posters/Materials/School/Geography01a.mat	3905
Assets/TirgamesAssets/SchoolScene/Models/Interior/Posters/Materials/School/Geography01aOld.mat	3957
Assets/TirgamesAssets/SchoolScene/Models/Interior/Posters/Materials/School/Geography01b.mat	3917
Assets/TirgamesAssets/SchoolScene/Models/Interior/Posters/Materials/School/Geography01bOld.mat	3973
Assets/TirgamesAssets/SchoolScene/Models/Interior/Posters/Materials/School/Geography02a.mat	3905
Assets/TirgamesAssets/SchoolScene/Models/Interior/Posters/Materials/School/Geography02aOld.mat	3957
Assets/TirgamesAssets/SchoolScene/Models/Interior/Posters/Materials/School/Geography02b.mat	3917
Assets/TirgamesAssets/SchoolScene/Models/Interior/Posters/Materials/School/Geography02bOld.mat	3974
Assets/TirgamesAssets/SchoolScene/Models/Interior/Posters/Materials/School/Physics01.mat	3902
Assets/TirgamesAssets/SchoolScene/Models/Interior/Posters/Materials/School/Physics01Old.mat	3954
Assets/TirgamesAssets/SchoolScene/Models/Interior/Posters/Materials/School/Physics02.mat	3902
Assets/TirgamesAssets/SchoolScene/Models/Interior/Posters/Materials/School/Physics02Old.mat	3954
Assets/TirgamesAssets/SchoolScene/Models/Interior/Posters/Poster01_1.FBX	30160
Assets/TirgamesAssets/SchoolScene/Models/Interior/Posters/Poster01_2.FBX	30144
Assets/TirgamesAssets/SchoolScene/Models/Interior/Posters/Poster01_3.FBX	30144
Assets/TirgamesAssets/SchoolScene/Models/Interior/Posters/Poster02_1.FBX	28064
Assets/TirgamesAssets/SchoolScene/Models/Interior/Posters/Poster02_2.FBX	27984
Assets/TirgamesAssets/SchoolScene/Models/Interior/Posters/Poster02_3.FBX	27968
Assets/TirgamesAssets/SchoolScene/Models/Interior/Posters/Poster03_1.FBX	45088
Assets/TirgamesAssets/SchoolScene/Models/Interior/Posters/Poster03_2.FBX	43872
Assets/TirgamesAssets/SchoolScene/Models/Interior/Posters/Poster03_3.FBX	43584
Assets/TirgamesAssets/SchoolScene/Models/Interior/Posters/Poster04_1.FBX	102432
Assets/TirgamesAssets/SchoolScene/Models/Interior/Posters/Poster04_2.FBX	83552
Assets/TirgamesAssets/SchoolScene/Models/Interior/Posters/Poster04_4.FBX	145488
Assets/TirgamesAssets/SchoolScene/Models/Interior/Posters/Poster04_5.FBX	115504
Assets/TirgamesAssets/SchoolScene/Models/Interior/Posters/Poster04_6.FBX	80768
Assets/TirgamesAssets/SchoolScene/Models/Interior/Posters/Poster05_1.FBX	79216
Assets/TirgamesAssets/SchoolScene/Models/Interior/Posters/Poster05_2.FBX	67680
Assets/TirgamesAssets/SchoolScene/Models/Interior/Posters/Poster05_3.FBX	55264
Assets/TirgamesAssets/SchoolScene/Models/Interior/Posters/Poster06_1.FBX	49248
Assets/TirgamesAssets/SchoolScene/Models/Interior/Posters/Prefabs/Poster01_1a.prefab	2719
Assets/TirgamesAssets/SchoolScene/Models/Interior/Posters/Prefabs/Poster01_2a.prefab	2719
Assets/TirgamesAssets/SchoolScene/Models/Interior/Posters/Prefabs/Poster01_3a.prefab	2719
Assets/TirgamesAssets/SchoolScene/Models/Interior/Posters/Prefabs/Poster02_1a.prefab	2713
Assets/TirgamesAssets/SchoolScene/Models/Interior/Posters/Prefabs/Poster02_2a.prefab	2708
Assets/TirgamesAssets/SchoolScene/Models/Interior/Posters/Prefabs/Poster02_3a.prefab	2709
Assets/TirgamesAssets/SchoolScene/Models/Interior/Posters/Prefabs/Poster03_1a.prefab	6220
Assets/TirgamesAssets/SchoolScene/Models/Interior/Posters/Prefabs/Poster03_1aOld.prefab	6268
Assets/TirgamesAssets/SchoolScene/Models/Interior/Posters/Prefabs/Poster03_2a.prefab	6221
Assets/TirgamesAssets/SchoolScene/Models/Interior/Posters/Prefabs/Poster03_2aOld.prefab	6268
Assets/TirgamesAssets/SchoolScene/Models/Interior/Posters/Prefabs/Poster03_3a.prefab	6224
Assets/TirgamesAssets/SchoolScene/Models/Interior/Posters/Prefabs/Poster03_3aOld.prefab	6270
Assets/TirgamesAssets/SchoolScene/Models/Interior/Posters/Prefabs/Poster04_1a.prefab	2843
Assets/TirgamesAssets/SchoolScene/Models/Interior/Posters/Prefabs/Poster04_1aOld.prefab	2868
Assets/TirgamesAssets/SchoolScene/Models/Interior/Posters/Prefabs/Poster04_2a.prefab	2840
Assets/TirgamesAssets/SchoolScene/Models/Interior/Posters/Prefabs/Poster04_2aOld.prefab	2865
Assets/TirgamesAssets/SchoolScene/Models/Interior/Posters/Prefabs/Poster04_4a.prefab	2852
Assets/TirgamesAssets/SchoolScene/Models/Interior/Posters/Prefabs/Poster04_4aOld.prefab	2870
Assets/TirgamesAssets/SchoolScene/Models/Interior/Posters/Prefabs/Poster04_5a.prefab	2854
Assets/TirgamesAssets/SchoolScene/Models/Interior/Posters/Prefabs/Poster04_5aOld.prefab	2869
Assets/TirgamesAssets/SchoolScene/Models/Interior/Posters/Prefabs/Poster04_6a.prefab	2854
Assets/TirgamesAssets/SchoolScene/Models/Interior/Posters/Prefabs/Poster04_6aOld.prefab	2869
Assets/TirgamesAssets/SchoolScene/Models/Interior/Posters/Prefabs/Poster05_1a.prefab	2841
Assets/TirgamesAssets/SchoolScene/Models/Interior/Posters/Prefabs/Poster05_1aOld.prefab	2886
Assets/TirgamesAssets/SchoolScene/Models/Interior/Posters/Prefabs/Poster05_2a.prefab	2827
Assets/TirgamesAssets/SchoolScene/Models/Interior/Posters/Prefabs/Poster05_2aOld.prefab	2862
Assets/TirgamesAssets/SchoolScene/Models/Interior/Posters/Prefabs/Poster05_3a.prefab	2833
Assets/TirgamesAssets/SchoolScene/Models/Interior/Posters/Prefabs/Poster05_3aOld.prefab	2883
Assets/TirgamesAssets/SchoolScene/Models/Interior/Posters/Prefabs/Poster06_1a.prefab	3361
Assets/TirgamesAssets/SchoolScene/Models/Interior/Posters/Textures/PosterBulletin01.png	790721
Assets/TirgamesAssets/SchoolScene/Models/Interior/Posters/Textures/PosterBulletin01Old.png	2124899
Assets/TirgamesAssets/SchoolScene/Models/Interior/Posters/Textures/PosterFood1.png	1270990
Assets/TirgamesAssets/SchoolScene/Models/Interior/Posters/Textures/PosterFood1Old.png	1804467
Assets/TirgamesAssets/SchoolScene/Models/Interior/Posters/Textures/PosterFood2.png	1187646
Assets/TirgamesAssets/SchoolScene/Models/Interior/Posters/Textures/PosterFood2Old.png	1792278
Assets/TirgamesAssets/SchoolScene/Models/Interior/Posters/Textures/PosterFood3.png	1113285
Assets/TirgamesAssets/SchoolScene/Models/Interior/Posters/Textures/PosterFood3Old.png	2343241
Assets/TirgamesAssets/SchoolScene/Models/Interior/Posters/Textures/PosterInfo01.png	63980
Assets/TirgamesAssets/SchoolScene/Models/Interior/Posters/Textures/PosterInfo01Old.png	1783975
Assets/TirgamesAssets/SchoolScene/Models/Interior/Posters/Textures/PosterMockup01.png	577772
Assets/TirgamesAssets/SchoolScene/Models/Interior/Posters/Textures/PosterStickers01.png	1019784
Assets/TirgamesAssets/SchoolScene/Models/Interior/Posters/Textures/PosterStickers01Old.png	2083582
Assets/TirgamesAssets/SchoolScene/Models/Interior/Posters/Textures/PosterText01.png	535729
Assets/TirgamesAssets/SchoolScene/Models/Interior/Posters/Textures/PosterText01Old.png	2096745
Assets/TirgamesAssets/SchoolScene/Models/Interior/Posters/Textures/School/Chemistry01.png	211315
Assets/TirgamesAssets/SchoolScene/Models/Interior/Posters/Textures/School/Chemistry01Old.png	359871
Assets/TirgamesAssets/SchoolScene/Models/Interior/Posters/Textures/School/Chemistry02.png	332156
Assets/TirgamesAssets/SchoolScene/Models/Interior/Posters/Textures/School/Chemistry02Old.png	294282
Assets/TirgamesAssets/SchoolScene/Models/Interior/Posters/Textures/School/Geography01.png	2073110
Assets/TirgamesAssets/SchoolScene/Models/Interior/Posters/Textures/School/Geography01Old.png	1512982
Assets/TirgamesAssets/SchoolScene/Models/Interior/Posters/Textures/School/Geography02.png	1166192
Assets/TirgamesAssets/SchoolScene/Models/Interior/Posters/Textures/School/Geography02Old.png	1120282
Assets/TirgamesAssets/SchoolScene/Models/Interior/Posters/Textures/School/Physics01.png	346073
Assets/TirgamesAssets/SchoolScene/Models/Interior/Posters/Textures/School/Physics01Old.png	508518
Assets/TirgamesAssets/SchoolScene/Models/Interior/Posters/Textures/School/Physics02.png	359615
Assets/TirgamesAssets/SchoolScene/Models/Interior/Posters/Textures/School/Physics02Old.png	455100
Assets/TirgamesAssets/SchoolScene/Models/Interior/Radiators/Materials/Radiator01.mat	4125
Assets/TirgamesAssets/SchoolScene/Models/Interior/Radiators/Materials/Radiator01Old.mat	4198
Assets/TirgamesAssets/SchoolScene/Models/Interior/Radiators/Prefabs/Radiator01.prefab	6257
Assets/TirgamesAssets/SchoolScene/Models/Interior/Radiators/Prefabs/Radiator01Old.prefab	6289
Assets/TirgamesAssets/SchoolScene/Models/Interior/Radiators/Radiator01.FBX	58352
Assets/TirgamesAssets/SchoolScene/Models/Interior/Radiators/Textures/Radiator01.png	888512
Assets/TirgamesAssets/SchoolScene/Models/Interior/Radiators/Textures/Radiator01_AO.png	281048
Assets/TirgamesAssets/SchoolScene/Models/Interior/Radiators/Textures/Radiator01_Metallic.png	88439
Assets/TirgamesAssets/SchoolScene/Models/Interior/Radiators/Textures/Radiator01NM.png	787052
Assets/TirgamesAssets/SchoolScene/Models/Interior/Radiators/Textures/Radiator01Old.png	1931589
Assets/TirgamesAssets/SchoolScene/Models/Interior/Radiators/Textures/Radiator01Old_Metallic.png	1505793
Assets/TirgamesAssets/SchoolScene/Models/Interior/Radiators/Textures/Radiator01Old_NM.png	752091
Assets/TirgamesAssets/SchoolScene/Models/Interior/Radiators/Textures/Radiator01OldSpec.tga	1048620
Assets/TirgamesAssets/SchoolScene/Models/Interior/Science/Chemistry/ChemistryMol01.FBX	128688
Assets/TirgamesAssets/SchoolScene/Models/Interior/Science/Chemistry/ChemistryMol02.FBX	81248
Assets/TirgamesAssets/SchoolScene/Models/Interior/Science/Chemistry/ChemistryProp01.FBX	30464
Assets/TirgamesAssets/SchoolScene/Models/Interior/Science/Chemistry/ChemistryProp02.FBX	35712
Assets/TirgamesAssets/SchoolScene/Models/Interior/Science/Chemistry/ChemistryProp03.FBX	59616
Assets/TirgamesAssets/SchoolScene/Models/Interior/Science/Chemistry/ChemistryProp04.FBX	27456
Assets/TirgamesAssets/SchoolScene/Models/Interior/Science/Chemistry/ChemistryProp05.FBX	38688
Assets/TirgamesAssets/SchoolScene/Models/Interior/Science/Chemistry/ChemistryProp06.FBX	27056
Assets/TirgamesAssets/SchoolScene/Models/Interior/Science/Chemistry/Materials/ColorChart01.mat	3908
Assets/TirgamesAssets/SchoolScene/Models/Interior/Science/Chemistry/Prefabs/ChemistryProp01.prefab	2184
Assets/TirgamesAssets/SchoolScene/Models/Interior/Science/Chemistry/Prefabs/ChemistryProp02.prefab	2184
Assets/TirgamesAssets/SchoolScene/Models/Interior/Science/Chemistry/Prefabs/ChemistryProp03.prefab	2253
Assets/TirgamesAssets/SchoolScene/Models/Interior/Science/Chemistry/Prefabs/ChemistryProp04.prefab	2183
Assets/TirgamesAssets/SchoolScene/Models/Interior/Science/Chemistry/Prefabs/ChemistryProp05.prefab	2254
Assets/TirgamesAssets/SchoolScene/Models/Interior/Science/Chemistry/Prefabs/ChemistryProp06.prefab	2185
Assets/TirgamesAssets/SchoolScene/Models/Interior/Science/Over/Globe01.FBX	63008
Assets/TirgamesAssets/SchoolScene/Models/Interior/Science/Over/Materials/Globe01.mat	3898
Assets/TirgamesAssets/SchoolScene/Models/Interior/Science/Over/Prefabs/Globe01.prefab	2750
Assets/TirgamesAssets/SchoolScene/Models/Interior/Science/Over/Textures/Globe01.png	173677
Assets/TirgamesAssets/SchoolScene/Models/Interior/Science/Physics/Electro01.FBX	48064
Assets/TirgamesAssets/SchoolScene/Models/Interior/Science/Physics/Electro02.FBX	52000
Assets/TirgamesAssets/SchoolScene/Models/Interior/Science/Physics/Electro03.FBX	31904
Assets/TirgamesAssets/SchoolScene/Models/Interior/Science/Physics/Electro04.FBX	51392
Assets/TirgamesAssets/SchoolScene/Models/Interior/Science/Physics/Electro05_1.FBX	62336
Assets/TirgamesAssets/SchoolScene/Models/Interior/Science/Physics/Electro05_2.FBX	53360
Assets/TirgamesAssets/SchoolScene/Models/Interior/Science/Physics/Electro05_3.FBX	44528
Assets/TirgamesAssets/SchoolScene/Models/Interior/Science/Physics/Electro05_4.FBX	56544
Assets/TirgamesAssets/SchoolScene/Models/Interior/Science/Physics/Electro05_5.FBX	50656
Assets/TirgamesAssets/SchoolScene/Models/Interior/Science/Physics/Electro06.FBX	65136
Assets/TirgamesAssets/SchoolScene/Models/Interior/Science/Physics/Electro07.FBX	102544
Assets/TirgamesAssets/SchoolScene/Models/Interior/Science/Physics/Electro08_1.FBX	23168
Assets/TirgamesAssets/SchoolScene/Models/Interior/Science/Physics/Electro08_10.FBX	28624
Assets/TirgamesAssets/SchoolScene/Models/Interior/Science/Physics/Electro08_3.FBX	23840
Assets/TirgamesAssets/SchoolScene/Models/Interior/Science/Physics/Electro08_4.FBX	22608
Assets/TirgamesAssets/SchoolScene/Models/Interior/Science/Physics/Electro08_5.FBX	22608
Assets/TirgamesAssets/SchoolScene/Models/Interior/Science/Physics/Electro08_6.FBX	22912
Assets/TirgamesAssets/SchoolScene/Models/Interior/Science/Physics/Electro08_7.FBX	22896
Assets/TirgamesAssets/SchoolScene/Models/Interior/Science/Physics/Electro08_8.FBX	23840
Assets/TirgamesAssets/SchoolScene/Models/Interior/Science/Physics/Electro08_9.FBX	23840
Assets/TirgamesAssets/SchoolScene/Models/Interior/Science/Physics/ElectroWires01_1.FBX	39440
Assets/TirgamesAssets/SchoolScene/Models/Interior/Science/Physics/ElectroWires01_2.FBX	39456
Assets/TirgamesAssets/SchoolScene/Models/Interior/Science/Physics/ElectroWires02_1.FBX	43776
Assets/TirgamesAssets/SchoolScene/Models/Interior/Science/Physics/ElectroWires03_1.FBX	43536
Assets/TirgamesAssets/SchoolScene/Models/Interior/Science/Physics/ElectroWires03_3.FBX	43536
Assets/TirgamesAssets/SchoolScene/Models/Interior/Science/Physics/ElectroWires04_2.FBX	43856
Assets/TirgamesAssets/SchoolScene/Models/Interior/Science/Physics/ElectroWires05_2.FBX	42976
Assets/TirgamesAssets/SchoolScene/Models/Interior/Science/Physics/ElectroWires07_1.FBX	42896
Assets/TirgamesAssets/SchoolScene/Models/Interior/Science/Physics/ElectroWires07_2.FBX	42864
Assets/TirgamesAssets/SchoolScene/Models/Interior/Science/Physics/Materials/Electro01.mat	4142
Assets/TirgamesAssets/SchoolScene/Models/Interior/Science/Physics/Materials/Electro01Old.mat	4200
Assets/TirgamesAssets/SchoolScene/Models/Interior/Science/Physics/Materials/Electro02.mat	4066
Assets/TirgamesAssets/SchoolScene/Models/Interior/Science/Physics/Materials/Electro02Old.mat	4125
Assets/TirgamesAssets/SchoolScene/Models/Interior/Science/Physics/Materials/Electro03.mat	4066
Assets/TirgamesAssets/SchoolScene/Models/Interior/Science/Physics/Materials/Electro03Old.mat	4124
Assets/TirgamesAssets/SchoolScene/Models/Interior/Science/Physics/Materials/Electro04.mat	4066
Assets/TirgamesAssets/SchoolScene/Models/Interior/Science/Physics/Materials/Electro04Old.mat	4124
Assets/TirgamesAssets/SchoolScene/Models/Interior/Science/Physics/Materials/Electro05.mat	4066
Assets/TirgamesAssets/SchoolScene/Models/Interior/Science/Physics/Materials/Electro05Old.mat	4125
Assets/TirgamesAssets/SchoolScene/Models/Interior/Science/Physics/Materials/Electro06.mat	4066
Assets/TirgamesAssets/SchoolScene/Models/Interior/Science/Physics/Materials/Electro06Old.mat	4124
Assets/TirgamesAssets/SchoolScene/Models/Interior/Science/Physics/Materials/Electro07.mat	4064
Assets/TirgamesAssets/SchoolScene/Models/Interior/Science/Physics/Materials/Electro07Old.mat	4123
Assets/TirgamesAssets/SchoolScene/Models/Interior/Science/Physics/Materials/Electro08.mat	3899
Assets/TirgamesAssets/SchoolScene/Models/Interior/Science/Physics/Materials/Electro08Old.mat	3958
Assets/TirgamesAssets/SchoolScene/Models/Interior/Science/Physics/Materials/ElectroWires01.mat	4055
Assets/TirgamesAssets/SchoolScene/Models/Interior/Science/Physics/Prefabs/Electro01.prefab	2684
Assets/TirgamesAssets/SchoolScene/Models/Interior/Science/Physics/Prefabs/Electro01Old.prefab	2689
Assets/TirgamesAssets/SchoolScene/Models/Interior/Science/Physics/Prefabs/Electro02.prefab	2169
Assets/TirgamesAssets/SchoolScene/Models/Interior/Science/Physics/Prefabs/Electro02Old.prefab	2179
Assets/TirgamesAssets/SchoolScene/Models/Interior/Science/Physics/Prefabs/Electro03.prefab	2666
Assets/TirgamesAssets/SchoolScene/Models/Interior/Science/Physics/Prefabs/Electro03Old.prefab	2687
Assets/TirgamesAssets/SchoolScene/Models/Interior/Science/Physics/Prefabs/Electro04.prefab	2693
Assets/TirgamesAssets/SchoolScene/Models/Interior/Science/Physics/Prefabs/Electro04Old.prefab	2665
Assets/TirgamesAssets/SchoolScene/Models/Interior/Science/Physics/Prefabs/Electro05_1.prefab	2171
Assets/TirgamesAssets/SchoolScene/Models/Interior/Science/Physics/Prefabs/Electro05_1Old.prefab	2204
Assets/TirgamesAssets/SchoolScene/Models/Interior/Science/Physics/Prefabs/Electro05_2.prefab	2172
Assets/TirgamesAssets/SchoolScene/Models/Interior/Science/Physics/Prefabs/Electro05_2Old.prefab	2207
Assets/TirgamesAssets/SchoolScene/Models/Interior/Science/Physics/Prefabs/Electro05_3.prefab	2172
Assets/TirgamesAssets/SchoolScene/Models/Interior/Science/Physics/Prefabs/Electro05_3Old.prefab	2185
Assets/TirgamesAssets/SchoolScene/Models/Interior/Science/Physics/Prefabs/Electro05_4.prefab	2171
Assets/TirgamesAssets/SchoolScene/Models/Interior/Science/Physics/Prefabs/Electro05_4Old.prefab	2204
Assets/TirgamesAssets/SchoolScene/Models/Interior/Science/Physics/Prefabs/Electro05_5.prefab	2171
Assets/TirgamesAssets/SchoolScene/Models/Interior/Science/Physics/Prefabs/Electro05_5Old.prefab	2204
Assets/TirgamesAssets/SchoolScene/Models/Interior/Science/Physics/Prefabs/Electro06.prefab	2657
Assets/TirgamesAssets/SchoolScene/Models/Interior/Science/Physics/Prefabs/Electro06Old.prefab	2657
Assets/TirgamesAssets/SchoolScene/Models/Interior/Science/Physics/Prefabs/Electro07.prefab	2647
Assets/TirgamesAssets/SchoolScene/Models/Interior/Science/Physics/Prefabs/Electro07Old.prefab	2700
Assets/TirgamesAssets/SchoolScene/Models/Interior/Science/Physics/Prefabs/Electro08_1.prefab	2193
Assets/TirgamesAssets/SchoolScene/Models/Interior/Science/Physics/Prefabs/Electro08_10.prefab	2666
Assets/TirgamesAssets/SchoolScene/Models/Interior/Science/Physics/Prefabs/Electro08_10Old.prefab	2682
Assets/TirgamesAssets/SchoolScene/Models/Interior/Science/Physics/Prefabs/Electro08_3.prefab	2200
Assets/TirgamesAssets/SchoolScene/Models/Interior/Science/Physics/Prefabs/Electro08_4.prefab	2179
Assets/TirgamesAssets/SchoolScene/Models/Interior/Science/Physics/Prefabs/Electro08_5.prefab	2180
Assets/TirgamesAssets/SchoolScene/Models/Interior/Science/Physics/Prefabs/Electro08_6.prefab	2179
Assets/TirgamesAssets/SchoolScene/Models/Interior/Science/Physics/Prefabs/Electro08_7.prefab	2177
Assets/TirgamesAssets/SchoolScene/Models/Interior/Science/Physics/Prefabs/Electro08_8.prefab	2170
Assets/TirgamesAssets/SchoolScene/Models/Interior/Science/Physics/Prefabs/Electro08_9.prefab	2171
Assets/TirgamesAssets/SchoolScene/Models/Interior/Science/Physics/Prefabs/ElectroWires01_1.prefab	2201
Assets/TirgamesAssets/SchoolScene/Models/Interior/Science/Physics/Prefabs/ElectroWires01_2.prefab	2203
Assets/TirgamesAssets/SchoolScene/Models/Interior/Science/Physics/Prefabs/ElectroWires02_1.prefab	2215
Assets/TirgamesAssets/SchoolScene/Models/Interior/Science/Physics/Prefabs/ElectroWires03_1.prefab	2222
Assets/TirgamesAssets/SchoolScene/Models/Interior/Science/Physics/Prefabs/ElectroWires03_3.prefab	2216
Assets/TirgamesAssets/SchoolScene/Models/Interior/Science/Physics/Prefabs/ElectroWires04_2.prefab	2218
Assets/TirgamesAssets/SchoolScene/Models/Interior/Science/Physics/Prefabs/ElectroWires05_2.prefab	2217
Assets/TirgamesAssets/SchoolScene/Models/Interior/Science/Physics/Prefabs/ElectroWires07_1.prefab	2180
Assets/TirgamesAssets/SchoolScene/Models/Interior/Science/Physics/Prefabs/ElectroWires07_2.prefab	2191
Assets/TirgamesAssets/SchoolScene/Models/Interior/Science/Physics/Textures/Electro01.png	1472090
Assets/TirgamesAssets/SchoolScene/Models/Interior/Science/Physics/Textures/Electro01NM.png	824636
Assets/TirgamesAssets/SchoolScene/Models/Interior/Science/Physics/Textures/Electro01Old.png	2753517
Assets/TirgamesAssets/SchoolScene/Models/Interior/Science/Physics/Textures/Electro01Spec.png	499019
Assets/TirgamesAssets/SchoolScene/Models/Interior/Science/Physics/Textures/Electro02.png	1142658
Assets/TirgamesAssets/SchoolScene/Models/Interior/Science/Physics/Textures/Electro02NM.png	489807
Assets/TirgamesAssets/SchoolScene/Models/Interior/Science/Physics/Textures/Electro02Old.png	1837000
Assets/TirgamesAssets/SchoolScene/Models/Interior/Science/Physics/Textures/Electro02Spec.png	330550
Assets/TirgamesAssets/SchoolScene/Models/Interior/Science/Physics/Textures/Electro03.png	1086307
Assets/TirgamesAssets/SchoolScene/Models/Interior/Science/Physics/Textures/Electro03NM.png	120955
Assets/TirgamesAssets/SchoolScene/Models/Interior/Science/Physics/Textures/Electro03Old.png	1632633
Assets/TirgamesAssets/SchoolScene/Models/Interior/Science/Physics/Textures/Electro03Spec.png	25519
Assets/TirgamesAssets/SchoolScene/Models/Interior/Science/Physics/Textures/Electro04.png	573282
Assets/TirgamesAssets/SchoolScene/Models/Interior/Science/Physics/Textures/Electro04NM.png	493368
Assets/TirgamesAssets/SchoolScene/Models/Interior/Science/Physics/Textures/Electro04Old.png	1380957
Assets/TirgamesAssets/SchoolScene/Models/Interior/Science/Physics/Textures/Electro04Spec.png	335722
Assets/TirgamesAssets/SchoolScene/Models/Interior/Science/Physics/Textures/Electro05.png	340491
Assets/TirgamesAssets/SchoolScene/Models/Interior/Science/Physics/Textures/Electro05NM.png	196474
Assets/TirgamesAssets/SchoolScene/Models/Interior/Science/Physics/Textures/Electro05Old.png	458740
Assets/TirgamesAssets/SchoolScene/Models/Interior/Science/Physics/Textures/Electro05Spec.png	54750
Assets/TirgamesAssets/SchoolScene/Models/Interior/Science/Physics/Textures/Electro06.png	325967
Assets/TirgamesAssets/SchoolScene/Models/Interior/Science/Physics/Textures/Electro06NM.png	158212
Assets/TirgamesAssets/SchoolScene/Models/Interior/Science/Physics/Textures/Electro06Old.png	436604
Assets/TirgamesAssets/SchoolScene/Models/Interior/Science/Physics/Textures/Electro06Spec.png	68390
Assets/TirgamesAssets/SchoolScene/Models/Interior/Science/Physics/Textures/Electro07.png	877509
Assets/TirgamesAssets/SchoolScene/Models/Interior/Science/Physics/Textures/Electro07NM.png	412682
Assets/TirgamesAssets/SchoolScene/Models/Interior/Science/Physics/Textures/Electro07Old.png	1561345
Assets/TirgamesAssets/SchoolScene/Models/Interior/Science/Physics/Textures/Electro07Spec.png	320052
Assets/TirgamesAssets/SchoolScene/Models/Interior/Science/Physics/Textures/Electro08.png	48999
Assets/TirgamesAssets/SchoolScene/Models/Interior/Science/Physics/Textures/Electro08Old.png	352033
Assets/TirgamesAssets/SchoolScene/Models/Interior/Science/Physics/Textures/ElectroWires01.png	36554
Assets/TirgamesAssets/SchoolScene/Models/Interior/Science/Physics/Textures/ElectroWires01Spec.png	138422
Assets/TirgamesAssets/SchoolScene/Models/Interior/Screens/Prefabs/ProjectorScreen01.prefab	3247
Assets/TirgamesAssets/SchoolScene/Models/Interior/Screens/Prefabs/ProjectorScreen01Old.prefab	3250
Assets/TirgamesAssets/SchoolScene/Models/Interior/Screens/ProjectorScreen01.FBX	40752
Assets/TirgamesAssets/SchoolScene/Models/Interior/Seats/Prefabs/Seats01.prefab	5693
Assets/TirgamesAssets/SchoolScene/Models/Interior/Seats/Prefabs/Seats01_1Old.prefab	5705
Assets/TirgamesAssets/SchoolScene/Models/Interior/Seats/Prefabs/Seats01_2Old.prefab	2671
Assets/TirgamesAssets/SchoolScene/Models/Interior/Seats/Prefabs/Seats01_3Old.prefab	2672
Assets/TirgamesAssets/SchoolScene/Models/Interior/Seats/Prefabs/Seats01Old.prefab	5713
Assets/TirgamesAssets/SchoolScene/Models/Interior/Seats/Seats01.FBX	127968
Assets/TirgamesAssets/SchoolScene/Models/Interior/Seats/Seats01_1.FBX	107968
Assets/TirgamesAssets/SchoolScene/Models/Interior/Seats/Seats01_2.FBX	32992
Assets/TirgamesAssets/SchoolScene/Models/Interior/Seats/Seats01_3.FBX	34528
Assets/TirgamesAssets/SchoolScene/Models/Interior/Sport/Materials/PingPong01Net.mat	3995
Assets/TirgamesAssets/SchoolScene/Models/Interior/Sport/Materials/PingPong01NetOld.mat	4070
Assets/TirgamesAssets/SchoolScene/Models/Interior/Sport/Materials/PingPongBall01.mat	4074
Assets/TirgamesAssets/SchoolScene/Models/Interior/Sport/Materials/PingPongBall01Old.mat	4038
Assets/TirgamesAssets/SchoolScene/Models/Interior/Sport/Materials/PingPongTable01.mat	4148
Assets/TirgamesAssets/SchoolScene/Models/Interior/Sport/Materials/PingPongTable01Old.mat	4205
Assets/TirgamesAssets/SchoolScene/Models/Interior/Sport/Materials/PinPongPaddle01.mat	4147
Assets/TirgamesAssets/SchoolScene/Models/Interior/Sport/Materials/PinPongPaddle01Old.mat	4206
Assets/TirgamesAssets/SchoolScene/Models/Interior/Sport/Materials/SportBalls.mat	3972
Assets/TirgamesAssets/SchoolScene/Models/Interior/Sport/Materials/SportBallsOld.mat	4009
Assets/TirgamesAssets/SchoolScene/Models/Interior/Sport/Materials/SportBasketHoop01.mat	4150
Assets/TirgamesAssets/SchoolScene/Models/Interior/Sport/Materials/SportBasketHoop01Old.mat	4153
Assets/TirgamesAssets/SchoolScene/Models/Interior/Sport/Materials/SportBench01.mat	4147
Assets/TirgamesAssets/SchoolScene/Models/Interior/Sport/Materials/SportBench01Old.mat	4151
Assets/TirgamesAssets/SchoolScene/Models/Interior/Sport/Materials/SportBrus1.mat	4143
Assets/TirgamesAssets/SchoolScene/Models/Interior/Sport/Materials/SportBrus1Old.mat	4146
Assets/TirgamesAssets/SchoolScene/Models/Interior/Sport/Materials/SportFloor.mat	4153
Assets/TirgamesAssets/SchoolScene/Models/Interior/Sport/Materials/SportFloorOld.mat	4134
Assets/TirgamesAssets/SchoolScene/Models/Interior/Sport/Materials/SportGates.mat	4068
Assets/TirgamesAssets/SchoolScene/Models/Interior/Sport/Materials/SportGatesLinesBlack.mat	3884
Assets/TirgamesAssets/SchoolScene/Models/Interior/Sport/Materials/SportGatesLinesOld.mat	4136
Assets/TirgamesAssets/SchoolScene/Models/Interior/Sport/Materials/SportGatesOld.mat	3994
Assets/TirgamesAssets/SchoolScene/Models/Interior/Sport/Materials/SportMattress01.mat	4147
Assets/TirgamesAssets/SchoolScene/Models/Interior/Sport/Materials/SportMattress01Old.mat	4150
Assets/TirgamesAssets/SchoolScene/Models/Interior/Sport/Materials/SportsRack01.mat	4147
Assets/TirgamesAssets/SchoolScene/Models/Interior/Sport/Materials/SportsRack01Old.mat	4148
Assets/TirgamesAssets/SchoolScene/Models/Interior/Sport/Materials/SportTrampline01.mat	4149
Assets/TirgamesAssets/SchoolScene/Models/Interior/Sport/Materials/SportTrampline01Old.mat	4151
Assets/TirgamesAssets/SchoolScene/Models/Interior/Sport/Materials/SportVaultingHorse01.mat	4152
Assets/TirgamesAssets/SchoolScene/Models/Interior/Sport/Materials/SportVaultingHorse01Old.mat	4156
Assets/TirgamesAssets/SchoolScene/Models/Interior/Sport/Materials/SportVaultingHorse02.mat	4153
Assets/TirgamesAssets/SchoolScene/Models/Interior/Sport/Materials/SportVaultingHorse02Old.mat	4155
Assets/TirgamesAssets/SchoolScene/Models/Interior/Sport/Materials/VolleyballNet01.mat	4065
Assets/TirgamesAssets/SchoolScene/Models/Interior/Sport/Materials/VolleyballNet01Column.mat	4154
Assets/TirgamesAssets/SchoolScene/Models/Interior/Sport/Materials/VolleyballNet01ColumnOld.mat	4212
Assets/TirgamesAssets/SchoolScene/Models/Interior/Sport/Materials/VolleyballNet01Old.mat	4076
Assets/TirgamesAssets/SchoolScene/Models/Interior/Sport/PingPongBall01.FBX	35152
Assets/TirgamesAssets/SchoolScene/Models/Interior/Sport/PingPongPaddle01.FBX	46704
Assets/TirgamesAssets/SchoolScene/Models/Interior/Sport/PingPongTable01.FBX	417360
Assets/TirgamesAssets/SchoolScene/Models/Interior/Sport/PingPongTable01Old.FBX	509328
Assets/TirgamesAssets/SchoolScene/Models/Interior/Sport/Prefabs/PingPongBall01.prefab	2901
Assets/TirgamesAssets/SchoolScene/Models/Interior/Sport/Prefabs/PingPongBall01Old.prefab	2904
Assets/TirgamesAssets/SchoolScene/Models/Interior/Sport/Prefabs/PingPongPaddle01.prefab	2599
Assets/TirgamesAssets/SchoolScene/Models/Interior/Sport/Prefabs/PingPongPaddle01Old.prefab	2582
Assets/TirgamesAssets/SchoolScene/Models/Interior/Sport/Prefabs/PingPongTable01.prefab	8161
Assets/TirgamesAssets/SchoolScene/Models/Interior/Sport/Prefabs/PingPongTable01Old.prefab	2660
Assets/TirgamesAssets/SchoolScene/Models/Interior/Sport/Prefabs/SportBall01_01.prefab	2990
Assets/TirgamesAssets/SchoolScene/Models/Interior/Sport/Prefabs/SportBall01_01Old.prefab	2989
Assets/TirgamesAssets/SchoolScene/Models/Interior/Sport/Prefabs/SportBall01_02.prefab	2991
Assets/TirgamesAssets/SchoolScene/Models/Interior/Sport/Prefabs/SportBall01_02Old.prefab	2994
Assets/TirgamesAssets/SchoolScene/Models/Interior/Sport/Prefabs/SportBall01_03.prefab	2990
Assets/TirgamesAssets/SchoolScene/Models/Interior/Sport/Prefabs/SportBall01_03Old.prefab	2993
Assets/TirgamesAssets/SchoolScene/Models/Interior/Sport/Prefabs/SportBall01_05.prefab	6276
Assets/TirgamesAssets/SchoolScene/Models/Interior/Sport/Prefabs/SportBall01_05Old.prefab	6279
Assets/TirgamesAssets/SchoolScene/Models/Interior/Sport/Prefabs/SportBall01_06.prefab	6286
Assets/TirgamesAssets/SchoolScene/Models/Interior/Sport/Prefabs/SportBall01_06Old.prefab	6289
Assets/TirgamesAssets/SchoolScene/Models/Interior/Sport/Prefabs/SportBall01_07.prefab	6279
Assets/TirgamesAssets/SchoolScene/Models/Interior/Sport/Prefabs/SportBall01_07Old.prefab	6282
Assets/TirgamesAssets/SchoolScene/Models/Interior/Sport/Prefabs/SportBall01_08.prefab	6278
Assets/TirgamesAssets/SchoolScene/Models/Interior/Sport/Prefabs/SportBall01_08Old.prefab	6281
Assets/TirgamesAssets/SchoolScene/Models/Interior/Sport/Prefabs/SportBasketShit01.prefab	11352
Assets/TirgamesAssets/SchoolScene/Models/Interior/Sport/Prefabs/SportBasketShit01Old.prefab	11352
Assets/TirgamesAssets/SchoolScene/Models/Interior/Sport/Prefabs/SportBench01.prefab	7470
Assets/TirgamesAssets/SchoolScene/Models/Interior/Sport/Prefabs/SportBench01Old.prefab	7475
Assets/TirgamesAssets/SchoolScene/Models/Interior/Sport/Prefabs/SportBench02.prefab	8328
Assets/TirgamesAssets/SchoolScene/Models/Interior/Sport/Prefabs/SportBench02Old.prefab	8331
Assets/TirgamesAssets/SchoolScene/Models/Interior/Sport/Prefabs/SportBrus01.prefab	11294
Assets/TirgamesAssets/SchoolScene/Models/Interior/Sport/Prefabs/SportBrus1Old.prefab	11277
Assets/TirgamesAssets/SchoolScene/Models/Interior/Sport/Prefabs/SportField01Old.prefab	2197
Assets/TirgamesAssets/SchoolScene/Models/Interior/Sport/Prefabs/SportGates01a.prefab	11492
Assets/TirgamesAssets/SchoolScene/Models/Interior/Sport/Prefabs/SportGates01b.prefab	11495
Assets/TirgamesAssets/SchoolScene/Models/Interior/Sport/Prefabs/SportGates01Old.prefab	11487
Assets/TirgamesAssets/SchoolScene/Models/Interior/Sport/Prefabs/SportGates02.prefab	6037
Assets/TirgamesAssets/SchoolScene/Models/Interior/Sport/Prefabs/SportGates02Old.prefab	6066
Assets/TirgamesAssets/SchoolScene/Models/Interior/Sport/Prefabs/Sportkozel01.prefab	11363
Assets/TirgamesAssets/SchoolScene/Models/Interior/Sport/Prefabs/Sportkozel01Old.prefab	11362
Assets/TirgamesAssets/SchoolScene/Models/Interior/Sport/Prefabs/SportKozel02.prefab	11371
Assets/TirgamesAssets/SchoolScene/Models/Interior/Sport/Prefabs/SportKozel02Old.prefab	11374
Assets/TirgamesAssets/SchoolScene/Models/Interior/Sport/Prefabs/SportLadder01a.prefab	2735
Assets/TirgamesAssets/SchoolScene/Models/Interior/Sport/Prefabs/SportLadder01aOld.prefab	2738
Assets/TirgamesAssets/SchoolScene/Models/Interior/Sport/Prefabs/SportLadder01b.prefab	2766
Assets/TirgamesAssets/SchoolScene/Models/Interior/Sport/Prefabs/SportLadder01bOld.prefab	2769
Assets/TirgamesAssets/SchoolScene/Models/Interior/Sport/Prefabs/SportMattress01.prefab	6289
Assets/TirgamesAssets/SchoolScene/Models/Interior/Sport/Prefabs/SportMattress01Old.prefab	6293
Assets/TirgamesAssets/SchoolScene/Models/Interior/Sport/Prefabs/SportsRack01.prefab	6343
Assets/TirgamesAssets/SchoolScene/Models/Interior/Sport/Prefabs/SportsRack01Old.prefab	6346
Assets/TirgamesAssets/SchoolScene/Models/Interior/Sport/Prefabs/SportTrampline01.prefab	7377
Assets/TirgamesAssets/SchoolScene/Models/Interior/Sport/Prefabs/SportTrampline01Old.prefab	7379
Assets/TirgamesAssets/SchoolScene/Models/Interior/Sport/Prefabs/VolleyballNet01.prefab	3484
Assets/TirgamesAssets/SchoolScene/Models/Interior/Sport/Prefabs/VolleyballNet01Old.prefab	2626
Assets/TirgamesAssets/SchoolScene/Models/Interior/Sport/SportBall01_01.FBX	36112
Assets/TirgamesAssets/SchoolScene/Models/Interior/Sport/SportBall01_02.FBX	36192
Assets/TirgamesAssets/SchoolScene/Models/Interior/Sport/SportBall01_03.FBX	36224
Assets/TirgamesAssets/SchoolScene/Models/Interior/Sport/SportBall01_05.FBX	250480
Assets/TirgamesAssets/SchoolScene/Models/Interior/Sport/SportBall01_06.FBX	181408
Assets/TirgamesAssets/SchoolScene/Models/Interior/Sport/SportBall01_07.FBX	236736
Assets/TirgamesAssets/SchoolScene/Models/Interior/Sport/SportBall01_08.FBX	181968
Assets/TirgamesAssets/SchoolScene/Models/Interior/Sport/SportBasketHoop01.FBX	286256
Assets/TirgamesAssets/SchoolScene/Models/Interior/Sport/SportBench01.FBX	69280
Assets/TirgamesAssets/SchoolScene/Models/Interior/Sport/SportBench02.FBX	156048
Assets/TirgamesAssets/SchoolScene/Models/Interior/Sport/SportBrus1.FBX	354624
Assets/TirgamesAssets/SchoolScene/Models/Interior/Sport/SportField01.FBX	34528
Assets/TirgamesAssets/SchoolScene/Models/Interior/Sport/SportGates01.FBX	241984
Assets/TirgamesAssets/SchoolScene/Models/Interior/Sport/SportGates02.FBX	104992
Assets/TirgamesAssets/SchoolScene/Models/Interior/Sport/SportLadder01a.FBX	50528
Assets/TirgamesAssets/SchoolScene/Models/Interior/Sport/SportLadder01b.FBX	57264
Assets/TirgamesAssets/SchoolScene/Models/Interior/Sport/SportMattress01.FBX	34416
Assets/TirgamesAssets/SchoolScene/Models/Interior/Sport/SportsRack01.FBX	48528
Assets/TirgamesAssets/SchoolScene/Models/Interior/Sport/SportTrampline01.FBX	63072
Assets/TirgamesAssets/SchoolScene/Models/Interior/Sport/SportVaultingHorse01.FBX	231856
Assets/TirgamesAssets/SchoolScene/Models/Interior/Sport/SportVaultingHorse02.FBX	228592
Assets/TirgamesAssets/SchoolScene/Models/Interior/Sport/Textures/PingPong01Net.png	213354
Assets/TirgamesAssets/SchoolScene/Models/Interior/Sport/Textures/PingPong01NetOld.png	858380
Assets/TirgamesAssets/SchoolScene/Models/Interior/Sport/Textures/PingPongBall01.png	87719
Assets/TirgamesAssets/SchoolScene/Models/Interior/Sport/Textures/PingPongBall01_Metallic.png	147968
Assets/TirgamesAssets/SchoolScene/Models/Interior/Sport/Textures/PingPongBall01_NM.png	86052
Assets/TirgamesAssets/SchoolScene/Models/Interior/Sport/Textures/PingPongBall01Old.png	763545
Assets/TirgamesAssets/SchoolScene/Models/Interior/Sport/Textures/PingPongTable01.png	3355029
Assets/TirgamesAssets/SchoolScene/Models/Interior/Sport/Textures/PingPongTable01_AO.png	521907
Assets/TirgamesAssets/SchoolScene/Models/Interior/Sport/Textures/PingPongTable01_Metallic.png	2380019
Assets/TirgamesAssets/SchoolScene/Models/Interior/Sport/Textures/PingPongTable01_NM.png	3460174
Assets/TirgamesAssets/SchoolScene/Models/Interior/Sport/Textures/PingPongTable01Old.png	5149849
Assets/TirgamesAssets/SchoolScene/Models/Interior/Sport/Textures/PingPongTable01Old_Metallic.png	3556518
Assets/TirgamesAssets/SchoolScene/Models/Interior/Sport/Textures/PingPongTable01Old_NM.png	3925155
Assets/TirgamesAssets/SchoolScene/Models/Interior/Sport/Textures/PinPongPaddle01.png	815016
Assets/TirgamesAssets/SchoolScene/Models/Interior/Sport/Textures/PinPongPaddle01_AO.png	62125
Assets/TirgamesAssets/SchoolScene/Models/Interior/Sport/Textures/PinPongPaddle01_Metallic.png	701113
Assets/TirgamesAssets/SchoolScene/Models/Interior/Sport/Textures/PinPongPaddle01_NM.png	1021098
Assets/TirgamesAssets/SchoolScene/Models/Interior/Sport/Textures/PinPongPaddle01Old.png	2336577
Assets/TirgamesAssets/SchoolScene/Models/Interior/Sport/Textures/SchoolFloor_NM.png	726333
Assets/TirgamesAssets/SchoolScene/Models/Interior/Sport/Textures/SchoolFloor_Spec.psd	913020
Assets/TirgamesAssets/SchoolScene/Models/Interior/Sport/Textures/SportBalls.png	2324743
Assets/TirgamesAssets/SchoolScene/Models/Interior/Sport/Textures/SportBallsNM.png	2699210
Assets/TirgamesAssets/SchoolScene/Models/Interior/Sport/Textures/SportBallsOld.png	8378260
Assets/TirgamesAssets/SchoolScene/Models/Interior/Sport/Textures/SportBasketHoop01.png	1553860
Assets/TirgamesAssets/SchoolScene/Models/Interior/Sport/Textures/SportBasketHoop01_AO.png	666336
Assets/TirgamesAssets/SchoolScene/Models/Interior/Sport/Textures/SportBasketHoop01_Metallic.png	1965583
Assets/TirgamesAssets/SchoolScene/Models/Interior/Sport/Textures/SportBasketHoop01_NM.png	2991502
Assets/TirgamesAssets/SchoolScene/Models/Interior/Sport/Textures/SportBasketHoop01Old.png	5087128
Assets/TirgamesAssets/SchoolScene/Models/Interior/Sport/Textures/SportBasketHoop01Old_Metallic.png	4321828
Assets/TirgamesAssets/SchoolScene/Models/Interior/Sport/Textures/SportBasketHoop01Old_NM.png	2640390
Assets/TirgamesAssets/SchoolScene/Models/Interior/Sport/Textures/SportBench01.png	5519972
Assets/TirgamesAssets/SchoolScene/Models/Interior/Sport/Textures/SportBench01_AO.png	1279395
Assets/TirgamesAssets/SchoolScene/Models/Interior/Sport/Textures/SportBench01_Metallic.png	500607
Assets/TirgamesAssets/SchoolScene/Models/Interior/Sport/Textures/SportBench01_NM.png	4833387
Assets/TirgamesAssets/SchoolScene/Models/Interior/Sport/Textures/SportBench01Old.png	7153701
Assets/TirgamesAssets/SchoolScene/Models/Interior/Sport/Textures/SportBench01Old_Metallic.png	1916795
Assets/TirgamesAssets/SchoolScene/Models/Interior/Sport/Textures/SportBench01Old_NM.png	4966812
Assets/TirgamesAssets/SchoolScene/Models/Interior/Sport/Textures/SportBrus1.png	2724207
Assets/TirgamesAssets/SchoolScene/Models/Interior/Sport/Textures/SportBrus1_AO.png	1162532
Assets/TirgamesAssets/SchoolScene/Models/Interior/Sport/Textures/SportBrus1_Metallic.png	2176393
Assets/TirgamesAssets/SchoolScene/Models/Interior/Sport/Textures/SportBrus1_NM.png	2638678
Assets/TirgamesAssets/SchoolScene/Models/Interior/Sport/Textures/SportBrus1Old.png	4208095
Assets/TirgamesAssets/SchoolScene/Models/Interior/Sport/Textures/SportBrus1Old_Metallic.png	4588337
Assets/TirgamesAssets/SchoolScene/Models/Interior/Sport/Textures/SportBrus1Old_NM.png	4513587
Assets/TirgamesAssets/SchoolScene/Models/Interior/Sport/Textures/SportFloor.png	2756930
Assets/TirgamesAssets/SchoolScene/Models/Interior/Sport/Textures/SportFloorOld.png	8051020
Assets/TirgamesAssets/SchoolScene/Models/Interior/Sport/Textures/SportFloorOldSpec.tga	4194348
Assets/TirgamesAssets/SchoolScene/Models/Interior/Sport/Textures/SportGates.png	73439
Assets/TirgamesAssets/SchoolScene/Models/Interior/Sport/Textures/SportGatesLinesNM.png	1561121
Assets/TirgamesAssets/SchoolScene/Models/Interior/Sport/Textures/SportGatesLinesOld.png	1693691
Assets/TirgamesAssets/SchoolScene/Models/Interior/Sport/Textures/SportGatesOld.png	467748
Assets/TirgamesAssets/SchoolScene/Models/Interior/Sport/Textures/SportMattress01.png	4163548
Assets/TirgamesAssets/SchoolScene/Models/Interior/Sport/Textures/SportMattress01_AO.png	1459672
Assets/TirgamesAssets/SchoolScene/Models/Interior/Sport/Textures/SportMattress01_Metallic.png	2825459
Assets/TirgamesAssets/SchoolScene/Models/Interior/Sport/Textures/SportMattress01_NM.png	3027142
Assets/TirgamesAssets/SchoolScene/Models/Interior/Sport/Textures/SportMattress01Old.png	5369593
Assets/TirgamesAssets/SchoolScene/Models/Interior/Sport/Textures/SportMattress01Old_Metallic.png	2935623
Assets/TirgamesAssets/SchoolScene/Models/Interior/Sport/Textures/SportMattress01Old_NM.png	3234897
Assets/TirgamesAssets/SchoolScene/Models/Interior/Sport/Textures/SportsRack01.png	6747541
Assets/TirgamesAssets/SchoolScene/Models/Interior/Sport/Textures/SportsRack01_AO.png	1309527
Assets/TirgamesAssets/SchoolScene/Models/Interior/Sport/Textures/SportsRack01_Metallic.png	176717
Assets/TirgamesAssets/SchoolScene/Models/Interior/Sport/Textures/SportsRack01_NM.png	2792063
Assets/TirgamesAssets/SchoolScene/Models/Interior/Sport/Textures/SportsRack01Old.png	7271075
Assets/TirgamesAssets/SchoolScene/Models/Interior/Sport/Textures/SportsRack01Old_Metallic.png	2848163
Assets/TirgamesAssets/SchoolScene/Models/Interior/Sport/Textures/SportTrampline01.png	4187932
Assets/TirgamesAssets/SchoolScene/Models/Interior/Sport/Textures/SportTrampline01_AO.png	803463
Assets/TirgamesAssets/SchoolScene/Models/Interior/Sport/Textures/SportTrampline01_Metallic.png	1668325
Assets/TirgamesAssets/SchoolScene/Models/Interior/Sport/Textures/SportTrampline01_NM.png	5834693
Assets/TirgamesAssets/SchoolScene/Models/Interior/Sport/Textures/SportTrampline01Old.png	5430717
Assets/TirgamesAssets/SchoolScene/Models/Interior/Sport/Textures/SportTrampline01Old_Metallic.png	3003047
Assets/TirgamesAssets/SchoolScene/Models/Interior/Sport/Textures/SportTrampline01Old_NM.png	6477396
Assets/TirgamesAssets/SchoolScene/Models/Interior/Sport/Textures/SportVaultingHorse01.png	2904946
Assets/TirgamesAssets/SchoolScene/Models/Interior/Sport/Textures/SportVaultingHorse01_AO.png	843748
Assets/TirgamesAssets/SchoolScene/Models/Interior/Sport/Textures/SportVaultingHorse01_Metallic.png	3041485
Assets/TirgamesAssets/SchoolScene/Models/Interior/Sport/Textures/SportVaultingHorse01_NM.png	5083274
Assets/TirgamesAssets/SchoolScene/Models/Interior/Sport/Textures/SportVaultingHorse01Old.png	5116173
Assets/TirgamesAssets/SchoolScene/Models/Interior/Sport/Textures/SportVaultingHorse01Old_Metallic.png	3539921
Assets/TirgamesAssets/SchoolScene/Models/Interior/Sport/Textures/SportVaultingHorse01Old_NM.png	5806303
Assets/TirgamesAssets/SchoolScene/Models/Interior/Sport/Textures/SportVaultingHorse02.png	3300896
Assets/TirgamesAssets/SchoolScene/Models/Interior/Sport/Textures/SportVaultingHorse02_AO.png	821037
Assets/TirgamesAssets/SchoolScene/Models/Interior/Sport/Textures/SportVaultingHorse02_Metallic.png	3076551
Assets/TirgamesAssets/SchoolScene/Models/Interior/Sport/Textures/SportVaultingHorse02_NM.png	5342118
Assets/TirgamesAssets/SchoolScene/Models/Interior/Sport/Textures/SportVaultingHorse02Old.png	5136579
Assets/TirgamesAssets/SchoolScene/Models/Interior/Sport/Textures/SportVaultingHorse02Old_Metallic.png	3440248
Assets/TirgamesAssets/SchoolScene/Models/Interior/Sport/Textures/SportVaultingHorse02Old_NM.png	5811568
Assets/TirgamesAssets/SchoolScene/Models/Interior/Sport/Textures/VolleyballNet01.png	221096
Assets/TirgamesAssets/SchoolScene/Models/Interior/Sport/Textures/VolleyballNet01Column.png	1517458
Assets/TirgamesAssets/SchoolScene/Models/Interior/Sport/Textures/VolleyballNet01Column_AO.png	435282
Assets/TirgamesAssets/SchoolScene/Models/Interior/Sport/Textures/VolleyballNet01Column_Metallic.png	988933
Assets/TirgamesAssets/SchoolScene/Models/Interior/Sport/Textures/VolleyballNet01Column_NM.png	2516433
Assets/TirgamesAssets/SchoolScene/Models/Interior/Sport/Textures/VolleyballNet01ColumnOld.png	1725926
Assets/TirgamesAssets/SchoolScene/Models/Interior/Sport/Textures/VolleyballNet01ColumnOld_Metallic.png	1231675
Assets/TirgamesAssets/SchoolScene/Models/Interior/Sport/Textures/VolleyballNet01ColumnOld_NM.png	2967564
Assets/TirgamesAssets/SchoolScene/Models/Interior/Sport/Textures/VolleyballNet01Old.png	1057886
Assets/TirgamesAssets/SchoolScene/Models/Interior/Sport/VolleyballNet01.FBX	115152
Assets/TirgamesAssets/SchoolScene/Models/Interior/Sport/VolleyballNet01Old.FBX	89168
Assets/TirgamesAssets/SchoolScene/Models/Interior/Tables/Materials/Table_corner1_border.mat	3971
Assets/TirgamesAssets/SchoolScene/Models/Interior/Tables/Materials/Table_corner1_left.mat	3913
Assets/TirgamesAssets/SchoolScene/Models/Interior/Tables/Materials/Table_corner1_top.mat	3913
Assets/TirgamesAssets/SchoolScene/Models/Interior/Tables/Materials/TableOffice1dark.mat	3911
Assets/TirgamesAssets/SchoolScene/Models/Interior/Tables/Materials/TableOffice1kr.mat	3964
Assets/TirgamesAssets/SchoolScene/Models/Interior/Tables/Materials/TableOffice1light.mat	3911
Assets/TirgamesAssets/SchoolScene/Models/Interior/Tables/Materials/TableOffice1ruch.mat	3909
Assets/TirgamesAssets/SchoolScene/Models/Interior/Tables/Materials/TableOffice1shelf.mat	3912
Assets/TirgamesAssets/SchoolScene/Models/Interior/Tables/Materials/TableOffice1st.mat	4012
Assets/TirgamesAssets/SchoolScene/Models/Interior/Tables/Prefabs/Table_corner1.prefab	8727
Assets/TirgamesAssets/SchoolScene/Models/Interior/Tables/Prefabs/Table_corner1Old.prefab	8739
Assets/TirgamesAssets/SchoolScene/Models/Interior/Tables/Prefabs/Table02.prefab	2659
Assets/TirgamesAssets/SchoolScene/Models/Interior/Tables/Prefabs/Table02Old.prefab	2648
Assets/TirgamesAssets/SchoolScene/Models/Interior/Tables/Prefabs/Table03.prefab	2714
Assets/TirgamesAssets/SchoolScene/Models/Interior/Tables/Prefabs/Table03Old.prefab	2717
Assets/TirgamesAssets/SchoolScene/Models/Interior/Tables/Prefabs/TableOffice1.prefab	16568
Assets/TirgamesAssets/SchoolScene/Models/Interior/Tables/Prefabs/TableOffice1Old.prefab	16571
Assets/TirgamesAssets/SchoolScene/Models/Interior/Tables/Prefabs/TableOffice2.prefab	2588
Assets/TirgamesAssets/SchoolScene/Models/Interior/Tables/Prefabs/TableOffice2Old.prefab	2610
Assets/TirgamesAssets/SchoolScene/Models/Interior/Tables/Prefabs/TableOffice3.prefab	2620
Assets/TirgamesAssets/SchoolScene/Models/Interior/Tables/Prefabs/TableOffice3Old.prefab	2634
Assets/TirgamesAssets/SchoolScene/Models/Interior/Tables/Prefabs/TableSchool01a.prefab	8352
Assets/TirgamesAssets/SchoolScene/Models/Interior/Tables/Prefabs/TableSchool01aOld.prefab	8355
Assets/TirgamesAssets/SchoolScene/Models/Interior/Tables/Prefabs/TableSchool01b.prefab	8354
Assets/TirgamesAssets/SchoolScene/Models/Interior/Tables/Prefabs/TableSchool03.prefab	8478
Assets/TirgamesAssets/SchoolScene/Models/Interior/Tables/Prefabs/TableSchool03Old.prefab	8484
Assets/TirgamesAssets/SchoolScene/Models/Interior/Tables/Prefabs/TableSchool04.prefab	6189
Assets/TirgamesAssets/SchoolScene/Models/Interior/Tables/Prefabs/TableSchool04Old.prefab	6192
Assets/TirgamesAssets/SchoolScene/Models/Interior/Tables/Prefabs/TableSchool05.prefab	5731
Assets/TirgamesAssets/SchoolScene/Models/Interior/Tables/Prefabs/TableSchool05Old.prefab	5735
Assets/TirgamesAssets/SchoolScene/Models/Interior/Tables/Prefabs/TableSimple01_01.prefab	5603
Assets/TirgamesAssets/SchoolScene/Models/Interior/Tables/Prefabs/TableSimple01_01Old.prefab	5623
Assets/TirgamesAssets/SchoolScene/Models/Interior/Tables/Table_corner1.FBX	41440
Assets/TirgamesAssets/SchoolScene/Models/Interior/Tables/Table02.FBX	23584
Assets/TirgamesAssets/SchoolScene/Models/Interior/Tables/Table03.FBX	40592
Assets/TirgamesAssets/SchoolScene/Models/Interior/Tables/TableOffice1.FBX	75584
Assets/TirgamesAssets/SchoolScene/Models/Interior/Tables/TableOffice2.FBX	49248
Assets/TirgamesAssets/SchoolScene/Models/Interior/Tables/TableOffice3.FBX	36944
Assets/TirgamesAssets/SchoolScene/Models/Interior/Tables/TableSchool01.FBX	80304
Assets/TirgamesAssets/SchoolScene/Models/Interior/Tables/TableSchool03.FBX	353600
Assets/TirgamesAssets/SchoolScene/Models/Interior/Tables/TableSchool04.FBX	37952
Assets/TirgamesAssets/SchoolScene/Models/Interior/Tables/TableSchool05.FBX	295872
Assets/TirgamesAssets/SchoolScene/Models/Interior/Tables/TableSimple01_01.FBX	31712
Assets/TirgamesAssets/SchoolScene/Models/Interior/Tables/TableSimple01_02.FBX	31712
Assets/TirgamesAssets/SchoolScene/Models/Interior/Tables/Textures/Table_corner1_border.png	48790
Assets/TirgamesAssets/SchoolScene/Models/Interior/Tables/Textures/Table_corner1_left.png	120510
Assets/TirgamesAssets/SchoolScene/Models/Interior/Tables/Textures/Table_corner1_top.png	187809
Assets/TirgamesAssets/SchoolScene/Models/Interior/Tables/Textures/TableOffice1dark.png	81743
Assets/TirgamesAssets/SchoolScene/Models/Interior/Tables/Textures/TableOffice1kr.png	14090
Assets/TirgamesAssets/SchoolScene/Models/Interior/Tables/Textures/TableOffice1light.png	77138
Assets/TirgamesAssets/SchoolScene/Models/Interior/Tables/Textures/TableOffice1ruch.png	4450
Assets/TirgamesAssets/SchoolScene/Models/Interior/Tables/Textures/TableOffice1shelf.png	154437
Assets/TirgamesAssets/SchoolScene/Models/Interior/Tables/Textures/TableOffice1st.png	11359
Assets/TirgamesAssets/SchoolScene/Models/Interior/Technics/Computer.FBX	24896
Assets/TirgamesAssets/SchoolScene/Models/Interior/Technics/Keyboard.FBX	23504
Assets/TirgamesAssets/SchoolScene/Models/Interior/Technics/Materials/Computer01.mat	3976
Assets/TirgamesAssets/SchoolScene/Models/Interior/Technics/Materials/Computer02.mat	3973
Assets/TirgamesAssets/SchoolScene/Models/Interior/Technics/Materials/Computer03.mat	3973
Assets/TirgamesAssets/SchoolScene/Models/Interior/Technics/Materials/Computer06.mat	3972
Assets/TirgamesAssets/SchoolScene/Models/Interior/Technics/Materials/Computer06Old.mat	4029
Assets/TirgamesAssets/SchoolScene/Models/Interior/Technics/Materials/Monitor01.mat	4066
Assets/TirgamesAssets/SchoolScene/Models/Interior/Technics/Materials/Monitor04.mat	4140
Assets/TirgamesAssets/SchoolScene/Models/Interior/Technics/Materials/Monitor04Old.mat	4198
Assets/TirgamesAssets/SchoolScene/Models/Interior/Technics/Materials/Notebook01.mat	3969
Assets/TirgamesAssets/SchoolScene/Models/Interior/Technics/Materials/Projector.mat	3971
Assets/TirgamesAssets/SchoolScene/Models/Interior/Technics/Materials/ProjectorOld.mat	4029
Assets/TirgamesAssets/SchoolScene/Models/Interior/Technics/Materials/Split01a.mat	3969
Assets/TirgamesAssets/SchoolScene/Models/Interior/Technics/Materials/Split01aOld.mat	4027
Assets/TirgamesAssets/SchoolScene/Models/Interior/Technics/Materials/Split01b.mat	3969
Assets/TirgamesAssets/SchoolScene/Models/Interior/Technics/Materials/Split01bOld.mat	4027
Assets/TirgamesAssets/SchoolScene/Models/Interior/Technics/Materials/Split01c.mat	3968
Assets/TirgamesAssets/SchoolScene/Models/Interior/Technics/Materials/Split01cOld.mat	4027
Assets/TirgamesAssets/SchoolScene/Models/Interior/Technics/Materials/SubBuffer02.mat	3975
Assets/TirgamesAssets/SchoolScene/Models/Interior/Technics/Materials/WaterBottle.mat	3937
Assets/TirgamesAssets/SchoolScene/Models/Interior/Technics/Materials/WaterCooler_b03.mat	3909
Assets/TirgamesAssets/SchoolScene/Models/Interior/Technics/Materials/WaterCooler_b03Old.mat	3966
Assets/TirgamesAssets/SchoolScene/Models/Interior/Technics/Monitor01.FBX	26464
Assets/TirgamesAssets/SchoolScene/Models/Interior/Technics/Monitor04.FBX	25120
Assets/TirgamesAssets/SchoolScene/Models/Interior/Technics/Mouse.FBX	30320
Assets/TirgamesAssets/SchoolScene/Models/Interior/Technics/Notebook.FBX	30176
Assets/TirgamesAssets/SchoolScene/Models/Interior/Technics/Prefabs/Computer03.prefab	2619
Assets/TirgamesAssets/SchoolScene/Models/Interior/Technics/Prefabs/Computer06.prefab	2621
Assets/TirgamesAssets/SchoolScene/Models/Interior/Technics/Prefabs/Computer06Old.prefab	2620
Assets/TirgamesAssets/SchoolScene/Models/Interior/Technics/Prefabs/Keyboard01.prefab	2645
Assets/TirgamesAssets/SchoolScene/Models/Interior/Technics/Prefabs/Keyboard05.prefab	2662
Assets/TirgamesAssets/SchoolScene/Models/Interior/Technics/Prefabs/Keyboard05Old.prefab	2668
Assets/TirgamesAssets/SchoolScene/Models/Interior/Technics/Prefabs/Monitor01.prefab	2639
Assets/TirgamesAssets/SchoolScene/Models/Interior/Technics/Prefabs/Monitor04.prefab	2644
Assets/TirgamesAssets/SchoolScene/Models/Interior/Technics/Prefabs/Monitor04Old.prefab	2675
Assets/TirgamesAssets/SchoolScene/Models/Interior/Technics/Prefabs/Mouse01.prefab	2652
Assets/TirgamesAssets/SchoolScene/Models/Interior/Technics/Prefabs/Mouse02.prefab	2651
Assets/TirgamesAssets/SchoolScene/Models/Interior/Technics/Prefabs/Notebook01.prefab	2707
Assets/TirgamesAssets/SchoolScene/Models/Interior/Technics/Prefabs/Projector_Suspension.prefab	2680
Assets/TirgamesAssets/SchoolScene/Models/Interior/Technics/Prefabs/Projector01.prefab	2655
Assets/TirgamesAssets/SchoolScene/Models/Interior/Technics/Prefabs/Projector01Old.prefab	2667
Assets/TirgamesAssets/SchoolScene/Models/Interior/Technics/Prefabs/Split01a.prefab	2624
Assets/TirgamesAssets/SchoolScene/Models/Interior/Technics/Prefabs/Split01aOld.prefab	2634
Assets/TirgamesAssets/SchoolScene/Models/Interior/Technics/Prefabs/Split01b.prefab	2627
Assets/TirgamesAssets/SchoolScene/Models/Interior/Technics/Prefabs/Split01bOld.prefab	2641
Assets/TirgamesAssets/SchoolScene/Models/Interior/Technics/Prefabs/Split01c.prefab	2630
Assets/TirgamesAssets/SchoolScene/Models/Interior/Technics/Prefabs/Split01cOld.prefab	2644
Assets/TirgamesAssets/SchoolScene/Models/Interior/Technics/Prefabs/SubBuffer02.prefab	2673
Assets/TirgamesAssets/SchoolScene/Models/Interior/Technics/Prefabs/WaterCooler_b03.prefab	6098
Assets/TirgamesAssets/SchoolScene/Models/Interior/Technics/Prefabs/WaterCooler_b03Old.prefab	6083
Assets/TirgamesAssets/SchoolScene/Models/Interior/Technics/Projector_Suspension.FBX	32080
Assets/TirgamesAssets/SchoolScene/Models/Interior/Technics/Projector01.FBX	32416
Assets/TirgamesAssets/SchoolScene/Models/Interior/Technics/Split01.FBX	29504
Assets/TirgamesAssets/SchoolScene/Models/Interior/Technics/SubBuffer02.FBX	38176
Assets/TirgamesAssets/SchoolScene/Models/Interior/Technics/Textures/Computer01.png	1424605
Assets/TirgamesAssets/SchoolScene/Models/Interior/Technics/Textures/Computer01nrm.png	756869
Assets/TirgamesAssets/SchoolScene/Models/Interior/Technics/Textures/Computer02.png	1505857
Assets/TirgamesAssets/SchoolScene/Models/Interior/Technics/Textures/Computer02nrm.png	652648
Assets/TirgamesAssets/SchoolScene/Models/Interior/Technics/Textures/Computer03.png	1034492
Assets/TirgamesAssets/SchoolScene/Models/Interior/Technics/Textures/Computer03nrm.png	785977
Assets/TirgamesAssets/SchoolScene/Models/Interior/Technics/Textures/Computer06.png	1045549
Assets/TirgamesAssets/SchoolScene/Models/Interior/Technics/Textures/Computer06nrm.png	618760
Assets/TirgamesAssets/SchoolScene/Models/Interior/Technics/Textures/Computer06Old.png	1605661
Assets/TirgamesAssets/SchoolScene/Models/Interior/Technics/Textures/Monitor01.png	1149888
Assets/TirgamesAssets/SchoolScene/Models/Interior/Technics/Textures/Monitor04.png	1199372
Assets/TirgamesAssets/SchoolScene/Models/Interior/Technics/Textures/Monitor04Old.png	6073707
Assets/TirgamesAssets/SchoolScene/Models/Interior/Technics/Textures/MonitorBignrm.png	1201869
Assets/TirgamesAssets/SchoolScene/Models/Interior/Technics/Textures/MonitorSpec.png	1044734
Assets/TirgamesAssets/SchoolScene/Models/Interior/Technics/Textures/Notebook01.png	3117785
Assets/TirgamesAssets/SchoolScene/Models/Interior/Technics/Textures/Notebook01nrm.png	1427965
Assets/TirgamesAssets/SchoolScene/Models/Interior/Technics/Textures/Projector.png	5130541
Assets/TirgamesAssets/SchoolScene/Models/Interior/Technics/Textures/Projector01NM.png	111991
Assets/TirgamesAssets/SchoolScene/Models/Interior/Technics/Textures/ProjectorOld.png	7955100
Assets/TirgamesAssets/SchoolScene/Models/Interior/Technics/Textures/Split01a.png	272319
Assets/TirgamesAssets/SchoolScene/Models/Interior/Technics/Textures/Split01aNM.png	21801
Assets/TirgamesAssets/SchoolScene/Models/Interior/Technics/Textures/Split01aOld.png	1576516
Assets/TirgamesAssets/SchoolScene/Models/Interior/Technics/Textures/Split01b.png	628602
Assets/TirgamesAssets/SchoolScene/Models/Interior/Technics/Textures/Split01bNM.png	81337
Assets/TirgamesAssets/SchoolScene/Models/Interior/Technics/Textures/Split01bOld.png	1687579
Assets/TirgamesAssets/SchoolScene/Models/Interior/Technics/Textures/Split01c.png	535970
Assets/TirgamesAssets/SchoolScene/Models/Interior/Technics/Textures/Split01cNM.png	104399
Assets/TirgamesAssets/SchoolScene/Models/Interior/Technics/Textures/Split01cOld.png	1663287
Assets/TirgamesAssets/SchoolScene/Models/Interior/Technics/Textures/SubBuffer02.png	1024007
Assets/TirgamesAssets/SchoolScene/Models/Interior/Technics/Textures/SubBuffer02NM.png	235751
Assets/TirgamesAssets/SchoolScene/Models/Interior/Technics/Textures/WaterCooler_b03.png	428311
Assets/TirgamesAssets/SchoolScene/Models/Interior/Technics/Textures/WaterCooler_b03Old.png	1458921
Assets/TirgamesAssets/SchoolScene/Models/Interior/Technics/WaterCooler_B.FBX	95696
Assets/TirgamesAssets/SchoolScene/PhysicsMaterials/PhyCeramic.physicMaterial	327
Assets/TirgamesAssets/SchoolScene/PhysicsMaterials/PhyConcrete.physicMaterial	328
Assets/TirgamesAssets/SchoolScene/PhysicsMaterials/PhyFabric.physicMaterial	326
Assets/TirgamesAssets/SchoolScene/PhysicsMaterials/PhyGlass.physicMaterial	325
Assets/TirgamesAssets/SchoolScene/PhysicsMaterials/PhyGrass.physicMaterial	325
Assets/TirgamesAssets/SchoolScene/PhysicsMaterials/PhyLeather.physicMaterial	327
Assets/TirgamesAssets/SchoolScene/PhysicsMaterials/PhyMetallSolid.physicMaterial	331
Assets/TirgamesAssets/SchoolScene/PhysicsMaterials/PhyPaper.physicMaterial	325
Assets/TirgamesAssets/SchoolScene/PhysicsMaterials/PhyPlastic.physicMaterial	327
Assets/TirgamesAssets/SchoolScene/PhysicsMaterials/PhyRubber.physicMaterial	326
Assets/TirgamesAssets/SchoolScene/PhysicsMaterials/PhyWood.physicMaterial	324
Assets/TirgamesAssets/SchoolScene/ReadMeSchoolScene.txt	802
Assets/TirgamesAssets/SchoolScene/Scenes/SchoolSceneAbandoned.unity	3939417
Assets/TirgamesAssets/SchoolScene/Scenes/SchoolSceneAbandoned/LightingData.asset	1160728
Assets/TirgamesAssets/SchoolScene/Scenes/SchoolSceneAbandoned/Lightmap-0_comp_dir.png	317517
Assets/TirgamesAssets/SchoolScene/Scenes/SchoolSceneAbandoned/Lightmap-0_comp_light.exr	1039261
Assets/TirgamesAssets/SchoolScene/Scenes/SchoolSceneAbandoned/Lightmap-1_comp_dir.png	247558
Assets/TirgamesAssets/SchoolScene/Scenes/SchoolSceneAbandoned/Lightmap-1_comp_light.exr	894033
Assets/TirgamesAssets/SchoolScene/Scenes/SchoolSceneAbandoned/Lightmap-10_comp_dir.png	94132
Assets/TirgamesAssets/SchoolScene/Scenes/SchoolSceneAbandoned/Lightmap-10_comp_light.exr	428553
Assets/TirgamesAssets/SchoolScene/Scenes/SchoolSceneAbandoned/Lightmap-11_comp_dir.png	25342
Assets/TirgamesAssets/SchoolScene/Scenes/SchoolSceneAbandoned/Lightmap-11_comp_light.exr	518261
Assets/TirgamesAssets/SchoolScene/Scenes/SchoolSceneAbandoned/Lightmap-12_comp_dir.png	10091
Assets/TirgamesAssets/SchoolScene/Scenes/SchoolSceneAbandoned/Lightmap-12_comp_light.exr	472593
Assets/TirgamesAssets/SchoolScene/Scenes/SchoolSceneAbandoned/Lightmap-13_comp_dir.png	34737
Assets/TirgamesAssets/SchoolScene/Scenes/SchoolSceneAbandoned/Lightmap-13_comp_light.exr	417163
Assets/TirgamesAssets/SchoolScene/Scenes/SchoolSceneAbandoned/Lightmap-14_comp_dir.png	112759
Assets/TirgamesAssets/SchoolScene/Scenes/SchoolSceneAbandoned/Lightmap-14_comp_light.exr	427085
Assets/TirgamesAssets/SchoolScene/Scenes/SchoolSceneAbandoned/Lightmap-15_comp_dir.png	167485
Assets/TirgamesAssets/SchoolScene/Scenes/SchoolSceneAbandoned/Lightmap-15_comp_light.exr	785208
Assets/TirgamesAssets/SchoolScene/Scenes/SchoolSceneAbandoned/Lightmap-16_comp_dir.png	121611
Assets/TirgamesAssets/SchoolScene/Scenes/SchoolSceneAbandoned/Lightmap-16_comp_light.exr	622813
Assets/TirgamesAssets/SchoolScene/Scenes/SchoolSceneAbandoned/Lightmap-2_comp_dir.png	301366
Assets/TirgamesAssets/SchoolScene/Scenes/SchoolSceneAbandoned/Lightmap-2_comp_light.exr	998827
Assets/TirgamesAssets/SchoolScene/Scenes/SchoolSceneAbandoned/Lightmap-3_comp_dir.png	159625
Assets/TirgamesAssets/SchoolScene/Scenes/SchoolSceneAbandoned/Lightmap-3_comp_light.exr	728539
Assets/TirgamesAssets/SchoolScene/Scenes/SchoolSceneAbandoned/Lightmap-4_comp_dir.png	211830
Assets/TirgamesAssets/SchoolScene/Scenes/SchoolSceneAbandoned/Lightmap-4_comp_light.exr	910074
Assets/TirgamesAssets/SchoolScene/Scenes/SchoolSceneAbandoned/Lightmap-5_comp_dir.png	193921
Assets/TirgamesAssets/SchoolScene/Scenes/SchoolSceneAbandoned/Lightmap-5_comp_light.exr	794911
Assets/TirgamesAssets/SchoolScene/Scenes/SchoolSceneAbandoned/Lightmap-6_comp_dir.png	229121
Assets/TirgamesAssets/SchoolScene/Scenes/SchoolSceneAbandoned/Lightmap-6_comp_light.exr	891337
Assets/TirgamesAssets/SchoolScene/Scenes/SchoolSceneAbandoned/Lightmap-7_comp_dir.png	202853
Assets/TirgamesAssets/SchoolScene/Scenes/SchoolSceneAbandoned/Lightmap-7_comp_light.exr	803701
Assets/TirgamesAssets/SchoolScene/Scenes/SchoolSceneAbandoned/Lightmap-8_comp_dir.png	223931
Assets/TirgamesAssets/SchoolScene/Scenes/SchoolSceneAbandoned/Lightmap-8_comp_light.exr	865374
Assets/TirgamesAssets/SchoolScene/Scenes/SchoolSceneAbandoned/Lightmap-9_comp_dir.png	194184
Assets/TirgamesAssets/SchoolScene/Scenes/SchoolSceneAbandoned/Lightmap-9_comp_light.exr	769206
Assets/TirgamesAssets/SchoolScene/Scenes/SchoolSceneAbandoned/OcclusionCullingData.asset	503776
Assets/TirgamesAssets/SchoolScene/Scenes/SchoolSceneAbandoned/ReflectionProbe-0.exr	351662
Assets/TirgamesAssets/SchoolScene/Scenes/SchoolSceneAbandoned/ReflectionProbe-1.exr	382462
Assets/TirgamesAssets/SchoolScene/Scenes/SchoolSceneAbandoned/ReflectionProbe-1.png	503862
Assets/TirgamesAssets/SchoolScene/Scenes/SchoolSceneAbandoned/ReflectionProbe-10.exr	126704
Assets/TirgamesAssets/SchoolScene/Scenes/SchoolSceneAbandoned/ReflectionProbe-11.exr	348416
Assets/TirgamesAssets/SchoolScene/Scenes/SchoolSceneAbandoned/ReflectionProbe-12.exr	367066
Assets/TirgamesAssets/SchoolScene/Scenes/SchoolSceneAbandoned/ReflectionProbe-13.exr	308237
Assets/TirgamesAssets/SchoolScene/Scenes/SchoolSceneAbandoned/ReflectionProbe-14.exr	350357
Assets/TirgamesAssets/SchoolScene/Scenes/SchoolSceneAbandoned/ReflectionProbe-15.exr	356699
Assets/TirgamesAssets/SchoolScene/Scenes/SchoolSceneAbandoned/ReflectionProbe-16.exr	354462
Assets/TirgamesAssets/SchoolScene/Scenes/SchoolSceneAbandoned/ReflectionProbe-17.exr	331809
Assets/TirgamesAssets/SchoolScene/Scenes/SchoolSceneAbandoned/ReflectionProbe-18.exr	134557
Assets/TirgamesAssets/SchoolScene/Scenes/SchoolSceneAbandoned/ReflectionProbe-19.exr	326072
Assets/TirgamesAssets/SchoolScene/Scenes/SchoolSceneAbandoned/ReflectionProbe-2.exr	153848
Assets/TirgamesAssets/SchoolScene/Scenes/SchoolSceneAbandoned/ReflectionProbe-20.exr	351954
Assets/TirgamesAssets/SchoolScene/Scenes/SchoolSceneAbandoned/ReflectionProbe-21.exr	355102
Assets/TirgamesAssets/SchoolScene/Scenes/SchoolSceneAbandoned/ReflectionProbe-22.exr	370457
Assets/TirgamesAssets/SchoolScene/Scenes/SchoolSceneAbandoned/ReflectionProbe-23.exr	331388
Assets/TirgamesAssets/SchoolScene/Scenes/SchoolSceneAbandoned/ReflectionProbe-24.exr	351315
Assets/TirgamesAssets/SchoolScene/Scenes/SchoolSceneAbandoned/ReflectionProbe-25.exr	384993
Assets/TirgamesAssets/SchoolScene/Scenes/SchoolSceneAbandoned/ReflectionProbe-26.exr	326129
Assets/TirgamesAssets/SchoolScene/Scenes/SchoolSceneAbandoned/ReflectionProbe-27.exr	333695
Assets/TirgamesAssets/SchoolScene/Scenes/SchoolSceneAbandoned/ReflectionProbe-28.exr	398584
Assets/TirgamesAssets/SchoolScene/Scenes/SchoolSceneAbandoned/ReflectionProbe-29.exr	350570
Assets/TirgamesAssets/SchoolScene/Scenes/SchoolSceneAbandoned/ReflectionProbe-3.exr	108162
Assets/TirgamesAssets/SchoolScene/Scenes/SchoolSceneAbandoned/ReflectionProbe-30.exr	327538
Assets/TirgamesAssets/SchoolScene/Scenes/SchoolSceneAbandoned/ReflectionProbe-31.exr	345703
Assets/TirgamesAssets/SchoolScene/Scenes/SchoolSceneAbandoned/ReflectionProbe-32.exr	350879
Assets/TirgamesAssets/SchoolScene/Scenes/SchoolSceneAbandoned/ReflectionProbe-33.exr	404630
Assets/TirgamesAssets/SchoolScene/Scenes/SchoolSceneAbandoned/ReflectionProbe-33.png	518917
Assets/TirgamesAssets/SchoolScene/Scenes/SchoolSceneAbandoned/ReflectionProbe-34.exr	401842
Assets/TirgamesAssets/SchoolScene/Scenes/SchoolSceneAbandoned/ReflectionProbe-35.exr	334957
Assets/TirgamesAssets/SchoolScene/Scenes/SchoolSceneAbandoned/ReflectionProbe-36.exr	332093
Assets/TirgamesAssets/SchoolScene/Scenes/SchoolSceneAbandoned/ReflectionProbe-37.exr	330582
Assets/TirgamesAssets/SchoolScene/Scenes/SchoolSceneAbandoned/ReflectionProbe-38.exr	327316
Assets/TirgamesAssets/SchoolScene/Scenes/SchoolSceneAbandoned/ReflectionProbe-39.exr	336208
Assets/TirgamesAssets/SchoolScene/Scenes/SchoolSceneAbandoned/ReflectionProbe-4.exr	327603
Assets/TirgamesAssets/SchoolScene/Scenes/SchoolSceneAbandoned/ReflectionProbe-40.exr	375400
Assets/TirgamesAssets/SchoolScene/Scenes/SchoolSceneAbandoned/ReflectionProbe-41.exr	111537
Assets/TirgamesAssets/SchoolScene/Scenes/SchoolSceneAbandoned/ReflectionProbe-42.exr	402745
Assets/TirgamesAssets/SchoolScene/Scenes/SchoolSceneAbandoned/ReflectionProbe-43.exr	325745
Assets/TirgamesAssets/SchoolScene/Scenes/SchoolSceneAbandoned/ReflectionProbe-44.exr	343202
Assets/TirgamesAssets/SchoolScene/Scenes/SchoolSceneAbandoned/ReflectionProbe-45.exr	366367
Assets/TirgamesAssets/SchoolScene/Scenes/SchoolSceneAbandoned/ReflectionProbe-46.exr	132061
Assets/TirgamesAssets/SchoolScene/Scenes/SchoolSceneAbandoned/ReflectionProbe-47.exr	345789
Assets/TirgamesAssets/SchoolScene/Scenes/SchoolSceneAbandoned/ReflectionProbe-48.exr	298152
Assets/TirgamesAssets/SchoolScene/Scenes/SchoolSceneAbandoned/ReflectionProbe-49.exr	128589
Assets/TirgamesAssets/SchoolScene/Scenes/SchoolSceneAbandoned/ReflectionProbe-5.exr	333268
Assets/TirgamesAssets/SchoolScene/Scenes/SchoolSceneAbandoned/ReflectionProbe-50.exr	385172
Assets/TirgamesAssets/SchoolScene/Scenes/SchoolSceneAbandoned/ReflectionProbe-51.exr	325128
Assets/TirgamesAssets/SchoolScene/Scenes/SchoolSceneAbandoned/ReflectionProbe-52.exr	332742
Assets/TirgamesAssets/SchoolScene/Scenes/SchoolSceneAbandoned/ReflectionProbe-53.exr	326067
Assets/TirgamesAssets/SchoolScene/Scenes/SchoolSceneAbandoned/ReflectionProbe-54.exr	183405
Assets/TirgamesAssets/SchoolScene/Scenes/SchoolSceneAbandoned/ReflectionProbe-55.exr	326788
Assets/TirgamesAssets/SchoolScene/Scenes/SchoolSceneAbandoned/ReflectionProbe-56.exr	345848
Assets/TirgamesAssets/SchoolScene/Scenes/SchoolSceneAbandoned/ReflectionProbe-57.exr	340924
Assets/TirgamesAssets/SchoolScene/Scenes/SchoolSceneAbandoned/ReflectionProbe-58.exr	349315
Assets/TirgamesAssets/SchoolScene/Scenes/SchoolSceneAbandoned/ReflectionProbe-59.exr	333047
Assets/TirgamesAssets/SchoolScene/Scenes/SchoolSceneAbandoned/ReflectionProbe-6.exr	331691
Assets/TirgamesAssets/SchoolScene/Scenes/SchoolSceneAbandoned/ReflectionProbe-60.exr	145160
Assets/TirgamesAssets/SchoolScene/Scenes/SchoolSceneAbandoned/ReflectionProbe-61.exr	324794
Assets/TirgamesAssets/SchoolScene/Scenes/SchoolSceneAbandoned/ReflectionProbe-62.exr	329004
Assets/TirgamesAssets/SchoolScene/Scenes/SchoolSceneAbandoned/ReflectionProbe-63.exr	348358
Assets/TirgamesAssets/SchoolScene/Scenes/SchoolSceneAbandoned/ReflectionProbe-64.exr	183883
Assets/TirgamesAssets/SchoolScene/Scenes/SchoolSceneAbandoned/ReflectionProbe-65.exr	348061
Assets/TirgamesAssets/SchoolScene/Scenes/SchoolSceneAbandoned/ReflectionProbe-66.exr	353491
Assets/TirgamesAssets/SchoolScene/Scenes/SchoolSceneAbandoned/ReflectionProbe-67.exr	356814
Assets/TirgamesAssets/SchoolScene/Scenes/SchoolSceneAbandoned/ReflectionProbe-68.exr	350305
Assets/TirgamesAssets/SchoolScene/Scenes/SchoolSceneAbandoned/ReflectionProbe-69.exr	355287
Assets/TirgamesAssets/SchoolScene/Scenes/SchoolSceneAbandoned/ReflectionProbe-7.exr	328969
Assets/TirgamesAssets/SchoolScene/Scenes/SchoolSceneAbandoned/ReflectionProbe-70.exr	326213
Assets/TirgamesAssets/SchoolScene/Scenes/SchoolSceneAbandoned/ReflectionProbe-71.exr	326478
Assets/TirgamesAssets/SchoolScene/Scenes/SchoolSceneAbandoned/ReflectionProbe-72.exr	354964
Assets/TirgamesAssets/SchoolScene/Scenes/SchoolSceneAbandoned/ReflectionProbe-73.exr	355377
Assets/TirgamesAssets/SchoolScene/Scenes/SchoolSceneAbandoned/ReflectionProbe-74.exr	358659
Assets/TirgamesAssets/SchoolScene/Scenes/SchoolSceneAbandoned/ReflectionProbe-75.exr	376839
Assets/TirgamesAssets/SchoolScene/Scenes/SchoolSceneAbandoned/ReflectionProbe-76.exr	357502
Assets/TirgamesAssets/SchoolScene/Scenes/SchoolSceneAbandoned/ReflectionProbe-77.exr	344943
Assets/TirgamesAssets/SchoolScene/Scenes/SchoolSceneAbandoned/ReflectionProbe-78.exr	353710
Assets/TirgamesAssets/SchoolScene/Scenes/SchoolSceneAbandoned/ReflectionProbe-79.exr	357275
Assets/TirgamesAssets/SchoolScene/Scenes/SchoolSceneAbandoned/ReflectionProbe-8.exr	370766
Assets/TirgamesAssets/SchoolScene/Scenes/SchoolSceneAbandoned/ReflectionProbe-80.exr	356409
Assets/TirgamesAssets/SchoolScene/Scenes/SchoolSceneAbandoned/ReflectionProbe-81.exr	333071
Assets/TirgamesAssets/SchoolScene/Scenes/SchoolSceneAbandoned/ReflectionProbe-82.exr	185541
Assets/TirgamesAssets/SchoolScene/Scenes/SchoolSceneAbandoned/ReflectionProbe-9.exr	367637
Assets/TirgamesAssets/SchoolScene/Scenes/SchoolSceneAbandoned_Profiles/PostProcessingVolume Profile.asset	23053
Assets/TirgamesAssets/SchoolScene/Scenes/SchoolSceneAbandonedSettings.lighting	1994
Assets/TirgamesAssets/SchoolScene/Scenes/SchoolSceneAssets/SchoolTerrain.asset	4161600
Assets/TirgamesAssets/SchoolScene/Scenes/SchoolSceneAssets/SchoolTerrainAbandoned.asset	3998572
Assets/TirgamesAssets/SchoolScene/Scenes/SchoolSceneAssets/SchoolTerrainMobile.asset	3872232
Assets/TirgamesAssets/SchoolScene/Scenes/SchoolSceneDay.unity	4492008
Assets/TirgamesAssets/SchoolScene/Scenes/SchoolSceneDay/LightingData.asset	1048916
Assets/TirgamesAssets/SchoolScene/Scenes/SchoolSceneDay/Lightmap-0_comp_dir.png	735668
Assets/TirgamesAssets/SchoolScene/Scenes/SchoolSceneDay/Lightmap-0_comp_light.exr	2427065
Assets/TirgamesAssets/SchoolScene/Scenes/SchoolSceneDay/Lightmap-1_comp_dir.png	668400
Assets/TirgamesAssets/SchoolScene/Scenes/SchoolSceneDay/Lightmap-1_comp_light.exr	2377434
Assets/TirgamesAssets/SchoolScene/Scenes/SchoolSceneDay/Lightmap-10_comp_dir.png	384911
Assets/TirgamesAssets/SchoolScene/Scenes/SchoolSceneDay/Lightmap-10_comp_light.exr	1451964
Assets/TirgamesAssets/SchoolScene/Scenes/SchoolSceneDay/Lightmap-11_comp_dir.png	635029
Assets/TirgamesAssets/SchoolScene/Scenes/SchoolSceneDay/Lightmap-11_comp_light.exr	2464183
Assets/TirgamesAssets/SchoolScene/Scenes/SchoolSceneDay/Lightmap-12_comp_dir.png	578898
Assets/TirgamesAssets/SchoolScene/Scenes/SchoolSceneDay/Lightmap-12_comp_light.exr	2133853
Assets/TirgamesAssets/SchoolScene/Scenes/SchoolSceneDay/Lightmap-13_comp_dir.png	751704
Assets/TirgamesAssets/SchoolScene/Scenes/SchoolSceneDay/Lightmap-13_comp_light.exr	2636194
Assets/TirgamesAssets/SchoolScene/Scenes/SchoolSceneDay/Lightmap-14_comp_dir.png	353239
Assets/TirgamesAssets/SchoolScene/Scenes/SchoolSceneDay/Lightmap-14_comp_light.exr	1084241
Assets/TirgamesAssets/SchoolScene/Scenes/SchoolSceneDay/Lightmap-15_comp_dir.png	111576
Assets/TirgamesAssets/SchoolScene/Scenes/SchoolSceneDay/Lightmap-15_comp_light.exr	776408
Assets/TirgamesAssets/SchoolScene/Scenes/SchoolSceneDay/Lightmap-16_comp_dir.png	47999
Assets/TirgamesAssets/SchoolScene/Scenes/SchoolSceneDay/Lightmap-16_comp_light.exr	410864
Assets/TirgamesAssets/SchoolScene/Scenes/SchoolSceneDay/Lightmap-17_comp_dir.png	133374
Assets/TirgamesAssets/SchoolScene/Scenes/SchoolSceneDay/Lightmap-17_comp_light.exr	741076
Assets/TirgamesAssets/SchoolScene/Scenes/SchoolSceneDay/Lightmap-18_comp_dir.png	256956
Assets/TirgamesAssets/SchoolScene/Scenes/SchoolSceneDay/Lightmap-18_comp_light.exr	789640
Assets/TirgamesAssets/SchoolScene/Scenes/SchoolSceneDay/Lightmap-2_comp_dir.png	607531
Assets/TirgamesAssets/SchoolScene/Scenes/SchoolSceneDay/Lightmap-2_comp_light.exr	2217182
Assets/TirgamesAssets/SchoolScene/Scenes/SchoolSceneDay/Lightmap-3_comp_dir.png	455261
Assets/TirgamesAssets/SchoolScene/Scenes/SchoolSceneDay/Lightmap-3_comp_light.exr	1687528
Assets/TirgamesAssets/SchoolScene/Scenes/SchoolSceneDay/Lightmap-4_comp_dir.png	520016
Assets/TirgamesAssets/SchoolScene/Scenes/SchoolSceneDay/Lightmap-4_comp_light.exr	1990237
Assets/TirgamesAssets/SchoolScene/Scenes/SchoolSceneDay/Lightmap-5_comp_dir.png	668285
Assets/TirgamesAssets/SchoolScene/Scenes/SchoolSceneDay/Lightmap-5_comp_light.exr	2392458
Assets/TirgamesAssets/SchoolScene/Scenes/SchoolSceneDay/Lightmap-6_comp_dir.png	614440
Assets/TirgamesAssets/SchoolScene/Scenes/SchoolSceneDay/Lightmap-6_comp_light.exr	2291183
Assets/TirgamesAssets/SchoolScene/Scenes/SchoolSceneDay/Lightmap-7_comp_dir.png	693709
Assets/TirgamesAssets/SchoolScene/Scenes/SchoolSceneDay/Lightmap-7_comp_light.exr	2526525
Assets/TirgamesAssets/SchoolScene/Scenes/SchoolSceneDay/Lightmap-8_comp_dir.png	548266
Assets/TirgamesAssets/SchoolScene/Scenes/SchoolSceneDay/Lightmap-8_comp_light.exr	2076435
Assets/TirgamesAssets/SchoolScene/Scenes/SchoolSceneDay/Lightmap-9_comp_dir.png	545891
Assets/TirgamesAssets/SchoolScene/Scenes/SchoolSceneDay/Lightmap-9_comp_light.exr	2074717
Assets/TirgamesAssets/SchoolScene/Scenes/SchoolSceneDay/ReflectionProbe-0.exr	274448
Assets/TirgamesAssets/SchoolScene/Scenes/SchoolSceneDay/ReflectionProbe-1.exr	290968
Assets/TirgamesAssets/SchoolScene/Scenes/SchoolSceneDay/ReflectionProbe-1.png	484973
Assets/TirgamesAssets/SchoolScene/Scenes/SchoolSceneDay/ReflectionProbe-10.exr	292316
Assets/TirgamesAssets/SchoolScene/Scenes/SchoolSceneDay/ReflectionProbe-11.exr	261946
Assets/TirgamesAssets/SchoolScene/Scenes/SchoolSceneDay/ReflectionProbe-12.exr	298228
Assets/TirgamesAssets/SchoolScene/Scenes/SchoolSceneDay/ReflectionProbe-13.exr	267000
Assets/TirgamesAssets/SchoolScene/Scenes/SchoolSceneDay/ReflectionProbe-14.exr	285889
Assets/TirgamesAssets/SchoolScene/Scenes/SchoolSceneDay/ReflectionProbe-15.exr	324902
Assets/TirgamesAssets/SchoolScene/Scenes/SchoolSceneDay/ReflectionProbe-16.exr	284238
Assets/TirgamesAssets/SchoolScene/Scenes/SchoolSceneDay/ReflectionProbe-17.exr	326399
Assets/TirgamesAssets/SchoolScene/Scenes/SchoolSceneDay/ReflectionProbe-18.exr	291025
Assets/TirgamesAssets/SchoolScene/Scenes/SchoolSceneDay/ReflectionProbe-19.exr	300971
Assets/TirgamesAssets/SchoolScene/Scenes/SchoolSceneDay/ReflectionProbe-2.exr	269922
Assets/TirgamesAssets/SchoolScene/Scenes/SchoolSceneDay/ReflectionProbe-20.exr	259031
Assets/TirgamesAssets/SchoolScene/Scenes/SchoolSceneDay/ReflectionProbe-21.exr	303314
Assets/TirgamesAssets/SchoolScene/Scenes/SchoolSceneDay/ReflectionProbe-22.exr	272946
Assets/TirgamesAssets/SchoolScene/Scenes/SchoolSceneDay/ReflectionProbe-23.exr	289629
Assets/TirgamesAssets/SchoolScene/Scenes/SchoolSceneDay/ReflectionProbe-24.exr	316864
Assets/TirgamesAssets/SchoolScene/Scenes/SchoolSceneDay/ReflectionProbe-25.exr	360239
Assets/TirgamesAssets/SchoolScene/Scenes/SchoolSceneDay/ReflectionProbe-26.exr	394605
Assets/TirgamesAssets/SchoolScene/Scenes/SchoolSceneDay/ReflectionProbe-27.exr	280290
Assets/TirgamesAssets/SchoolScene/Scenes/SchoolSceneDay/ReflectionProbe-28.exr	282383
Assets/TirgamesAssets/SchoolScene/Scenes/SchoolSceneDay/ReflectionProbe-29.exr	286424
Assets/TirgamesAssets/SchoolScene/Scenes/SchoolSceneDay/ReflectionProbe-3.exr	287773
Assets/TirgamesAssets/SchoolScene/Scenes/SchoolSceneDay/ReflectionProbe-30.exr	301798
Assets/TirgamesAssets/SchoolScene/Scenes/SchoolSceneDay/ReflectionProbe-30.png	508576
Assets/TirgamesAssets/SchoolScene/Scenes/SchoolSceneDay/ReflectionProbe-31.exr	397486
Assets/TirgamesAssets/SchoolScene/Scenes/SchoolSceneDay/ReflectionProbe-32.exr	295803
Assets/TirgamesAssets/SchoolScene/Scenes/SchoolSceneDay/ReflectionProbe-33.exr	296408
Assets/TirgamesAssets/SchoolScene/Scenes/SchoolSceneDay/ReflectionProbe-34.exr	265214
Assets/TirgamesAssets/SchoolScene/Scenes/SchoolSceneDay/ReflectionProbe-35.exr	264097
Assets/TirgamesAssets/SchoolScene/Scenes/SchoolSceneDay/ReflectionProbe-36.exr	348748
Assets/TirgamesAssets/SchoolScene/Scenes/SchoolSceneDay/ReflectionProbe-37.exr	295990
Assets/TirgamesAssets/SchoolScene/Scenes/SchoolSceneDay/ReflectionProbe-38.exr	284310
Assets/TirgamesAssets/SchoolScene/Scenes/SchoolSceneDay/ReflectionProbe-39.exr	313999
Assets/TirgamesAssets/SchoolScene/Scenes/SchoolSceneDay/ReflectionProbe-4.exr	283537
Assets/TirgamesAssets/SchoolScene/Scenes/SchoolSceneDay/ReflectionProbe-40.exr	291517
Assets/TirgamesAssets/SchoolScene/Scenes/SchoolSceneDay/ReflectionProbe-41.exr	288337
Assets/TirgamesAssets/SchoolScene/Scenes/SchoolSceneDay/ReflectionProbe-42.exr	282797
Assets/TirgamesAssets/SchoolScene/Scenes/SchoolSceneDay/ReflectionProbe-43.exr	311636
Assets/TirgamesAssets/SchoolScene/Scenes/SchoolSceneDay/ReflectionProbe-44.exr	290888
Assets/TirgamesAssets/SchoolScene/Scenes/SchoolSceneDay/ReflectionProbe-45.exr	291006
Assets/TirgamesAssets/SchoolScene/Scenes/SchoolSceneDay/ReflectionProbe-46.exr	296239
Assets/TirgamesAssets/SchoolScene/Scenes/SchoolSceneDay/ReflectionProbe-47.exr	300849
Assets/TirgamesAssets/SchoolScene/Scenes/SchoolSceneDay/ReflectionProbe-48.exr	290136
Assets/TirgamesAssets/SchoolScene/Scenes/SchoolSceneDay/ReflectionProbe-49.exr	285834
Assets/TirgamesAssets/SchoolScene/Scenes/SchoolSceneDay/ReflectionProbe-5.exr	260814
Assets/TirgamesAssets/SchoolScene/Scenes/SchoolSceneDay/ReflectionProbe-50.exr	286265
Assets/TirgamesAssets/SchoolScene/Scenes/SchoolSceneDay/ReflectionProbe-51.exr	273660
Assets/TirgamesAssets/SchoolScene/Scenes/SchoolSceneDay/ReflectionProbe-52.exr	284329
Assets/TirgamesAssets/SchoolScene/Scenes/SchoolSceneDay/ReflectionProbe-53.exr	293003
Assets/TirgamesAssets/SchoolScene/Scenes/SchoolSceneDay/ReflectionProbe-54.exr	327306
Assets/TirgamesAssets/SchoolScene/Scenes/SchoolSceneDay/ReflectionProbe-55.exr	292660
Assets/TirgamesAssets/SchoolScene/Scenes/SchoolSceneDay/ReflectionProbe-56.exr	298799
Assets/TirgamesAssets/SchoolScene/Scenes/SchoolSceneDay/ReflectionProbe-57.exr	290409
Assets/TirgamesAssets/SchoolScene/Scenes/SchoolSceneDay/ReflectionProbe-58.exr	286650
Assets/TirgamesAssets/SchoolScene/Scenes/SchoolSceneDay/ReflectionProbe-59.exr	320246
Assets/TirgamesAssets/SchoolScene/Scenes/SchoolSceneDay/ReflectionProbe-6.exr	289500
Assets/TirgamesAssets/SchoolScene/Scenes/SchoolSceneDay/ReflectionProbe-60.exr	248048
Assets/TirgamesAssets/SchoolScene/Scenes/SchoolSceneDay/ReflectionProbe-61.exr	326049
Assets/TirgamesAssets/SchoolScene/Scenes/SchoolSceneDay/ReflectionProbe-62.exr	283907
Assets/TirgamesAssets/SchoolScene/Scenes/SchoolSceneDay/ReflectionProbe-63.exr	279341
Assets/TirgamesAssets/SchoolScene/Scenes/SchoolSceneDay/ReflectionProbe-64.exr	335298
Assets/TirgamesAssets/SchoolScene/Scenes/SchoolSceneDay/ReflectionProbe-65.exr	319668
Assets/TirgamesAssets/SchoolScene/Scenes/SchoolSceneDay/ReflectionProbe-66.exr	327367
Assets/TirgamesAssets/SchoolScene/Scenes/SchoolSceneDay/ReflectionProbe-67.exr	287804
Assets/TirgamesAssets/SchoolScene/Scenes/SchoolSceneDay/ReflectionProbe-68.exr	305474
Assets/TirgamesAssets/SchoolScene/Scenes/SchoolSceneDay/ReflectionProbe-69.exr	294610
Assets/TirgamesAssets/SchoolScene/Scenes/SchoolSceneDay/ReflectionProbe-7.exr	264521
Assets/TirgamesAssets/SchoolScene/Scenes/SchoolSceneDay/ReflectionProbe-70.exr	316921
Assets/TirgamesAssets/SchoolScene/Scenes/SchoolSceneDay/ReflectionProbe-71.exr	319540
Assets/TirgamesAssets/SchoolScene/Scenes/SchoolSceneDay/ReflectionProbe-72.exr	291865
Assets/TirgamesAssets/SchoolScene/Scenes/SchoolSceneDay/ReflectionProbe-73.exr	301021
Assets/TirgamesAssets/SchoolScene/Scenes/SchoolSceneDay/ReflectionProbe-74.exr	280674
Assets/TirgamesAssets/SchoolScene/Scenes/SchoolSceneDay/ReflectionProbe-75.exr	291150
Assets/TirgamesAssets/SchoolScene/Scenes/SchoolSceneDay/ReflectionProbe-76.exr	292138
Assets/TirgamesAssets/SchoolScene/Scenes/SchoolSceneDay/ReflectionProbe-77.exr	296164
Assets/TirgamesAssets/SchoolScene/Scenes/SchoolSceneDay/ReflectionProbe-78.exr	278945
Assets/TirgamesAssets/SchoolScene/Scenes/SchoolSceneDay/ReflectionProbe-79.exr	292084
Assets/TirgamesAssets/SchoolScene/Scenes/SchoolSceneDay/ReflectionProbe-8.exr	293859
Assets/TirgamesAssets/SchoolScene/Scenes/SchoolSceneDay/ReflectionProbe-80.exr	281204
Assets/TirgamesAssets/SchoolScene/Scenes/SchoolSceneDay/ReflectionProbe-81.exr	341026
Assets/TirgamesAssets/SchoolScene/Scenes/SchoolSceneDay/ReflectionProbe-82.exr	284228
Assets/TirgamesAssets/SchoolScene/Scenes/SchoolSceneDay/ReflectionProbe-83.exr	149080
Assets/TirgamesAssets/SchoolScene/Scenes/SchoolSceneDay/ReflectionProbe-9.exr	285357
Assets/TirgamesAssets/SchoolScene/Scenes/SchoolSceneDay_Profiles/PostProcessVolume Profile.asset	24088
Assets/TirgamesAssets/SchoolScene/Scenes/SchoolSceneDayMobile.unity	4610902
Assets/TirgamesAssets/SchoolScene/Scenes/SchoolSceneDayMobile/LightingData.asset	1049100
Assets/TirgamesAssets/SchoolScene/Scenes/SchoolSceneDayMobile/Lightmap-0_comp_light.exr	3788302
Assets/TirgamesAssets/SchoolScene/Scenes/SchoolSceneDayMobile/Lightmap-1_comp_light.exr	3370943
Assets/TirgamesAssets/SchoolScene/Scenes/SchoolSceneDayMobile/Lightmap-2_comp_light.exr	3132508
Assets/TirgamesAssets/SchoolScene/Scenes/SchoolSceneDayMobile/Lightmap-3_comp_light.exr	2244056
Assets/TirgamesAssets/SchoolScene/Scenes/SchoolSceneDayMobile/Lightmap-4_comp_light.exr	3043600
Assets/TirgamesAssets/SchoolScene/Scenes/SchoolSceneDayMobile/Lightmap-5_comp_light.exr	3248825
Assets/TirgamesAssets/SchoolScene/Scenes/SchoolSceneDayMobile/Lightmap-6_comp_light.exr	2778260
Assets/TirgamesAssets/SchoolScene/Scenes/SchoolSceneDayMobile/Lightmap-7_comp_light.exr	3011356
Assets/TirgamesAssets/SchoolScene/Scenes/SchoolSceneDayMobile/Lightmap-8_comp_light.exr	2252399
Assets/TirgamesAssets/SchoolScene/Scenes/SchoolSceneDayMobile/Lightmap-9_comp_light.exr	1776884
Assets/TirgamesAssets/SchoolScene/Scenes/SchoolSceneDayMobile/OcclusionCullingData.asset	1008155
Assets/TirgamesAssets/SchoolScene/Scenes/SchoolSceneDayMobile/ReflectionProbe-0.exr	80194
Assets/TirgamesAssets/SchoolScene/Scenes/SchoolSceneDayMobile/ReflectionProbe-1.exr	84969
Assets/TirgamesAssets/SchoolScene/Scenes/SchoolSceneDayMobile/ReflectionProbe-10.exr	84202
Assets/TirgamesAssets/SchoolScene/Scenes/SchoolSceneDayMobile/ReflectionProbe-11.exr	80382
Assets/TirgamesAssets/SchoolScene/Scenes/SchoolSceneDayMobile/ReflectionProbe-12.exr	84434
Assets/TirgamesAssets/SchoolScene/Scenes/SchoolSceneDayMobile/ReflectionProbe-13.exr	73495
Assets/TirgamesAssets/SchoolScene/Scenes/SchoolSceneDayMobile/ReflectionProbe-14.exr	78541
Assets/TirgamesAssets/SchoolScene/Scenes/SchoolSceneDayMobile/ReflectionProbe-15.exr	84497
Assets/TirgamesAssets/SchoolScene/Scenes/SchoolSceneDayMobile/ReflectionProbe-16.exr	81254
Assets/TirgamesAssets/SchoolScene/Scenes/SchoolSceneDayMobile/ReflectionProbe-17.exr	92214
Assets/TirgamesAssets/SchoolScene/Scenes/SchoolSceneDayMobile/ReflectionProbe-18.exr	79377
Assets/TirgamesAssets/SchoolScene/Scenes/SchoolSceneDayMobile/ReflectionProbe-19.exr	86322
Assets/TirgamesAssets/SchoolScene/Scenes/SchoolSceneDayMobile/ReflectionProbe-2.exr	78763
Assets/TirgamesAssets/SchoolScene/Scenes/SchoolSceneDayMobile/ReflectionProbe-20.exr	77701
Assets/TirgamesAssets/SchoolScene/Scenes/SchoolSceneDayMobile/ReflectionProbe-21.exr	86577
Assets/TirgamesAssets/SchoolScene/Scenes/SchoolSceneDayMobile/ReflectionProbe-22.exr	77599
Assets/TirgamesAssets/SchoolScene/Scenes/SchoolSceneDayMobile/ReflectionProbe-23.exr	79574
Assets/TirgamesAssets/SchoolScene/Scenes/SchoolSceneDayMobile/ReflectionProbe-24.exr	87157
Assets/TirgamesAssets/SchoolScene/Scenes/SchoolSceneDayMobile/ReflectionProbe-25.exr	93616
Assets/TirgamesAssets/SchoolScene/Scenes/SchoolSceneDayMobile/ReflectionProbe-26.exr	94809
Assets/TirgamesAssets/SchoolScene/Scenes/SchoolSceneDayMobile/ReflectionProbe-27.exr	79556
Assets/TirgamesAssets/SchoolScene/Scenes/SchoolSceneDayMobile/ReflectionProbe-28.exr	79197
Assets/TirgamesAssets/SchoolScene/Scenes/SchoolSceneDayMobile/ReflectionProbe-29.exr	77795
Assets/TirgamesAssets/SchoolScene/Scenes/SchoolSceneDayMobile/ReflectionProbe-3.exr	77812
Assets/TirgamesAssets/SchoolScene/Scenes/SchoolSceneDayMobile/ReflectionProbe-30.png	131323
Assets/TirgamesAssets/SchoolScene/Scenes/SchoolSceneDayMobile/ReflectionProbe-31.exr	98575
Assets/TirgamesAssets/SchoolScene/Scenes/SchoolSceneDayMobile/ReflectionProbe-32.exr	79296
Assets/TirgamesAssets/SchoolScene/Scenes/SchoolSceneDayMobile/ReflectionProbe-33.exr	81368
Assets/TirgamesAssets/SchoolScene/Scenes/SchoolSceneDayMobile/ReflectionProbe-34.exr	71651
Assets/TirgamesAssets/SchoolScene/Scenes/SchoolSceneDayMobile/ReflectionProbe-35.exr	73538
Assets/TirgamesAssets/SchoolScene/Scenes/SchoolSceneDayMobile/ReflectionProbe-36.exr	88908
Assets/TirgamesAssets/SchoolScene/Scenes/SchoolSceneDayMobile/ReflectionProbe-37.exr	85593
Assets/TirgamesAssets/SchoolScene/Scenes/SchoolSceneDayMobile/ReflectionProbe-38.exr	79406
Assets/TirgamesAssets/SchoolScene/Scenes/SchoolSceneDayMobile/ReflectionProbe-39.exr	83428
Assets/TirgamesAssets/SchoolScene/Scenes/SchoolSceneDayMobile/ReflectionProbe-4.exr	78456
Assets/TirgamesAssets/SchoolScene/Scenes/SchoolSceneDayMobile/ReflectionProbe-40.exr	79737
Assets/TirgamesAssets/SchoolScene/Scenes/SchoolSceneDayMobile/ReflectionProbe-41.exr	78728
Assets/TirgamesAssets/SchoolScene/Scenes/SchoolSceneDayMobile/ReflectionProbe-42.exr	78608
Assets/TirgamesAssets/SchoolScene/Scenes/SchoolSceneDayMobile/ReflectionProbe-43.exr	85770
Assets/TirgamesAssets/SchoolScene/Scenes/SchoolSceneDayMobile/ReflectionProbe-44.exr	78946
Assets/TirgamesAssets/SchoolScene/Scenes/SchoolSceneDayMobile/ReflectionProbe-45.exr	78828
Assets/TirgamesAssets/SchoolScene/Scenes/SchoolSceneDayMobile/ReflectionProbe-46.exr	81682
Assets/TirgamesAssets/SchoolScene/Scenes/SchoolSceneDayMobile/ReflectionProbe-47.exr	81964
Assets/TirgamesAssets/SchoolScene/Scenes/SchoolSceneDayMobile/ReflectionProbe-48.exr	79476
Assets/TirgamesAssets/SchoolScene/Scenes/SchoolSceneDayMobile/ReflectionProbe-49.exr	80254
Assets/TirgamesAssets/SchoolScene/Scenes/SchoolSceneDayMobile/ReflectionProbe-5.exr	74569
Assets/TirgamesAssets/SchoolScene/Scenes/SchoolSceneDayMobile/ReflectionProbe-50.exr	77489
Assets/TirgamesAssets/SchoolScene/Scenes/SchoolSceneDayMobile/ReflectionProbe-51.exr	76583
Assets/TirgamesAssets/SchoolScene/Scenes/SchoolSceneDayMobile/ReflectionProbe-52.exr	78653
Assets/TirgamesAssets/SchoolScene/Scenes/SchoolSceneDayMobile/ReflectionProbe-53.exr	84345
Assets/TirgamesAssets/SchoolScene/Scenes/SchoolSceneDayMobile/ReflectionProbe-54.exr	84768
Assets/TirgamesAssets/SchoolScene/Scenes/SchoolSceneDayMobile/ReflectionProbe-55.exr	79382
Assets/TirgamesAssets/SchoolScene/Scenes/SchoolSceneDayMobile/ReflectionProbe-56.exr	81767
Assets/TirgamesAssets/SchoolScene/Scenes/SchoolSceneDayMobile/ReflectionProbe-57.exr	79521
Assets/TirgamesAssets/SchoolScene/Scenes/SchoolSceneDayMobile/ReflectionProbe-58.exr	79483
Assets/TirgamesAssets/SchoolScene/Scenes/SchoolSceneDayMobile/ReflectionProbe-59.exr	87773
Assets/TirgamesAssets/SchoolScene/Scenes/SchoolSceneDayMobile/ReflectionProbe-6.exr	78692
Assets/TirgamesAssets/SchoolScene/Scenes/SchoolSceneDayMobile/ReflectionProbe-60.exr	75105
Assets/TirgamesAssets/SchoolScene/Scenes/SchoolSceneDayMobile/ReflectionProbe-61.exr	87202
Assets/TirgamesAssets/SchoolScene/Scenes/SchoolSceneDayMobile/ReflectionProbe-62.exr	78915
Assets/TirgamesAssets/SchoolScene/Scenes/SchoolSceneDayMobile/ReflectionProbe-63.exr	80801
Assets/TirgamesAssets/SchoolScene/Scenes/SchoolSceneDayMobile/ReflectionProbe-64.exr	89657
Assets/TirgamesAssets/SchoolScene/Scenes/SchoolSceneDayMobile/ReflectionProbe-65.exr	86625
Assets/TirgamesAssets/SchoolScene/Scenes/SchoolSceneDayMobile/ReflectionProbe-66.exr	87228
Assets/TirgamesAssets/SchoolScene/Scenes/SchoolSceneDayMobile/ReflectionProbe-67.exr	77836
Assets/TirgamesAssets/SchoolScene/Scenes/SchoolSceneDayMobile/ReflectionProbe-68.exr	87927
Assets/TirgamesAssets/SchoolScene/Scenes/SchoolSceneDayMobile/ReflectionProbe-69.exr	84345
Assets/TirgamesAssets/SchoolScene/Scenes/SchoolSceneDayMobile/ReflectionProbe-7.exr	72389
Assets/TirgamesAssets/SchoolScene/Scenes/SchoolSceneDayMobile/ReflectionProbe-70.exr	86463
Assets/TirgamesAssets/SchoolScene/Scenes/SchoolSceneDayMobile/ReflectionProbe-71.exr	90203
Assets/TirgamesAssets/SchoolScene/Scenes/SchoolSceneDayMobile/ReflectionProbe-72.exr	79138
Assets/TirgamesAssets/SchoolScene/Scenes/SchoolSceneDayMobile/ReflectionProbe-73.exr	84414
Assets/TirgamesAssets/SchoolScene/Scenes/SchoolSceneDayMobile/ReflectionProbe-74.exr	79001
Assets/TirgamesAssets/SchoolScene/Scenes/SchoolSceneDayMobile/ReflectionProbe-75.exr	78331
Assets/TirgamesAssets/SchoolScene/Scenes/SchoolSceneDayMobile/ReflectionProbe-76.exr	83554
Assets/TirgamesAssets/SchoolScene/Scenes/SchoolSceneDayMobile/ReflectionProbe-77.exr	81331
Assets/TirgamesAssets/SchoolScene/Scenes/SchoolSceneDayMobile/ReflectionProbe-78.exr	80274
Assets/TirgamesAssets/SchoolScene/Scenes/SchoolSceneDayMobile/ReflectionProbe-79.exr	78998
Assets/TirgamesAssets/SchoolScene/Scenes/SchoolSceneDayMobile/ReflectionProbe-8.exr	79425
Assets/TirgamesAssets/SchoolScene/Scenes/SchoolSceneDayMobile/ReflectionProbe-80.exr	78605
Assets/TirgamesAssets/SchoolScene/Scenes/SchoolSceneDayMobile/ReflectionProbe-81.exr	90860
Assets/TirgamesAssets/SchoolScene/Scenes/SchoolSceneDayMobile/ReflectionProbe-82.exr	78913
Assets/TirgamesAssets/SchoolScene/Scenes/SchoolSceneDayMobile/ReflectionProbe-83.exr	149080
Assets/TirgamesAssets/SchoolScene/Scenes/SchoolSceneDayMobile/ReflectionProbe-9.exr	78314
Assets/TirgamesAssets/SchoolScene/Scenes/SchoolSceneDayMobile_Profiles/PostProcessVolume Profile.asset	20885
Assets/TirgamesAssets/SchoolScene/Scenes/SchoolSceneDayMobileSettings.lighting	1994
Assets/TirgamesAssets/SchoolScene/Scenes/SchoolSceneDaySettings.lighting	1988
Assets/TirgamesAssets/SchoolScene/Scenes/SchoolSceneNight.unity	4268911
Assets/TirgamesAssets/SchoolScene/Scenes/SchoolSceneNight/LightingData.asset	1050408
Assets/TirgamesAssets/SchoolScene/Scenes/SchoolSceneNight/Lightmap-0_comp_dir.png	841456
Assets/TirgamesAssets/SchoolScene/Scenes/SchoolSceneNight/Lightmap-0_comp_light.exr	2670572
Assets/TirgamesAssets/SchoolScene/Scenes/SchoolSceneNight/Lightmap-1_comp_dir.png	745538
Assets/TirgamesAssets/SchoolScene/Scenes/SchoolSceneNight/Lightmap-1_comp_light.exr	2539516
Assets/TirgamesAssets/SchoolScene/Scenes/SchoolSceneNight/Lightmap-10_comp_dir.png	630696
Assets/TirgamesAssets/SchoolScene/Scenes/SchoolSceneNight/Lightmap-10_comp_light.exr	2200100
Assets/TirgamesAssets/SchoolScene/Scenes/SchoolSceneNight/Lightmap-11_comp_dir.png	602725
Assets/TirgamesAssets/SchoolScene/Scenes/SchoolSceneNight/Lightmap-11_comp_light.exr	1971263
Assets/TirgamesAssets/SchoolScene/Scenes/SchoolSceneNight/Lightmap-12_comp_dir.png	421534
Assets/TirgamesAssets/SchoolScene/Scenes/SchoolSceneNight/Lightmap-12_comp_light.exr	1453528
Assets/TirgamesAssets/SchoolScene/Scenes/SchoolSceneNight/Lightmap-13_comp_dir.png	277026
Assets/TirgamesAssets/SchoolScene/Scenes/SchoolSceneNight/Lightmap-13_comp_light.exr	1075725
Assets/TirgamesAssets/SchoolScene/Scenes/SchoolSceneNight/Lightmap-14_comp_dir.png	311869
Assets/TirgamesAssets/SchoolScene/Scenes/SchoolSceneNight/Lightmap-14_comp_light.exr	1259216
Assets/TirgamesAssets/SchoolScene/Scenes/SchoolSceneNight/Lightmap-15_comp_dir.png	440058
Assets/TirgamesAssets/SchoolScene/Scenes/SchoolSceneNight/Lightmap-15_comp_light.exr	1314910
Assets/TirgamesAssets/SchoolScene/Scenes/SchoolSceneNight/Lightmap-2_comp_dir.png	737276
Assets/TirgamesAssets/SchoolScene/Scenes/SchoolSceneNight/Lightmap-2_comp_light.exr	2396698
Assets/TirgamesAssets/SchoolScene/Scenes/SchoolSceneNight/Lightmap-3_comp_dir.png	946504
Assets/TirgamesAssets/SchoolScene/Scenes/SchoolSceneNight/Lightmap-3_comp_light.exr	2944235
Assets/TirgamesAssets/SchoolScene/Scenes/SchoolSceneNight/Lightmap-4_comp_dir.png	670772
Assets/TirgamesAssets/SchoolScene/Scenes/SchoolSceneNight/Lightmap-4_comp_light.exr	2316837
Assets/TirgamesAssets/SchoolScene/Scenes/SchoolSceneNight/Lightmap-5_comp_dir.png	961370
Assets/TirgamesAssets/SchoolScene/Scenes/SchoolSceneNight/Lightmap-5_comp_light.exr	3001577
Assets/TirgamesAssets/SchoolScene/Scenes/SchoolSceneNight/Lightmap-6_comp_dir.png	602135
Assets/TirgamesAssets/SchoolScene/Scenes/SchoolSceneNight/Lightmap-6_comp_light.exr	2113365
Assets/TirgamesAssets/SchoolScene/Scenes/SchoolSceneNight/Lightmap-7_comp_dir.png	719957
Assets/TirgamesAssets/SchoolScene/Scenes/SchoolSceneNight/Lightmap-7_comp_light.exr	2496773
Assets/TirgamesAssets/SchoolScene/Scenes/SchoolSceneNight/Lightmap-8_comp_dir.png	603588
Assets/TirgamesAssets/SchoolScene/Scenes/SchoolSceneNight/Lightmap-8_comp_light.exr	2051079
Assets/TirgamesAssets/SchoolScene/Scenes/SchoolSceneNight/Lightmap-9_comp_dir.png	761905
Assets/TirgamesAssets/SchoolScene/Scenes/SchoolSceneNight/Lightmap-9_comp_light.exr	2410769
Assets/TirgamesAssets/SchoolScene/Scenes/SchoolSceneNight/OcclusionCullingData.asset	510894
Assets/TirgamesAssets/SchoolScene/Scenes/SchoolSceneNight/ReflectionProbe-0.exr	286528
Assets/TirgamesAssets/SchoolScene/Scenes/SchoolSceneNight/ReflectionProbe-1.exr	303131
Assets/TirgamesAssets/SchoolScene/Scenes/SchoolSceneNight/ReflectionProbe-1.png	476420
Assets/TirgamesAssets/SchoolScene/Scenes/SchoolSceneNight/ReflectionProbe-10.exr	304860
Assets/TirgamesAssets/SchoolScene/Scenes/SchoolSceneNight/ReflectionProbe-11.exr	282108
Assets/TirgamesAssets/SchoolScene/Scenes/SchoolSceneNight/ReflectionProbe-12.exr	306032
Assets/TirgamesAssets/SchoolScene/Scenes/SchoolSceneNight/ReflectionProbe-13.exr	267208
Assets/TirgamesAssets/SchoolScene/Scenes/SchoolSceneNight/ReflectionProbe-14.exr	292300
Assets/TirgamesAssets/SchoolScene/Scenes/SchoolSceneNight/ReflectionProbe-15.exr	335597
Assets/TirgamesAssets/SchoolScene/Scenes/SchoolSceneNight/ReflectionProbe-16.exr	290128
Assets/TirgamesAssets/SchoolScene/Scenes/SchoolSceneNight/ReflectionProbe-17.exr	331528
Assets/TirgamesAssets/SchoolScene/Scenes/SchoolSceneNight/ReflectionProbe-18.exr	290859
Assets/TirgamesAssets/SchoolScene/Scenes/SchoolSceneNight/ReflectionProbe-19.exr	313086
Assets/TirgamesAssets/SchoolScene/Scenes/SchoolSceneNight/ReflectionProbe-2.exr	280590
Assets/TirgamesAssets/SchoolScene/Scenes/SchoolSceneNight/ReflectionProbe-20.exr	281205
Assets/TirgamesAssets/SchoolScene/Scenes/SchoolSceneNight/ReflectionProbe-21.exr	308701
Assets/TirgamesAssets/SchoolScene/Scenes/SchoolSceneNight/ReflectionProbe-22.exr	283961
Assets/TirgamesAssets/SchoolScene/Scenes/SchoolSceneNight/ReflectionProbe-23.exr	296503
Assets/TirgamesAssets/SchoolScene/Scenes/SchoolSceneNight/ReflectionProbe-24.exr	338556
Assets/TirgamesAssets/SchoolScene/Scenes/SchoolSceneNight/ReflectionProbe-25.exr	367657
Assets/TirgamesAssets/SchoolScene/Scenes/SchoolSceneNight/ReflectionProbe-26.exr	394034
Assets/TirgamesAssets/SchoolScene/Scenes/SchoolSceneNight/ReflectionProbe-27.exr	295367
Assets/TirgamesAssets/SchoolScene/Scenes/SchoolSceneNight/ReflectionProbe-28.exr	290797
Assets/TirgamesAssets/SchoolScene/Scenes/SchoolSceneNight/ReflectionProbe-29.exr	285533
Assets/TirgamesAssets/SchoolScene/Scenes/SchoolSceneNight/ReflectionProbe-3.exr	287825
Assets/TirgamesAssets/SchoolScene/Scenes/SchoolSceneNight/ReflectionProbe-30.exr	325609
Assets/TirgamesAssets/SchoolScene/Scenes/SchoolSceneNight/ReflectionProbe-30.png	505457
Assets/TirgamesAssets/SchoolScene/Scenes/SchoolSceneNight/ReflectionProbe-31.exr	391050
Assets/TirgamesAssets/SchoolScene/Scenes/SchoolSceneNight/ReflectionProbe-32.exr	288913
Assets/TirgamesAssets/SchoolScene/Scenes/SchoolSceneNight/ReflectionProbe-33.exr	300340
Assets/TirgamesAssets/SchoolScene/Scenes/SchoolSceneNight/ReflectionProbe-34.exr	274733
Assets/TirgamesAssets/SchoolScene/Scenes/SchoolSceneNight/ReflectionProbe-35.exr	281189
Assets/TirgamesAssets/SchoolScene/Scenes/SchoolSceneNight/ReflectionProbe-36.exr	360076
Assets/TirgamesAssets/SchoolScene/Scenes/SchoolSceneNight/ReflectionProbe-37.exr	304345
Assets/TirgamesAssets/SchoolScene/Scenes/SchoolSceneNight/ReflectionProbe-38.exr	292773
Assets/TirgamesAssets/SchoolScene/Scenes/SchoolSceneNight/ReflectionProbe-39.exr	335871
Assets/TirgamesAssets/SchoolScene/Scenes/SchoolSceneNight/ReflectionProbe-4.exr	289920
Assets/TirgamesAssets/SchoolScene/Scenes/SchoolSceneNight/ReflectionProbe-40.exr	291685
Assets/TirgamesAssets/SchoolScene/Scenes/SchoolSceneNight/ReflectionProbe-41.exr	286467
Assets/TirgamesAssets/SchoolScene/Scenes/SchoolSceneNight/ReflectionProbe-42.exr	289710
Assets/TirgamesAssets/SchoolScene/Scenes/SchoolSceneNight/ReflectionProbe-43.exr	318097
Assets/TirgamesAssets/SchoolScene/Scenes/SchoolSceneNight/ReflectionProbe-44.exr	290909
Assets/TirgamesAssets/SchoolScene/Scenes/SchoolSceneNight/ReflectionProbe-45.exr	289396
Assets/TirgamesAssets/SchoolScene/Scenes/SchoolSceneNight/ReflectionProbe-46.exr	297195
Assets/TirgamesAssets/SchoolScene/Scenes/SchoolSceneNight/ReflectionProbe-47.exr	301348
Assets/TirgamesAssets/SchoolScene/Scenes/SchoolSceneNight/ReflectionProbe-48.exr	290596
Assets/TirgamesAssets/SchoolScene/Scenes/SchoolSceneNight/ReflectionProbe-49.exr	297140
Assets/TirgamesAssets/SchoolScene/Scenes/SchoolSceneNight/ReflectionProbe-5.exr	272106
Assets/TirgamesAssets/SchoolScene/Scenes/SchoolSceneNight/ReflectionProbe-50.exr	285862
Assets/TirgamesAssets/SchoolScene/Scenes/SchoolSceneNight/ReflectionProbe-51.exr	290512
Assets/TirgamesAssets/SchoolScene/Scenes/SchoolSceneNight/ReflectionProbe-52.exr	293642
Assets/TirgamesAssets/SchoolScene/Scenes/SchoolSceneNight/ReflectionProbe-53.exr	299283
Assets/TirgamesAssets/SchoolScene/Scenes/SchoolSceneNight/ReflectionProbe-54.exr	339156
Assets/TirgamesAssets/SchoolScene/Scenes/SchoolSceneNight/ReflectionProbe-55.exr	294167
Assets/TirgamesAssets/SchoolScene/Scenes/SchoolSceneNight/ReflectionProbe-56.exr	299768
Assets/TirgamesAssets/SchoolScene/Scenes/SchoolSceneNight/ReflectionProbe-57.exr	290907
Assets/TirgamesAssets/SchoolScene/Scenes/SchoolSceneNight/ReflectionProbe-58.exr	295976
Assets/TirgamesAssets/SchoolScene/Scenes/SchoolSceneNight/ReflectionProbe-59.exr	324920
Assets/TirgamesAssets/SchoolScene/Scenes/SchoolSceneNight/ReflectionProbe-6.exr	291629
Assets/TirgamesAssets/SchoolScene/Scenes/SchoolSceneNight/ReflectionProbe-60.exr	268524
Assets/TirgamesAssets/SchoolScene/Scenes/SchoolSceneNight/ReflectionProbe-61.exr	341289
Assets/TirgamesAssets/SchoolScene/Scenes/SchoolSceneNight/ReflectionProbe-62.exr	291938
Assets/TirgamesAssets/SchoolScene/Scenes/SchoolSceneNight/ReflectionProbe-63.exr	296438
Assets/TirgamesAssets/SchoolScene/Scenes/SchoolSceneNight/ReflectionProbe-64.exr	349849
Assets/TirgamesAssets/SchoolScene/Scenes/SchoolSceneNight/ReflectionProbe-65.exr	335640
Assets/TirgamesAssets/SchoolScene/Scenes/SchoolSceneNight/ReflectionProbe-66.exr	345668
Assets/TirgamesAssets/SchoolScene/Scenes/SchoolSceneNight/ReflectionProbe-67.exr	291484
Assets/TirgamesAssets/SchoolScene/Scenes/SchoolSceneNight/ReflectionProbe-68.exr	312621
Assets/TirgamesAssets/SchoolScene/Scenes/SchoolSceneNight/ReflectionProbe-69.exr	311305
Assets/TirgamesAssets/SchoolScene/Scenes/SchoolSceneNight/ReflectionProbe-7.exr	281068
Assets/TirgamesAssets/SchoolScene/Scenes/SchoolSceneNight/ReflectionProbe-70.exr	337971
Assets/TirgamesAssets/SchoolScene/Scenes/SchoolSceneNight/ReflectionProbe-71.exr	327502
Assets/TirgamesAssets/SchoolScene/Scenes/SchoolSceneNight/ReflectionProbe-72.exr	292121
Assets/TirgamesAssets/SchoolScene/Scenes/SchoolSceneNight/ReflectionProbe-73.exr	312479
Assets/TirgamesAssets/SchoolScene/Scenes/SchoolSceneNight/ReflectionProbe-74.exr	293875
Assets/TirgamesAssets/SchoolScene/Scenes/SchoolSceneNight/ReflectionProbe-75.exr	295506
Assets/TirgamesAssets/SchoolScene/Scenes/SchoolSceneNight/ReflectionProbe-76.exr	307576
Assets/TirgamesAssets/SchoolScene/Scenes/SchoolSceneNight/ReflectionProbe-77.exr	296810
Assets/TirgamesAssets/SchoolScene/Scenes/SchoolSceneNight/ReflectionProbe-78.exr	288472
Assets/TirgamesAssets/SchoolScene/Scenes/SchoolSceneNight/ReflectionProbe-79.exr	289229
Assets/TirgamesAssets/SchoolScene/Scenes/SchoolSceneNight/ReflectionProbe-8.exr	294632
Assets/TirgamesAssets/SchoolScene/Scenes/SchoolSceneNight/ReflectionProbe-80.exr	290542
Assets/TirgamesAssets/SchoolScene/Scenes/SchoolSceneNight/ReflectionProbe-81.exr	347577
Assets/TirgamesAssets/SchoolScene/Scenes/SchoolSceneNight/ReflectionProbe-82.exr	291433
Assets/TirgamesAssets/SchoolScene/Scenes/SchoolSceneNight/ReflectionProbe-83.exr	190829
Assets/TirgamesAssets/SchoolScene/Scenes/SchoolSceneNight/ReflectionProbe-9.exr	288800
Assets/TirgamesAssets/SchoolScene/Scenes/SchoolSceneNight_Profiles/PostProcessingVolume Profile.asset	23947
Assets/TirgamesAssets/SchoolScene/Scenes/SchoolSceneNightSettings.lighting	1990
Assets/TirgamesAssets/SchoolScene/Textures/Folliage/Grass/Grass1/grass1.psd	644316
Assets/TirgamesAssets/SchoolScene/Textures/Folliage/Grass/Grass1/grass16.psd	1444598
Assets/TirgamesAssets/SchoolScene/Textures/Grounds/Asphalts/Asphalt1/AsphaltRoad1_1NM.png	1815742
Assets/TirgamesAssets/SchoolScene/Textures/Grounds/Asphalts/Asphalt1/AsphaltRoad1_2.png	8209524
Assets/TirgamesAssets/SchoolScene/Textures/Grounds/Asphalts/Asphalt1/AsphaltRoad1_2NM.png	2441610
Assets/TirgamesAssets/SchoolScene/Textures/Grounds/Asphalts/Asphalt1/AsphaltRoad1_3.png	8735336
Assets/TirgamesAssets/SchoolScene/Textures/Grounds/Asphalts/Asphalt1/AsphaltRoad1_5.png	8713761
Assets/TirgamesAssets/SchoolScene/Textures/Grounds/Asphalts/Asphalt1/AsphaltRoad1_6.png	7981079
Assets/TirgamesAssets/SchoolScene/Textures/Grounds/Asphalts/Asphalt1/AsphaltRoad1_7.png	8095960
Assets/TirgamesAssets/SchoolScene/Textures/Grounds/Ground/Ground2/Ground2_15NM.png	8458459
Assets/TirgamesAssets/SchoolScene/Textures/Grounds/Ground/Ground2/Ground2_17.png	2821082
Assets/TirgamesAssets/SchoolScene/Textures/Grounds/Ground/Ground2/Ground2_5.png	2836626
Assets/TirgamesAssets/SchoolScene/Textures/Grounds/Ground/Ground2/Ground2_5NM.png	2537215
Assets/TirgamesAssets/SchoolScene/Textures/Grounds/Ground/Ground3/GroundRubber02.png	2680733
Assets/TirgamesAssets/SchoolScene/Textures/Grounds/Ground/Ground3/GroundRubber02NM.png	2449968
Assets/TirgamesAssets/SchoolScene/Textures/Grounds/Ground/Ground3/GroundRubber03.png	2857769
Assets/TirgamesAssets/SchoolScene/Textures/Grounds/Ground/Ground4/Groundgrass_straw.png	723359
Assets/TirgamesAssets/SchoolScene/Textures/Grounds/Ground/Ground4/Groundgrass_straw_normal.png	664349
Assets/TirgamesAssets/SchoolScene/Textures/Models/BuildingWindows/BuildingsWindows01.png	1182019
Assets/TirgamesAssets/SchoolScene/Textures/Models/BuildingWindows/BuildingsWindows01Old.png	2122694
Assets/TirgamesAssets/SchoolScene/Textures/Models/BuildingWindows/BuildingsWindows01Spec.png	198508
Assets/TirgamesAssets/SchoolScene/Textures/Models/BuildingWindows/BuildingsWindows01SpecOld.png	951926
Assets/TirgamesAssets/SchoolScene/Textures/Models/BuildingWindows/BuildingsWindows02Spec.png	89032
Assets/TirgamesAssets/SchoolScene/Textures/Models/BuildingWindows/WindowsBroken01NM.png	1652767
Assets/TirgamesAssets/SchoolScene/Textures/Models/BuildingWindows/WindowsBroken03.png	1372973
Assets/TirgamesAssets/SchoolScene/Textures/Over/Colors/ColorChart01.png	27818
Assets/TirgamesAssets/SchoolScene/Textures/Over/Colors/ColorChart01Old.png	464708
Assets/TirgamesAssets/SchoolScene/Textures/Surfaces/Concrete/ConcreteClear01.png	2218966
Assets/TirgamesAssets/SchoolScene/Textures/Surfaces/Concrete/ConcreteClear01NM.png	2951731
Assets/TirgamesAssets/SchoolScene/Textures/Surfaces/Concrete/ConcreteClear03.png	12072534
Assets/TirgamesAssets/SchoolScene/Textures/Surfaces/Concrete/ConcreteClear03NM.png	9419596
Assets/TirgamesAssets/SchoolScene/Textures/Surfaces/Concrete/ConcreteClear05.png	11830964
Assets/TirgamesAssets/SchoolScene/Textures/Surfaces/Concrete/ConcreteClear05NM.png	9179612
Assets/TirgamesAssets/SchoolScene/Textures/Surfaces/Concrete/ConcreteClear07.png	2265674
Assets/TirgamesAssets/SchoolScene/Textures/Surfaces/Concrete/ConcreteDirt1_NORM.png	9871505
Assets/TirgamesAssets/SchoolScene/Textures/Surfaces/Concrete/ConcreteDirt1b.png	8409575
Assets/TirgamesAssets/SchoolScene/Textures/Surfaces/Concrete/ConcreteDirt3.png	12008275
Assets/TirgamesAssets/SchoolScene/Textures/Surfaces/Concrete/ConcreteDirt3NM.png	8068665
Assets/TirgamesAssets/SchoolScene/Textures/Surfaces/Concrete/ConcretePillar1a.png	624633
Assets/TirgamesAssets/SchoolScene/Textures/Surfaces/Concrete/ConcretePillar1NM.png	7379035
Assets/TirgamesAssets/SchoolScene/Textures/Surfaces/Concrete/ConcretePillar2Old.png	2168433
Assets/TirgamesAssets/SchoolScene/Textures/Surfaces/Concrete/ConcretePillar2OldNM.png	1921778
Assets/TirgamesAssets/SchoolScene/Textures/Surfaces/Concrete/ConcreteStucco01.png	1052367
Assets/TirgamesAssets/SchoolScene/Textures/Surfaces/Concrete/ConcreteStucco01NM.png	1790150
Assets/TirgamesAssets/SchoolScene/Textures/Surfaces/Concrete/ConcreteStucco02.png	972923
Assets/TirgamesAssets/SchoolScene/Textures/Surfaces/Concrete/ConcreteStucco02NM.png	675135
Assets/TirgamesAssets/SchoolScene/Textures/Surfaces/Concrete/ConcreteWall01.png	616068
Assets/TirgamesAssets/SchoolScene/Textures/Surfaces/Concrete/ConcreteWall01_nrm.png	570101
Assets/TirgamesAssets/SchoolScene/Textures/Surfaces/Concrete/ConcreteWall18_1.png	7602853
Assets/TirgamesAssets/SchoolScene/Textures/Surfaces/Concrete/ConcreteWall18_2.png	7651697
Assets/TirgamesAssets/SchoolScene/Textures/Surfaces/Concrete/ConcreteWall18_3.png	6642257
Assets/TirgamesAssets/SchoolScene/Textures/Surfaces/Concrete/ConcreteWall18_5.png	7660211
Assets/TirgamesAssets/SchoolScene/Textures/Surfaces/Concrete/ConcreteWall18NM.png	8479830
Assets/TirgamesAssets/SchoolScene/Textures/Surfaces/Concrete/ConcreteWall2.png	227397
Assets/TirgamesAssets/SchoolScene/Textures/Surfaces/Concrete/ConcreteWall2NM.png	297359
Assets/TirgamesAssets/SchoolScene/Textures/Surfaces/Concrete/ConcreteWall2Old.png	552985
Assets/TirgamesAssets/SchoolScene/Textures/Surfaces/Concrete/ConcreteWall5.png	2668953
Assets/TirgamesAssets/SchoolScene/Textures/Surfaces/Concrete/ConcreteWall5NM.png	2332149
Assets/TirgamesAssets/SchoolScene/Textures/Surfaces/Concrete/ConcreteWall6a.png	2859676
Assets/TirgamesAssets/SchoolScene/Textures/Surfaces/Concrete/ConcreteWall6d.png	2144490
Assets/TirgamesAssets/SchoolScene/Textures/Surfaces/Concrete/ConcreteWall6e.png	2623903
Assets/TirgamesAssets/SchoolScene/Textures/Surfaces/Concrete/ConcreteWall6NM.png	4236026
Assets/TirgamesAssets/SchoolScene/Textures/Surfaces/Concrete/ConctereWall12.png	4329146
Assets/TirgamesAssets/SchoolScene/Textures/Surfaces/Concrete/ConctereWall12_nrm.png	4123495
Assets/TirgamesAssets/SchoolScene/Textures/Surfaces/Concrete/ConctereWall13.png	1065617
Assets/TirgamesAssets/SchoolScene/Textures/Surfaces/Concrete/ConctereWall13_nrm.png	1100997
Assets/TirgamesAssets/SchoolScene/Textures/Surfaces/Concrete/ConctereWall14.png	1572008
Assets/TirgamesAssets/SchoolScene/Textures/Surfaces/Concrete/ConctereWall14_nrm.png	1026162
Assets/TirgamesAssets/SchoolScene/Textures/Surfaces/Concrete/ConctereWall8.png	7329343
Assets/TirgamesAssets/SchoolScene/Textures/Surfaces/Concrete/ConctereWall8_nrm.png	2392743
Assets/TirgamesAssets/SchoolScene/Textures/Surfaces/Cork/Cork01.png	2409038
Assets/TirgamesAssets/SchoolScene/Textures/Surfaces/Cork/Cork01NM.png	2165287
Assets/TirgamesAssets/SchoolScene/Textures/Surfaces/Cork/Cork01Old.png	2587359
Assets/TirgamesAssets/SchoolScene/Textures/Surfaces/Fabric/Fabric05a.png	2465048
Assets/TirgamesAssets/SchoolScene/Textures/Surfaces/Fabric/Fabric05c.png	1867163
Assets/TirgamesAssets/SchoolScene/Textures/Surfaces/Fabric/Fabric05cOld.png	2059318
Assets/TirgamesAssets/SchoolScene/Textures/Surfaces/Fabric/Fabric05OldNM.png	2036967
Assets/TirgamesAssets/SchoolScene/Textures/Surfaces/Fabric/FabricCurtain01Old.png	2426211
Assets/TirgamesAssets/SchoolScene/Textures/Surfaces/Fabric/FabricCurtain02a.png	904730
Assets/TirgamesAssets/SchoolScene/Textures/Surfaces/Fabric/FabricCurtain02b.png	1079347
Assets/TirgamesAssets/SchoolScene/Textures/Surfaces/Fabric/FabricCurtain02NM.png	753408
Assets/TirgamesAssets/SchoolScene/Textures/Surfaces/Glass/GlassFrosted01.png	1749444
Assets/TirgamesAssets/SchoolScene/Textures/Surfaces/Glass/GlassFrosted01NM.png	1383678
Assets/TirgamesAssets/SchoolScene/Textures/Surfaces/Glass/GlassLamp1.png	115574
Assets/TirgamesAssets/SchoolScene/Textures/Surfaces/Glass/GlassLamp1NM.png	122421
Assets/TirgamesAssets/SchoolScene/Textures/Surfaces/Glass/GlassLamp1Old.png	144723
Assets/TirgamesAssets/SchoolScene/Textures/Surfaces/Glass/GlassLamp2Old.png	1056288
Assets/TirgamesAssets/SchoolScene/Textures/Surfaces/Glass/GlassLamp2OldSpec.tga	4194348
Assets/TirgamesAssets/SchoolScene/Textures/Surfaces/Leather/Leather01Black.png	960819
Assets/TirgamesAssets/SchoolScene/Textures/Surfaces/Leather/Leather01NM.png	1307496
Assets/TirgamesAssets/SchoolScene/Textures/Surfaces/Leather/Leather01Old.png	9699090
Assets/TirgamesAssets/SchoolScene/Textures/Surfaces/Leather/Leather01OldNM.png	6397835
Assets/TirgamesAssets/SchoolScene/Textures/Surfaces/Leather/Leather01OldSpec.tga	4194348
Assets/TirgamesAssets/SchoolScene/Textures/Surfaces/Leather/Leather01White.png	1261451
Assets/TirgamesAssets/SchoolScene/Textures/Surfaces/Leather/Leather06.png	269967
Assets/TirgamesAssets/SchoolScene/Textures/Surfaces/Leather/Leather06NM.png	431197
Assets/TirgamesAssets/SchoolScene/Textures/Surfaces/Metall/Metal02.png	600516
Assets/TirgamesAssets/SchoolScene/Textures/Surfaces/Metall/Metal02_nrm.png	156400
Assets/TirgamesAssets/SchoolScene/Textures/Surfaces/Metall/MetalChain01.png	794013
Assets/TirgamesAssets/SchoolScene/Textures/Surfaces/Metall/Metall03.png	220672
Assets/TirgamesAssets/SchoolScene/Textures/Surfaces/Metall/MetallGray1.png	137351
Assets/TirgamesAssets/SchoolScene/Textures/Surfaces/Metall/MetallPainted01.png	674264
Assets/TirgamesAssets/SchoolScene/Textures/Surfaces/Metall/MetallPainted01BlackLines.png	592536
Assets/TirgamesAssets/SchoolScene/Textures/Surfaces/Metall/MetallPainted01NM.png	1561121
Assets/TirgamesAssets/SchoolScene/Textures/Surfaces/Metall/MetallPainted02.png	778458
Assets/TirgamesAssets/SchoolScene/Textures/Surfaces/Metall/MetallPlate02Spec.tga	4194348
Assets/TirgamesAssets/SchoolScene/Textures/Surfaces/Metall/MetallPlate03.png	4931013
Assets/TirgamesAssets/SchoolScene/Textures/Surfaces/Metall/MetallPlate03NM.png	4191249
Assets/TirgamesAssets/SchoolScene/Textures/Surfaces/Metall/MetallPlate03Old.png	5361206
Assets/TirgamesAssets/SchoolScene/Textures/Surfaces/Metall/MetallRusted02NM.png	1448423
Assets/TirgamesAssets/SchoolScene/Textures/Surfaces/Metall/MetallRusted02Spec.tga	4194348
Assets/TirgamesAssets/SchoolScene/Textures/Surfaces/Metall/MetallRusted02White.png	999148
Assets/TirgamesAssets/SchoolScene/Textures/Surfaces/Metall/MetallRusted03.png	2105822
Assets/TirgamesAssets/SchoolScene/Textures/Surfaces/Metall/MetallRusted03NM.png	1387530
Assets/TirgamesAssets/SchoolScene/Textures/Surfaces/Metall/MetallRusted03Spec.tga	4194348
Assets/TirgamesAssets/SchoolScene/Textures/Surfaces/Metall/MetalRed.png	572562
Assets/TirgamesAssets/SchoolScene/Textures/Surfaces/Metall/MetalRed_nrm.png	142664
Assets/TirgamesAssets/SchoolScene/Textures/Surfaces/Metall/MetalScratched01.png	8539651
Assets/TirgamesAssets/SchoolScene/Textures/Surfaces/Metall/MetalScratched01NM.png	7721534
Assets/TirgamesAssets/SchoolScene/Textures/Surfaces/Metall/MetalScratched01Spec.tga	4194348
Assets/TirgamesAssets/SchoolScene/Textures/Surfaces/Metall/MetalScratched02.png	1716870
Assets/TirgamesAssets/SchoolScene/Textures/Surfaces/Plastic/Plastic01NM.png	594520
Assets/TirgamesAssets/SchoolScene/Textures/Surfaces/Plastic/PlasticLines1.png	414006
Assets/TirgamesAssets/SchoolScene/Textures/Surfaces/Plastic/PlasticLines1NM.png	569057
Assets/TirgamesAssets/SchoolScene/Textures/Surfaces/Plastic/PlasticOld01.png	1267374
Assets/TirgamesAssets/SchoolScene/Textures/Surfaces/Plastic/PlasticOld01Black.png	1262013
Assets/TirgamesAssets/SchoolScene/Textures/Surfaces/Plastic/PlasticOld01NM.png	1287129
Assets/TirgamesAssets/SchoolScene/Textures/Surfaces/Tile/TileArmstrong01_01.png	454299
Assets/TirgamesAssets/SchoolScene/Textures/Surfaces/Tile/TileArmstrong01_01NM.png	1167924
Assets/TirgamesAssets/SchoolScene/Textures/Surfaces/Tile/TileArmstrong01_01Spec.png	24074
Assets/TirgamesAssets/SchoolScene/Textures/Surfaces/Tile/TileArmstrong01_02.png	438990
Assets/TirgamesAssets/SchoolScene/Textures/Surfaces/Tile/TileArmstrong01_02NM.png	1604322
Assets/TirgamesAssets/SchoolScene/Textures/Surfaces/Tile/TileArmstrong01_02Spec.png	24085
Assets/TirgamesAssets/SchoolScene/Textures/Surfaces/Tile/TileArmstrong01_04.png	1103997
Assets/TirgamesAssets/SchoolScene/Textures/Surfaces/Tile/TileArmstrong01_04Emmision.png	33576
Assets/TirgamesAssets/SchoolScene/Textures/Surfaces/Tile/TileArmstrong01_04NM.png	2963460
Assets/TirgamesAssets/SchoolScene/Textures/Surfaces/Tile/TileArmstrong01_04Old.png	6010763
Assets/TirgamesAssets/SchoolScene/Textures/Surfaces/Tile/TileArmstrong01_04OldSpec.tga	4194348
Assets/TirgamesAssets/SchoolScene/Textures/Surfaces/Tile/TileArmstrong01_04Spec.png	32136
Assets/TirgamesAssets/SchoolScene/Textures/Surfaces/Tile/TileFloor01.png	381708
Assets/TirgamesAssets/SchoolScene/Textures/Surfaces/Tile/TileFloor01NM.png	19934
Assets/TirgamesAssets/SchoolScene/Textures/Surfaces/Tile/TileFloor05.png	499433
Assets/TirgamesAssets/SchoolScene/Textures/Surfaces/Tile/TileFloor05NM.png	615845
Assets/TirgamesAssets/SchoolScene/Textures/Surfaces/Tile/TileFloor05Old.png	4185241
Assets/TirgamesAssets/SchoolScene/Textures/Surfaces/Tile/TileFloor05OldNM.png	4172162
Assets/TirgamesAssets/SchoolScene/Textures/Surfaces/Tile/TileFloor05OldSpec.tga	4194348
Assets/TirgamesAssets/SchoolScene/Textures/Surfaces/Tile/TileFloor06.png	6743662
Assets/TirgamesAssets/SchoolScene/Textures/Surfaces/Tile/TileFloor06NM.png	6243810
Assets/TirgamesAssets/SchoolScene/Textures/Surfaces/Tile/TileFloor06NMOld.png	4657529
Assets/TirgamesAssets/SchoolScene/Textures/Surfaces/Tile/TileFloor06Old.png	7052386
Assets/TirgamesAssets/SchoolScene/Textures/Surfaces/Tile/TileFloor11.png	7909050
Assets/TirgamesAssets/SchoolScene/Textures/Surfaces/Tile/TileFloor11NM.png	2480408
Assets/TirgamesAssets/SchoolScene/Textures/Surfaces/Tile/TileWhite02.png	1382005
Assets/TirgamesAssets/SchoolScene/Textures/Surfaces/Tile/TileWhite02NM.png	2420400
Assets/TirgamesAssets/SchoolScene/Textures/Surfaces/Tile/TileWhite02Old.png	6930817
Assets/TirgamesAssets/SchoolScene/Textures/Surfaces/Tile/TileWhite02OldNM.png	4125292
Assets/TirgamesAssets/SchoolScene/Textures/Surfaces/Tile/TileWhite02OldSpec.tga	4194348
Assets/TirgamesAssets/SchoolScene/Textures/Surfaces/Tile/TileWhite03.png	218590
Assets/TirgamesAssets/SchoolScene/Textures/Surfaces/Tile/TileWhite03NM.png	234487
Assets/TirgamesAssets/SchoolScene/Textures/Surfaces/Tile/TileWhite03Old.png	6013864
Assets/TirgamesAssets/SchoolScene/Textures/Surfaces/Tile/TileWhite03OldNM.png	4578755
Assets/TirgamesAssets/SchoolScene/Textures/Surfaces/Tile/TileWhite03OldSpec.tga	4194348
Assets/TirgamesAssets/SchoolScene/Textures/Surfaces/Tilefloor/FloorLinoleum4a.png	2041056
Assets/TirgamesAssets/SchoolScene/Textures/Surfaces/Tilefloor/FloorLinoleum4aOld.png	9975696
Assets/TirgamesAssets/SchoolScene/Textures/Surfaces/Tilefloor/FloorLinoleum4b.png	1968594
Assets/TirgamesAssets/SchoolScene/Textures/Surfaces/Tilefloor/FloorLinoleum4bOld.png	10814266
Assets/TirgamesAssets/SchoolScene/Textures/Surfaces/Tilefloor/Floorlinoleum4NM.png	1548287
Assets/TirgamesAssets/SchoolScene/Textures/Surfaces/Tilefloor/FloorLinoleum4OldNM.png	8217598
Assets/TirgamesAssets/SchoolScene/Textures/Surfaces/Tilefloor/FloorLinoleum4OldSpec.tga	4194348
Assets/TirgamesAssets/SchoolScene/Textures/Surfaces/Wood/Wood2.png	1442399
Assets/TirgamesAssets/SchoolScene/Textures/Surfaces/Wood/Wood2NM.png	1753239
Assets/TirgamesAssets/SchoolScene/Textures/Surfaces/Wood/Wood3.png	1228657
Assets/TirgamesAssets/SchoolScene/Textures/Surfaces/Wood/Wood3NM.png	1570242
Assets/TirgamesAssets/SchoolScene/Textures/Surfaces/Wood/Wood3Old.png	2179202
Assets/TirgamesAssets/SchoolScene/Textures/Surfaces/Wood/Wood3OldNM.png	1837029
Assets/TirgamesAssets/SchoolScene/Textures/Surfaces/Wood/Wood3OldSpec.tga	4194348
Assets/TirgamesAssets/SchoolScene/Textures/Surfaces/Wood/Wood4.png	4489957
Assets/TirgamesAssets/SchoolScene/Textures/Surfaces/Wood/Wood4NM.png	1636748
Assets/TirgamesAssets/SchoolScene/Textures/Surfaces/Wood/Wood4Old.png	7418213
Assets/TirgamesAssets/SchoolScene/Textures/Surfaces/Wood/Wood4OldNM.png	4396558
Assets/TirgamesAssets/SchoolScene/Textures/Surfaces/Wood/Wood4OldSpec.tga	16777260
Assets/TirgamesAssets/SchoolScene/Textures/Surfaces/Wood/Wood5.png	1747323
Assets/TirgamesAssets/SchoolScene/Textures/Surfaces/Wood/WoodOak.png	181481
Assets/TirgamesAssets/SchoolScene/Textures/Surfaces/Wood/WoodOld06.png	2549258
Assets/TirgamesAssets/SchoolScene/Textures/Surfaces/Wood/WoodOld06NM.png	2034820
Assets/TirgamesAssets/SchoolScene/Textures/Surfaces/Wood/WoodOld07.png	2197614
Assets/TirgamesAssets/SchoolScene/Textures/Surfaces/Wood/WoodOld07NM.png	1865616
Assets/TirgamesAssets/SchoolScene/Textures/Surfaces/Wood/WoodOld9.png	1994980
Assets/TirgamesAssets/SchoolScene/Textures/Surfaces/Wood/WoodOld9NM.png	1443893
Assets/TooManyCrosshairs/_Demo/Materials/Additive.mat	2737
Assets/TooManyCrosshairs/_Demo/Prefabs/Crosshair.prefab	10525
Assets/TooManyCrosshairs/_Demo/Prefabs/GUN.prefab	1758
Assets/TooManyCrosshairs/_Demo/Prefabs/Scope.prefab	11595
Assets/TooManyCrosshairs/_Demo/Prefabs/Sight.prefab	9504
Assets/TooManyCrosshairs/_Demo/Scenes/Demo.unity	20292
Assets/TooManyCrosshairs/_Demo/Scenes/DemoScopes.unity	15547
Assets/TooManyCrosshairs/_Demo/Scenes/DemoSights.unity	15568
Assets/TooManyCrosshairs/_Demo/Scripts/Crosshair.cs	6831
Assets/TooManyCrosshairs/_Demo/Scripts/Gun.cs	2643
Assets/TooManyCrosshairs/_Demo/Textures/Background.png	1293031
Assets/TooManyCrosshairs/_Demo/Textures/BackgroundScopes.png	1463488
Assets/TooManyCrosshairs/_Demo/Textures/BackgroundSights.png	1420443
Assets/TooManyCrosshairs/128px/Base/12Hair/12Hair128.png	814
Assets/TooManyCrosshairs/128px/Base/12Hair/12HairCircle128.png	1695
Assets/TooManyCrosshairs/128px/Base/12Hair/12HairCircle4Split128.png	1525
Assets/TooManyCrosshairs/128px/Base/12Hair/12HairRing128.png	1834
Assets/TooManyCrosshairs/128px/Base/12Hair/12HairRing4Split128.png	1642
Assets/TooManyCrosshairs/128px/Base/2Hair/2HairDiagleft128.png	243
Assets/TooManyCrosshairs/128px/Base/2Hair/2HairDiagRight128.png	257
Assets/TooManyCrosshairs/128px/Base/2Hair/2HairHoriz128.png	206
Assets/TooManyCrosshairs/128px/Base/2Hair/2HairSquare2Split128.png	368
Assets/TooManyCrosshairs/128px/Base/2Hair/2HairTriHex2.png	840
Assets/TooManyCrosshairs/128px/Base/2Hair/2HairVert128.png	229
Assets/TooManyCrosshairs/128px/Base/2Hair/2MiniTrianglesSolidInwards128.png	750
Assets/TooManyCrosshairs/128px/Base/2Hair/2MiniTrianglesSolidOutwards128.png	635
Assets/TooManyCrosshairs/128px/Base/3Hair/3ArrowheadOutwards128.png	754
Assets/TooManyCrosshairs/128px/Base/3Hair/3HairAltTriHex128.png	895
Assets/TooManyCrosshairs/128px/Base/3Hair/3HairDown128.png	321
Assets/TooManyCrosshairs/128px/Base/3Hair/3HairDownCircle3Split128.png	1265
Assets/TooManyCrosshairs/128px/Base/3Hair/3HairDownCircle3SplitDown128.png	1008
Assets/TooManyCrosshairs/128px/Base/3Hair/3HairDownCircle3SplitDownTopRingSplit128.png	1270
Assets/TooManyCrosshairs/128px/Base/3Hair/3HairDownCircle3SplitUp128.png	616
Assets/TooManyCrosshairs/128px/Base/3Hair/3HairDownCircle3SplitUpRing2d128.png	899
Assets/TooManyCrosshairs/128px/Base/3Hair/3HairDownCircle3SplitUpRing2s128.png	958
Assets/TooManyCrosshairs/128px/Base/3Hair/3HairDownCircle3SplitUpRing4128.png	1213
Assets/TooManyCrosshairs/128px/Base/3Hair/3HairDownMissingBottomCircle3Split128.png	1244
Assets/TooManyCrosshairs/128px/Base/3Hair/3HairDownMissingTopCircle3Split128.png	1185
Assets/TooManyCrosshairs/128px/Base/3Hair/3HairHex128.png	1226
Assets/TooManyCrosshairs/128px/Base/3Hair/3HairHexAlt128.png	1216
Assets/TooManyCrosshairs/128px/Base/3Hair/3HairTriangle128.png	1041
Assets/TooManyCrosshairs/128px/Base/3Hair/3HairTriHex128.png	835
Assets/TooManyCrosshairs/128px/Base/3Hair/3HairUpCircle3Split128.png	1254
Assets/TooManyCrosshairs/128px/Base/3Hair/3HairUpCircleDownHole128.png	1390
Assets/TooManyCrosshairs/128px/Base/3Hair/3TriangleSolidInwards128.png	800
Assets/TooManyCrosshairs/128px/Base/3Hair/3TriangleSolidOutwards128.png	805
Assets/TooManyCrosshairs/128px/Base/6Hair/6Hair128.png	410
Assets/TooManyCrosshairs/128px/Base/6Hair/6HairCircle128.png	1327
Assets/TooManyCrosshairs/128px/Base/6Hair/6HairCircle6Split128.png	1090
Assets/TooManyCrosshairs/128px/Base/6Hair/6HairHex128.png	1334
Assets/TooManyCrosshairs/128px/Base/8Hair/8Hair128.png	362
Assets/TooManyCrosshairs/128px/Base/8Hair/8Hair30deg128.png	564
Assets/TooManyCrosshairs/128px/Base/8Hair/8HairCircle4Split128.png	1347
Assets/TooManyCrosshairs/128px/Base/8Hair/8HairCirle128.png	1507
Assets/TooManyCrosshairs/128px/Base/8Hair/8HairRing128.png	1629
Assets/TooManyCrosshairs/128px/Base/8Hair/8HairRing4Split128.png	1464
Assets/TooManyCrosshairs/128px/Base/8Hair/8HairTriangleSolidIntwards128.png	2017
Assets/TooManyCrosshairs/128px/Base/8Hair/8HairTriangleSolidOutwards.png	1853
Assets/TooManyCrosshairs/128px/Base/Carrot/biCarrotTall128.png	656
Assets/TooManyCrosshairs/128px/Base/Carrot/CarrotDown128.png	455
Assets/TooManyCrosshairs/128px/Base/Carrot/CarrotDownCentered128.png	455
Assets/TooManyCrosshairs/128px/Base/Carrot/CarrotDownSolidCentered128.png	442
Assets/TooManyCrosshairs/128px/Base/Carrot/CarrotDownSolidTrueCenter128.png	444
Assets/TooManyCrosshairs/128px/Base/Carrot/CarrotSharpCentered128.png	448
Assets/TooManyCrosshairs/128px/Base/Carrot/CarrotSharpDownCentered128.png	462
Assets/TooManyCrosshairs/128px/Base/Carrot/CarrotSharpUp128.png	448
Assets/TooManyCrosshairs/128px/Base/Carrot/CarrotUp128.png	435
Assets/TooManyCrosshairs/128px/Base/Carrot/CarrotUpCentered128.png	435
Assets/TooManyCrosshairs/128px/Base/Carrot/CarrotUpSolidCentered128.png	416
Assets/TooManyCrosshairs/128px/Base/Carrot/CarrotUpSolidTrueCenter128.png	423
Assets/TooManyCrosshairs/128px/Base/Circle/Circle128.png	1346
Assets/TooManyCrosshairs/128px/Base/Circle/Circle2Split128.png	1286
Assets/TooManyCrosshairs/128px/Base/Circle/Circle2SplitRing4Split128.png	1422
Assets/TooManyCrosshairs/128px/Base/Circle/Circle3px128.png	1450
Assets/TooManyCrosshairs/128px/Base/Circle/Circle4split128.png	1171
Assets/TooManyCrosshairs/128px/Base/Circle/Circle4splitOffset_NE128.png	997
Assets/TooManyCrosshairs/128px/Base/Circle/Circle4splitOffset_NW128.png	985
Assets/TooManyCrosshairs/128px/Base/Circle/Circle4splitOffset_SE128.png	993
Assets/TooManyCrosshairs/128px/Base/Circle/Circle4splitOffset_SW128.png	974
Assets/TooManyCrosshairs/128px/Base/Circle/Circle4splitOffsetDown128.png	705
Assets/TooManyCrosshairs/128px/Base/Circle/Circle4splitOffsetLeft128.png	788
Assets/TooManyCrosshairs/128px/Base/Circle/Circle4splitOffsetNE128.png	481
Assets/TooManyCrosshairs/128px/Base/Circle/Circle4splitOffsetNW128.png	517
Assets/TooManyCrosshairs/128px/Base/Circle/Circle4splitOffsetRight128.png	759
Assets/TooManyCrosshairs/128px/Base/Circle/Circle4splitOffsetSE128.png	484
Assets/TooManyCrosshairs/128px/Base/Circle/Circle4splitOffsetSENW128.png	773
Assets/TooManyCrosshairs/128px/Base/Circle/Circle4splitOffsetSW128.png	494
Assets/TooManyCrosshairs/128px/Base/Circle/Circle4splitOffsetSWNE128.png	760
Assets/TooManyCrosshairs/128px/Base/Circle/Circle4splitOffsetUp128.png	726
Assets/TooManyCrosshairs/128px/Base/Circle/Circle6Split128.png	926
Assets/TooManyCrosshairs/128px/Base/Circle/Circle6Split6Chain128.png	1566
Assets/TooManyCrosshairs/128px/Base/Circle/Circle6SplitAnd8Split128.png	1360
Assets/TooManyCrosshairs/128px/Base/Circle/Circle8Split1128.png	1144
Assets/TooManyCrosshairs/128px/Base/Circle/Circle8Split128.png	1246
Assets/TooManyCrosshairs/128px/Base/Circle/Circle8Split2128.png	1133
Assets/TooManyCrosshairs/128px/Base/Circle/Circle8Splitminus2128.png	1035
Assets/TooManyCrosshairs/128px/Base/Circle/Circle8Splitminus3128.png	902
Assets/TooManyCrosshairs/128px/Base/Circle/Circle8Splitminus4128.png	799
Assets/TooManyCrosshairs/128px/Base/Circle/Circle8Splitminus5128.png	671
Assets/TooManyCrosshairs/128px/Base/Circle/Circle8Splitminus6128.png	521
Assets/TooManyCrosshairs/128px/Base/Circle/Circle8Splitminus7128.png	345
Assets/TooManyCrosshairs/128px/Base/Circle/Circle8SplitRing4Split128.png	1486
Assets/TooManyCrosshairs/128px/Base/Circle/CircleCenter3px128.png	437
Assets/TooManyCrosshairs/128px/Base/Circle/CircleInner3px128.png	1353
Assets/TooManyCrosshairs/128px/Base/Circle/CircleRing128.png	1431
Assets/TooManyCrosshairs/128px/Base/Circle/CircleRing4Split128.png	1553
Assets/TooManyCrosshairs/128px/Base/Circle/CircleRingXSplit128.png	1577
Assets/TooManyCrosshairs/128px/Base/Circle/CircleXsplit128.png	1191
Assets/TooManyCrosshairs/128px/Base/Cross/4ArrowHead128.png	882
Assets/TooManyCrosshairs/128px/Base/Cross/4ArrowheadInwards128.png	894
Assets/TooManyCrosshairs/128px/Base/Cross/CarrotSharpCross128.png	996
Assets/TooManyCrosshairs/128px/Base/Cross/Cross128.png	254
Assets/TooManyCrosshairs/128px/Base/Cross/CrossBottomHairCentered128.png	222
Assets/TooManyCrosshairs/128px/Base/Cross/CrossCircle128.png	1405
Assets/TooManyCrosshairs/128px/Base/Cross/CrossCircle4Split128.png	1239
Assets/TooManyCrosshairs/128px/Base/Cross/CrossCircle4SplitOffSet_NE128.png	1060
Assets/TooManyCrosshairs/128px/Base/Cross/CrossCircle4SplitOffSet_NW128.png	1051
Assets/TooManyCrosshairs/128px/Base/Cross/CrossCircle4SplitOffSet_SE128.png	1057
Assets/TooManyCrosshairs/128px/Base/Cross/CrossCircle4SplitOffSet_SW128.png	1024
Assets/TooManyCrosshairs/128px/Base/Cross/CrossCircle4SplitOffSetDown128.png	789
Assets/TooManyCrosshairs/128px/Base/Cross/CrossCircle4SplitOffSetLeft128.png	854
Assets/TooManyCrosshairs/128px/Base/Cross/CrossCircle4splitOffsetNE128.png	564
Assets/TooManyCrosshairs/128px/Base/Cross/CrossCircle4splitOffsetNESW128.png	828
Assets/TooManyCrosshairs/128px/Base/Cross/CrossCircle4splitOffsetNW128.png	592
Assets/TooManyCrosshairs/128px/Base/Cross/CrossCircle4splitOffsetNWSED128.png	797
Assets/TooManyCrosshairs/128px/Base/Cross/CrossCircle4SplitOffSetRight128.png	824
Assets/TooManyCrosshairs/128px/Base/Cross/CrossCircle4splitOffsetSE128.png	559
Assets/TooManyCrosshairs/128px/Base/Cross/CrossCircle4splitOffsetSW128.png	549
Assets/TooManyCrosshairs/128px/Base/Cross/CrossCircle4SplitOffSetUp128.png	799
Assets/TooManyCrosshairs/128px/Base/Cross/CrossCircle6Split128.png	981
Assets/TooManyCrosshairs/128px/Base/Cross/CrossCircleXSplit128.png	1268
Assets/TooManyCrosshairs/128px/Base/Cross/CrossLeftHairCentered128.png	210
Assets/TooManyCrosshairs/128px/Base/Cross/CrossMiniTrianglesSolidInwards128.png	1172
Assets/TooManyCrosshairs/128px/Base/Cross/CrossMiniTrianglesSolidInwardsNotTop128.png	975
Assets/TooManyCrosshairs/128px/Base/Cross/CrossMiniTrianglesSolidOutwards128.png	1052
Assets/TooManyCrosshairs/128px/Base/Cross/CrossRightHairCentered128.png	210
Assets/TooManyCrosshairs/128px/Base/Cross/CrossRing128.png	1520
Assets/TooManyCrosshairs/128px/Base/Cross/CrossRing4Split128.png	1357
Assets/TooManyCrosshairs/128px/Base/Cross/CrossRingXSplit128.png	1423
Assets/TooManyCrosshairs/128px/Base/Cross/CrossSquare128.png	460
Assets/TooManyCrosshairs/128px/Base/Cross/CrossSquare2Split128.png	416
Assets/TooManyCrosshairs/128px/Base/Cross/CrossSquare4Split128.png	428
Assets/TooManyCrosshairs/128px/Base/Cross/CrossSquarexHair128.png	705
Assets/TooManyCrosshairs/128px/Base/Cross/CrossStriped128.png	399
Assets/TooManyCrosshairs/128px/Base/Cross/CrossStripedInner128.png	303
Assets/TooManyCrosshairs/128px/Base/Cross/CrossStripedOuter128.png	322
Assets/TooManyCrosshairs/128px/Base/Cross/CrossStripedThick128.png	502
Assets/TooManyCrosshairs/128px/Base/Cross/CrossTopHairCentered128.png	222
Assets/TooManyCrosshairs/128px/Base/Cross/tCross128.png	234
Assets/TooManyCrosshairs/128px/Base/Diamond/Diamond.png	527
Assets/TooManyCrosshairs/128px/Base/Diamond/Diamond4Split.png	478
Assets/TooManyCrosshairs/128px/Base/Diamond/Diamond4split2128.png	340
Assets/TooManyCrosshairs/128px/Base/Diamond/Diamond4split3128.png	414
Assets/TooManyCrosshairs/128px/Base/Diamond/Diamond4SplitCross128.png	686
Assets/TooManyCrosshairs/128px/Base/Diamond/Diamond4SplitSquare4Split128.png	752
Assets/TooManyCrosshairs/128px/Base/Diamond/DiamondCross128.png	721
Assets/TooManyCrosshairs/128px/Base/Dots/Dot128.png	242
Assets/TooManyCrosshairs/128px/Base/Dots/DotRect128.png	14776
Assets/TooManyCrosshairs/128px/Base/Hex/Hex128.png	1108
Assets/TooManyCrosshairs/128px/Base/Hex/HexTurned128.png	952
Assets/TooManyCrosshairs/128px/Base/Hex/HexTurned2Hair128.png	986
Assets/TooManyCrosshairs/128px/Base/Hex/HexTurned2HairVert128.png	1185
Assets/TooManyCrosshairs/128px/Base/Hex/HexTurned3Hair128.png	1106
Assets/TooManyCrosshairs/128px/Base/Hex/HexTurned6Hair128.png	1304
Assets/TooManyCrosshairs/128px/Base/Hex/HexTurned6HairCircle6Split128.png	1913
Assets/TooManyCrosshairs/128px/Base/Hex/HexTurnedRingXsplit128.png	2026
Assets/TooManyCrosshairs/128px/Base/Ring/Ring128.png	1449
Assets/TooManyCrosshairs/128px/Base/Ring/Ring4and8Split128.png	1423
Assets/TooManyCrosshairs/128px/Base/Ring/Ring4split128.png	1293
Assets/TooManyCrosshairs/128px/Base/Ring/Ring4SplitCircle4Split128.png	1293
Assets/TooManyCrosshairs/128px/Base/Ring/Ring8Split128.png	1348
Assets/TooManyCrosshairs/128px/Base/Ring/RingXsplit128.png	1345
Assets/TooManyCrosshairs/128px/Base/Square/Square128.png	372
Assets/TooManyCrosshairs/128px/Base/Square/Square2Split.png	420
Assets/TooManyCrosshairs/128px/Base/Square/Square2SplitxHair128.png	587
Assets/TooManyCrosshairs/128px/Base/Square/Square4Split128.png	366
Assets/TooManyCrosshairs/128px/Base/Square/Square4Splitbottom128.png	267
Assets/TooManyCrosshairs/128px/Base/Square/Square4Splitxhair128.png	609
Assets/TooManyCrosshairs/128px/Base/Square/SquareCirclexSplit128.png	1507
Assets/TooManyCrosshairs/128px/Base/Square/SquarexHair128.png	623
Assets/TooManyCrosshairs/128px/Base/Star/quadStar128.png	664
Assets/TooManyCrosshairs/128px/Base/Star/StarCarrotSharp128.png	1176
Assets/TooManyCrosshairs/128px/Base/Star/StarCircle128.png	1942
Assets/TooManyCrosshairs/128px/Base/Star/StarCircle6Split128.png	1643
Assets/TooManyCrosshairs/128px/Base/Star/StarHex128.png	1851
Assets/TooManyCrosshairs/128px/Base/Triangle/Triangle128.png	936
Assets/TooManyCrosshairs/128px/Base/Triangle/Triangle3Hairs128.png	1045
Assets/TooManyCrosshairs/128px/Base/Triangle/Triangle3Split128.png	788
Assets/TooManyCrosshairs/128px/Base/Triangle/TriangleSharpUp128.png	683
Assets/TooManyCrosshairs/128px/Base/Triangle/triangleupsidedown128.png	929
Assets/TooManyCrosshairs/128px/Base/Triangle/TriangSharpDown128.png	751
Assets/TooManyCrosshairs/128px/Base/TriHex/TriHex128.png	722
Assets/TooManyCrosshairs/128px/Base/TriHex/TriHex3Hairs128.png	895
Assets/TooManyCrosshairs/128px/Base/TriHex/TriHex3Hairs6Hairs128.png	1031
Assets/TooManyCrosshairs/128px/Base/TriHex/TriHexCircle3Split128.png	1801
Assets/TooManyCrosshairs/128px/Base/TriHex/TriHexHairsGrip128.png	884
Assets/TooManyCrosshairs/128px/Base/xHair/CarrotSharpX128.png	915
Assets/TooManyCrosshairs/128px/Base/xHair/xArrowHead128.png	837
Assets/TooManyCrosshairs/128px/Base/xHair/xArrowheadInwards128.png	884
Assets/TooManyCrosshairs/128px/Base/xHair/xHair128.png	290
Assets/TooManyCrosshairs/128px/Base/xHair/xHair30degCircle6Split128.png	1047
Assets/TooManyCrosshairs/128px/Base/xHair/xHairCircle128.png	1451
Assets/TooManyCrosshairs/128px/Base/xHair/xHairCircle3split128.png	1281
Assets/TooManyCrosshairs/128px/Base/xHair/xHairCircle4Split128.png	1280
Assets/TooManyCrosshairs/128px/Base/xHair/xHairCircle6Split128.png	1030
Assets/TooManyCrosshairs/128px/Base/xHair/xHairCircleXSplit128.png	1293
Assets/TooManyCrosshairs/128px/Base/xHair/xHairDiamond128.png	695
Assets/TooManyCrosshairs/128px/Base/xHair/xHairDiamond4Split128.png	574
Assets/TooManyCrosshairs/128px/Base/xHair/xHairHex128.png	1241
Assets/TooManyCrosshairs/128px/Base/xHair/xHairRing128.png	1571
Assets/TooManyCrosshairs/128px/Base/xHair/xHairRing4split128.png	1399
Assets/TooManyCrosshairs/128px/Base/xHair/xHairRingXsplit128.png	1464
Assets/TooManyCrosshairs/128px/Base/xHair/xTrianglesSolidInwards128.png	1171
Assets/TooManyCrosshairs/128px/Base/xHair/xTrianglesSolidOutwards128.png	1090
Assets/TooManyCrosshairs/128px/BaseDot/12HairDot/12HairCircle4SplitDot128.png	1560
Assets/TooManyCrosshairs/128px/BaseDot/12HairDot/12HairCircleDot128.png	1708
Assets/TooManyCrosshairs/128px/BaseDot/12HairDot/12HairRing4SplitDot128.png	1676
Assets/TooManyCrosshairs/128px/BaseDot/12HairDot/12HairRingDot128.png	1880
Assets/TooManyCrosshairs/128px/BaseDot/2HairDot/2HairDiagleftDot128.png	296
Assets/TooManyCrosshairs/128px/BaseDot/2HairDot/2HairDiagRightDot128.png	309
Assets/TooManyCrosshairs/128px/BaseDot/2HairDot/2HairHorizDot128.png	264
Assets/TooManyCrosshairs/128px/BaseDot/2HairDot/2HairSquare2SplitminiSquare128.png	401
Assets/TooManyCrosshairs/128px/BaseDot/2HairDot/2HairTriHex2Dot128.png	754
Assets/TooManyCrosshairs/128px/BaseDot/2HairDot/2HairVertDot128.png	292
Assets/TooManyCrosshairs/128px/BaseDot/2HairDot/2MiniTrianglesSolidInwardsDot128.png	800
Assets/TooManyCrosshairs/128px/BaseDot/2HairDot/2MiniTrianglesSolidOutwardsDot128.png	653
Assets/TooManyCrosshairs/128px/BaseDot/3HairDot/3ArrowheadOutwardsDot128.png	797
Assets/TooManyCrosshairs/128px/BaseDot/3HairDot/3HairAltTriHexDot128.png	932
Assets/TooManyCrosshairs/128px/BaseDot/3HairDot/3HairDownCircle3SplitDot128.png	1304
Assets/TooManyCrosshairs/128px/BaseDot/3HairDot/3HairDownCircle3SplitDownDot128.png	1073
Assets/TooManyCrosshairs/128px/BaseDot/3HairDot/3HairDownCircle3SplitDownTopRingSplitDot128.png	1375
Assets/TooManyCrosshairs/128px/BaseDot/3HairDot/3HairDownCircle3SplitUpDot128.png	664
Assets/TooManyCrosshairs/128px/BaseDot/3HairDot/3HairDownCircle3SplitUpRing2dDot128.png	947
Assets/TooManyCrosshairs/128px/BaseDot/3HairDot/3HairDownCircle3SplitUpRing2sDot128.png	1010
Assets/TooManyCrosshairs/128px/BaseDot/3HairDot/3HairDownCircle3SplitUpRing4Dot128.png	1263
Assets/TooManyCrosshairs/128px/BaseDot/3HairDot/3HairDownDot128.png	373
Assets/TooManyCrosshairs/128px/BaseDot/3HairDot/3HairDownMissingBottomCircle3SplitDot128.png	1306
Assets/TooManyCrosshairs/128px/BaseDot/3HairDot/3HairDownMissingTopCircle3SplitDot128.png	1259
Assets/TooManyCrosshairs/128px/BaseDot/3HairDot/3HairHexAltDot128.png	1210
Assets/TooManyCrosshairs/128px/BaseDot/3HairDot/3HairHexDot128.png	1250
Assets/TooManyCrosshairs/128px/BaseDot/3HairDot/3HairTriangleDot128.png	1087
Assets/TooManyCrosshairs/128px/BaseDot/3HairDot/3HairTriHexDot128.png	874
Assets/TooManyCrosshairs/128px/BaseDot/3HairDot/3HairUpCircle3SplitDot128.png	1315
Assets/TooManyCrosshairs/128px/BaseDot/3HairDot/3HairUpCircleDownHoleDot128.png	1451
Assets/TooManyCrosshairs/128px/BaseDot/3HairDot/3TriangleSolidInwardsDot128.png	846
Assets/TooManyCrosshairs/128px/BaseDot/3HairDot/3TriangleSolidOutwardsDot128.png	852
Assets/TooManyCrosshairs/128px/BaseDot/6HairDot/6HairCircle61SplitDot128.png	1045
Assets/TooManyCrosshairs/128px/BaseDot/6HairDot/6HairCircle62SplitDot128.png	1066
Assets/TooManyCrosshairs/128px/BaseDot/6HairDot/6HairCircle63SplitDot128.png	1087
Assets/TooManyCrosshairs/128px/BaseDot/6HairDot/6HairCircle64SplitDot128.png	1116
Assets/TooManyCrosshairs/128px/BaseDot/6HairDot/6HairCircle65SplitDot128.png	1129
Assets/TooManyCrosshairs/128px/BaseDot/6HairDot/6HairCircle6SplitDot128.png	1159
Assets/TooManyCrosshairs/128px/BaseDot/6HairDot/6HairCircleDot128.png	1370
Assets/TooManyCrosshairs/128px/BaseDot/6HairDot/6HairDot128.png	460
Assets/TooManyCrosshairs/128px/BaseDot/6HairDot/6HairHexDot128.png	1344
Assets/TooManyCrosshairs/128px/BaseDot/8HairDot/8Hair30degDot128.png	613
Assets/TooManyCrosshairs/128px/BaseDot/8HairDot/8HairCircle4SplitDot128.png	1387
Assets/TooManyCrosshairs/128px/BaseDot/8HairDot/8HairCirleDot128.png	1548
Assets/TooManyCrosshairs/128px/BaseDot/8HairDot/8HairDot128.png	416
Assets/TooManyCrosshairs/128px/BaseDot/8HairDot/8HairRing4SplitDot128.png	1501
Assets/TooManyCrosshairs/128px/BaseDot/8HairDot/8HairRingDot128.png	1681
Assets/TooManyCrosshairs/128px/BaseDot/8HairDot/8HairTriangleSolidIntwardsDot.png	2067
Assets/TooManyCrosshairs/128px/BaseDot/CarrotDot/biCarrotTallDot128.png	721
Assets/TooManyCrosshairs/128px/BaseDot/CarrotDot/biCarrotTallminiSquare128.png	709
Assets/TooManyCrosshairs/128px/BaseDot/CircleDot/Circle2SplitDot128.png	1351
Assets/TooManyCrosshairs/128px/BaseDot/CircleDot/Circle2SplitRing4SplitDot128.png	1478
Assets/TooManyCrosshairs/128px/BaseDot/CircleDot/Circle3pxDot128.png	1510
Assets/TooManyCrosshairs/128px/BaseDot/CircleDot/Circle4splitDot128.png	1211
Assets/TooManyCrosshairs/128px/BaseDot/CircleDot/Circle4splitOffset_NE128dot.png	1034
Assets/TooManyCrosshairs/128px/BaseDot/CircleDot/Circle4splitOffset_NW128Dot.png	1026
Assets/TooManyCrosshairs/128px/BaseDot/CircleDot/Circle4splitOffset_SEDot128.png	1032
Assets/TooManyCrosshairs/128px/BaseDot/CircleDot/Circle4splitOffset_SWDot128.png	1012
Assets/TooManyCrosshairs/128px/BaseDot/CircleDot/Circle4splitOffsetDownDot128.png	765
Assets/TooManyCrosshairs/128px/BaseDot/CircleDot/Circle4splitOffsetLeftDot128.png	823
Assets/TooManyCrosshairs/128px/BaseDot/CircleDot/Circle4splitOffsetNEDot128.png	540
Assets/TooManyCrosshairs/128px/BaseDot/CircleDot/Circle4splitOffsetNWDot128.png	568
Assets/TooManyCrosshairs/128px/BaseDot/CircleDot/Circle4splitOffsetRightDot128.png	799
Assets/TooManyCrosshairs/128px/BaseDot/CircleDot/Circle4splitOffsetSEDot128.png	534
Assets/TooManyCrosshairs/128px/BaseDot/CircleDot/Circle4splitOffsetSENWDot128.png	813
Assets/TooManyCrosshairs/128px/BaseDot/CircleDot/Circle4splitOffsetSWDot128.png	519
Assets/TooManyCrosshairs/128px/BaseDot/CircleDot/Circle4splitOffsetSWNEdot128.png	779
Assets/TooManyCrosshairs/128px/BaseDot/CircleDot/Circle4splitOffsetUpDot128.png	772
Assets/TooManyCrosshairs/128px/BaseDot/CircleDot/Circle6Split6ChainDot128.png	1505
Assets/TooManyCrosshairs/128px/BaseDot/CircleDot/Circle6SplitAnd8SplitDot128.png	1420
Assets/TooManyCrosshairs/128px/BaseDot/CircleDot/Circle6SplitDot128.png	994
Assets/TooManyCrosshairs/128px/BaseDot/CircleDot/Circle8Split1dot128.png	1185
Assets/TooManyCrosshairs/128px/BaseDot/CircleDot/Circle8Split2Dot128.png	1174
Assets/TooManyCrosshairs/128px/BaseDot/CircleDot/Circle8SplitDot128.png	1288
Assets/TooManyCrosshairs/128px/BaseDot/CircleDot/Circle8Splitminus2Dot128.png	1076
Assets/TooManyCrosshairs/128px/BaseDot/CircleDot/Circle8Splitminus3dot128.png	928
Assets/TooManyCrosshairs/128px/BaseDot/CircleDot/Circle8Splitminus4Dot128.png	839
Assets/TooManyCrosshairs/128px/BaseDot/CircleDot/Circle8Splitminus5Dot128.png	717
Assets/TooManyCrosshairs/128px/BaseDot/CircleDot/Circle8Splitminus6Dot128.png	569
Assets/TooManyCrosshairs/128px/BaseDot/CircleDot/Circle8Splitminus7dot128.png	399
Assets/TooManyCrosshairs/128px/BaseDot/CircleDot/Circle8SplitRing4SplitDot128.png	1523
Assets/TooManyCrosshairs/128px/BaseDot/CircleDot/CircleCenterInner3px128.png	2476
Assets/TooManyCrosshairs/128px/BaseDot/CircleDot/CircleDot128.png	1405
Assets/TooManyCrosshairs/128px/BaseDot/CircleDot/CircleRing4SplitDot128.png	1553
Assets/TooManyCrosshairs/128px/BaseDot/CircleDot/CircleRingDot128.png	1516
Assets/TooManyCrosshairs/128px/BaseDot/CircleDot/CircleRingXSplitDot128.png	1628
Assets/TooManyCrosshairs/128px/BaseDot/CircleDot/CircleXsplitDot128.png	1229
Assets/TooManyCrosshairs/128px/BaseDot/CrossDot/4ArrowHeadDot128.png	912
Assets/TooManyCrosshairs/128px/BaseDot/CrossDot/4ArrowheadInwardsDot128.png	914
Assets/TooManyCrosshairs/128px/BaseDot/CrossDot/CarrotSharpCrossDot128.png	1028
Assets/TooManyCrosshairs/128px/BaseDot/CrossDot/CrossCircle4SplitDot128.png	1279
Assets/TooManyCrosshairs/128px/BaseDot/CrossDot/CrossCircle4SplitOffSet_NEdot128.png	1067
Assets/TooManyCrosshairs/128px/BaseDot/CrossDot/CrossCircle4SplitOffSet_NWdot128.png	1092
Assets/TooManyCrosshairs/128px/BaseDot/CrossDot/CrossCircle4SplitOffSet_SEdot128.png	1079
Assets/TooManyCrosshairs/128px/BaseDot/CrossDot/CrossCircle4SplitOffSet_SWdot128.png	1076
Assets/TooManyCrosshairs/128px/BaseDot/CrossDot/CrossCircle4SplitOffSetDownDot128.png	839
Assets/TooManyCrosshairs/128px/BaseDot/CrossDot/CrossCircle4SplitOffSetLeftDot128.png	888
Assets/TooManyCrosshairs/128px/BaseDot/CrossDot/CrossCircle4splitOffsetNEDot128.png	614
Assets/TooManyCrosshairs/128px/BaseDot/CrossDot/CrossCircle4splitOffsetNESWDot128.png	868
Assets/TooManyCrosshairs/128px/BaseDot/CrossDot/CrossCircle4splitOffsetNWDot128.png	638
Assets/TooManyCrosshairs/128px/BaseDot/CrossDot/CrossCircle4splitOffsetNWSEDot128.png	840
Assets/TooManyCrosshairs/128px/BaseDot/CrossDot/CrossCircle4SplitOffSetRightDot128.png	863
Assets/TooManyCrosshairs/128px/BaseDot/CrossDot/CrossCircle4splitOffsetSEDot128.png	604
Assets/TooManyCrosshairs/128px/BaseDot/CrossDot/CrossCircle4splitOffsetSWDot128.png	615
Assets/TooManyCrosshairs/128px/BaseDot/CrossDot/CrossCircle4SplitOffSetUpDot128.png	845
Assets/TooManyCrosshairs/128px/BaseDot/CrossDot/CrossCircle6SplitDot128.png	1031
Assets/TooManyCrosshairs/128px/BaseDot/CrossDot/CrossCircleDot128.png	1445
Assets/TooManyCrosshairs/128px/BaseDot/CrossDot/CrossCircleXSplitDot128.png	1268
Assets/TooManyCrosshairs/128px/BaseDot/CrossDot/CrossDot128.png	313
Assets/TooManyCrosshairs/128px/BaseDot/CrossDot/CrossminiSquare128.png	288
Assets/TooManyCrosshairs/128px/BaseDot/CrossDot/CrossMiniTrianglesSolidInwardsDot128.png	1227
Assets/TooManyCrosshairs/128px/BaseDot/CrossDot/CrossMiniTrianglesSolidInwardsNotTopDot128.png	1021
Assets/TooManyCrosshairs/128px/BaseDot/CrossDot/CrossMiniTrianglesSolidOutwardsDotC128.png	1064
Assets/TooManyCrosshairs/128px/BaseDot/CrossDot/CrossMiniTrianglesSolidOutwardsDotS128.png	1080
Assets/TooManyCrosshairs/128px/BaseDot/CrossDot/CrossRing4SplitDot128.png	1396
Assets/TooManyCrosshairs/128px/BaseDot/CrossDot/CrossRingDot128.png	1568
Assets/TooManyCrosshairs/128px/BaseDot/CrossDot/CrossRingXsplitDot128.png	1469
Assets/TooManyCrosshairs/128px/BaseDot/CrossDot/CrossSquare2SplitminiSquare128.png	450
Assets/TooManyCrosshairs/128px/BaseDot/CrossDot/CrossSquare4SplitminiSquare128.png	468
Assets/TooManyCrosshairs/128px/BaseDot/CrossDot/CrossSquareDot128.png	538
Assets/TooManyCrosshairs/128px/BaseDot/CrossDot/CrossSquareSquare128.png	484
Assets/TooManyCrosshairs/128px/BaseDot/CrossDot/CrossSquarexHairDot128.png	778
Assets/TooManyCrosshairs/128px/BaseDot/CrossDot/tCrossDot128.png	291
Assets/TooManyCrosshairs/128px/BaseDot/DiamondDot/Diamond4split2dot128.png	388
Assets/TooManyCrosshairs/128px/BaseDot/DiamondDot/Diamond4split3dot128.png	460
Assets/TooManyCrosshairs/128px/BaseDot/DiamondDot/Diamond4SplitCrossDot128.png	723
Assets/TooManyCrosshairs/128px/BaseDot/DiamondDot/Diamond4SplitDot128.png	525
Assets/TooManyCrosshairs/128px/BaseDot/DiamondDot/Diamond4SplitSquare4SplitDot128.png	795
Assets/TooManyCrosshairs/128px/BaseDot/DiamondDot/DiamondCrossDot128.png	718
Assets/TooManyCrosshairs/128px/BaseDot/DiamondDot/DiamondDot128.png	562
Assets/TooManyCrosshairs/128px/BaseDot/DiamondDot/DiamondMiniSquare128.png	546
Assets/TooManyCrosshairs/128px/BaseDot/HexDot/HexDot128.png	1118
Assets/TooManyCrosshairs/128px/BaseDot/HexDot/HextTurnedDot128.png	1013
Assets/TooManyCrosshairs/128px/BaseDot/HexDot/HexTurned2HairDot128.png	1055
Assets/TooManyCrosshairs/128px/BaseDot/HexDot/HexTurned2HairVertDot128.png	1243
Assets/TooManyCrosshairs/128px/BaseDot/HexDot/HexTurned3HairDot128.png	1166
Assets/TooManyCrosshairs/128px/BaseDot/HexDot/HexTurned6HairCircle6SplitDot128.png	1976
Assets/TooManyCrosshairs/128px/BaseDot/HexDot/HexTurned6HairDot128.png	1311
Assets/TooManyCrosshairs/128px/BaseDot/RingDot/Ring4and8SplitDot128.png	1462
Assets/TooManyCrosshairs/128px/BaseDot/RingDot/Ring4SplitCircle8SplitDot128.png	1329
Assets/TooManyCrosshairs/128px/BaseDot/RingDot/Ring4splitDot128.png	1329
Assets/TooManyCrosshairs/128px/BaseDot/RingDot/Ring8SplitDot128.png	1443
Assets/TooManyCrosshairs/128px/BaseDot/RingDot/RingXsplitDot128.png	1402
Assets/TooManyCrosshairs/128px/BaseDot/SquareDot/Square2SplitminiSquare128.png	381
Assets/TooManyCrosshairs/128px/BaseDot/SquareDot/Square2SplitxHairminiSquare128.png	634
Assets/TooManyCrosshairs/128px/BaseDot/SquareDot/Square4SplitbottomMiniSquare128.png	300
Assets/TooManyCrosshairs/128px/BaseDot/SquareDot/Square4SplitDot128.png	426
Assets/TooManyCrosshairs/128px/BaseDot/SquareDot/Square4SplitminiSquare128.png	398
Assets/TooManyCrosshairs/128px/BaseDot/SquareDot/Square4Splitxhairminisquare128.png	643
Assets/TooManyCrosshairs/128px/BaseDot/SquareDot/SquareCirclexSplitDot128.png	1573
Assets/TooManyCrosshairs/128px/BaseDot/SquareDot/SquareDot128.png	455
Assets/TooManyCrosshairs/128px/BaseDot/SquareDot/SquareSquare128.png	405
Assets/TooManyCrosshairs/128px/BaseDot/SquareDot/SquarexHairDot128.png	690
Assets/TooManyCrosshairs/128px/BaseDot/StarDot/quadStarMiniSquare128.png	712
Assets/TooManyCrosshairs/128px/BaseDot/StarDot/StarCarrotSharpDot128.png	1217
Assets/TooManyCrosshairs/128px/BaseDot/StarDot/StarCircle6SplitDot128.png	1698
Assets/TooManyCrosshairs/128px/BaseDot/StarDot/StarCircleDot128.png	1994
Assets/TooManyCrosshairs/128px/BaseDot/StarDot/StarHexDot128.png	1866
Assets/TooManyCrosshairs/128px/BaseDot/TriangleDot/Triangle3HairsDot128.png	1076
Assets/TooManyCrosshairs/128px/BaseDot/TriangleDot/Triangle3SplitDot128.png	721
Assets/TooManyCrosshairs/128px/BaseDot/TriangleDot/TriangleDot128.png	980
Assets/TooManyCrosshairs/128px/BaseDot/TriangleDot/TriangleSharpUpDot128.png	731
Assets/TooManyCrosshairs/128px/BaseDot/TriangleDot/triangleupsidedownDot128.png	960
Assets/TooManyCrosshairs/128px/BaseDot/TriangleDot/TriangSharpDownDot128.png	802
Assets/TooManyCrosshairs/128px/BaseDot/TriHexDot/TriHex3Hairs6hairsDot128.png	1071
Assets/TooManyCrosshairs/128px/BaseDot/TriHexDot/TriHex3HairsDot128.png	932
Assets/TooManyCrosshairs/128px/BaseDot/TriHexDot/TriHexCircle3SplitDot128.png	1811
Assets/TooManyCrosshairs/128px/BaseDot/TriHexDot/TriHexDot128.png	761
Assets/TooManyCrosshairs/128px/BaseDot/TriHexDot/TriHexHairsGripDot128.png	927
Assets/TooManyCrosshairs/128px/BaseDot/xhairDot/CarrotSharpXdot128.png	962
Assets/TooManyCrosshairs/128px/BaseDot/xhairDot/xArrowHeadDot128.png	880
Assets/TooManyCrosshairs/128px/BaseDot/xhairDot/xArrowheadInwardsDot128.png	944
Assets/TooManyCrosshairs/128px/BaseDot/xhairDot/xHair30degCircle6SplitDot128.png	1114
Assets/TooManyCrosshairs/128px/BaseDot/xhairDot/xHairCircle3splitDot128.png	1341
Assets/TooManyCrosshairs/128px/BaseDot/xhairDot/xHairCircle4SplitDot128.png	1321
Assets/TooManyCrosshairs/128px/BaseDot/xhairDot/xHairCircle6SplitDot128.png	1096
Assets/TooManyCrosshairs/128px/BaseDot/xhairDot/xHairCircleDot128.png	1507
Assets/TooManyCrosshairs/128px/BaseDot/xhairDot/xHairCircleXSplitDot128.png	1353
Assets/TooManyCrosshairs/128px/BaseDot/xhairDot/xHairDiamond4SplitDot128.png	617
Assets/TooManyCrosshairs/128px/BaseDot/xhairDot/xHairDiamondDot128.png	735
Assets/TooManyCrosshairs/128px/BaseDot/xhairDot/xHairDot128.png	345
Assets/TooManyCrosshairs/128px/BaseDot/xhairDot/xHairHexDot128.png	1269
Assets/TooManyCrosshairs/128px/BaseDot/xhairDot/xHairRing4splitDot128.png	1437
Assets/TooManyCrosshairs/128px/BaseDot/xhairDot/xHairRingDot128.png	1625
Assets/TooManyCrosshairs/128px/BaseDot/xhairDot/xHairRingXsplitDot128.png	1520
Assets/TooManyCrosshairs/128px/BaseDot/xhairDot/xTrianglesSolidInwardsDot128.png	1216
Assets/TooManyCrosshairs/128px/BaseDot/xhairDot/xTrianglesSolidOutwardsDot128.png	1135
Assets/TooManyCrosshairs/128px/Glow/12Hair/12Hair128Glow.png	80649
Assets/TooManyCrosshairs/128px/Glow/12Hair/12HairCircle128Glow.png	80649
Assets/TooManyCrosshairs/128px/Glow/12Hair/12HairCircle4Split128Glow.png	80649
Assets/TooManyCrosshairs/128px/Glow/12Hair/12HairRing128Glow.png	80649
Assets/TooManyCrosshairs/128px/Glow/12Hair/12HairRing4Split128Glow.png	80649
Assets/TooManyCrosshairs/128px/Glow/2Hair/2HairDiagleft128Glow.png	80649
Assets/TooManyCrosshairs/128px/Glow/2Hair/2HairDiagRight128Glow.png	80649
Assets/TooManyCrosshairs/128px/Glow/2Hair/2HairHoriz128Glow.png	80649
Assets/TooManyCrosshairs/128px/Glow/2Hair/2HairSquare2Split128Glow.png	80649
Assets/TooManyCrosshairs/128px/Glow/2Hair/2HairTriHex2Glow.png	80649
Assets/TooManyCrosshairs/128px/Glow/2Hair/2HairVert128Glow.png	80649
Assets/TooManyCrosshairs/128px/Glow/2Hair/2MiniTrianglesSolidInwards128Glow.png	80649
Assets/TooManyCrosshairs/128px/Glow/2Hair/2MiniTrianglesSolidOutwards128Glow.png	80649
Assets/TooManyCrosshairs/128px/Glow/3Hair/3ArrowheadOutwards128Glow.png	80649
Assets/TooManyCrosshairs/128px/Glow/3Hair/3HairAltTriHex128Glow.png	80649
Assets/TooManyCrosshairs/128px/Glow/3Hair/3HairDown128Glow.png	80649
Assets/TooManyCrosshairs/128px/Glow/3Hair/3HairDownCircle3Split128Glow.png	80649
Assets/TooManyCrosshairs/128px/Glow/3Hair/3HairDownCircle3SplitDown128Glow.png	80649
Assets/TooManyCrosshairs/128px/Glow/3Hair/3HairDownCircle3SplitDownTopRingSplit128Glow.png	80649
Assets/TooManyCrosshairs/128px/Glow/3Hair/3HairDownCircle3SplitUp128Glow.png	80649
Assets/TooManyCrosshairs/128px/Glow/3Hair/3HairDownCircle3SplitUpRing2d128Glow.png	80649
Assets/TooManyCrosshairs/128px/Glow/3Hair/3HairDownCircle3SplitUpRing2s128Glow.png	80649
Assets/TooManyCrosshairs/128px/Glow/3Hair/3HairDownCircle3SplitUpRing4128Glow.png	80649
Assets/TooManyCrosshairs/128px/Glow/3Hair/3HairDownMissingBottomCircle3Split128Glow.png	80649
Assets/TooManyCrosshairs/128px/Glow/3Hair/3HairDownMissingTopCircle3Split128Glow.png	80640
Assets/TooManyCrosshairs/128px/Glow/3Hair/3HairHex128Glow.png	80649
Assets/TooManyCrosshairs/128px/Glow/3Hair/3HairHexAlt128Glow.png	80649
Assets/TooManyCrosshairs/128px/Glow/3Hair/3HairTriangle128Glow.png	80649
Assets/TooManyCrosshairs/128px/Glow/3Hair/3HairTriHex128Glow.png	80649
Assets/TooManyCrosshairs/128px/Glow/3Hair/3HairUpCircle3Split128Glow.png	80649
Assets/TooManyCrosshairs/128px/Glow/3Hair/3HairUpCircleDownHole128Glow.png	80649
Assets/TooManyCrosshairs/128px/Glow/3Hair/3TriangleSolidInwards128Glow.png	80649
Assets/TooManyCrosshairs/128px/Glow/3Hair/3TriangleSolidOutwards128Glow.png	80649
Assets/TooManyCrosshairs/128px/Glow/6Hair/6Hair128Glow.png	80649
Assets/TooManyCrosshairs/128px/Glow/6Hair/6HairCircle128Glow.png	80649
Assets/TooManyCrosshairs/128px/Glow/6Hair/6HairCircle6Split128Glow.png	80649
Assets/TooManyCrosshairs/128px/Glow/6Hair/6HairDot128Glow.png	80649
Assets/TooManyCrosshairs/128px/Glow/6Hair/6HairHex128Glow.png	80649
Assets/TooManyCrosshairs/128px/Glow/8Hair/8Hair128Glow.png	80649
Assets/TooManyCrosshairs/128px/Glow/8Hair/8Hair30deg128Glow.png	80649
Assets/TooManyCrosshairs/128px/Glow/8Hair/8HairCircle4Split128Glow.png	80649
Assets/TooManyCrosshairs/128px/Glow/8Hair/8HairCirle128Glow.png	80649
Assets/TooManyCrosshairs/128px/Glow/8Hair/8HairDot128Glow.png	80649
Assets/TooManyCrosshairs/128px/Glow/8Hair/8HairRing128Glow.png	80649
Assets/TooManyCrosshairs/128px/Glow/8Hair/8HairRing4Split128Glow.png	80649
Assets/TooManyCrosshairs/128px/Glow/8Hair/8HairTriangleSolidIntwards128Glow.png	80649
Assets/TooManyCrosshairs/128px/Glow/8Hair/8HairTriangleSolidOutwardsGlow.png	80649
Assets/TooManyCrosshairs/128px/Glow/Carrot/biCarrotTall128Glow.png	80649
Assets/TooManyCrosshairs/128px/Glow/Carrot/biCarrotTallminiSquare128Glow.png	80649
Assets/TooManyCrosshairs/128px/Glow/Carrot/CarrotDown128Glow.png	80649
Assets/TooManyCrosshairs/128px/Glow/Carrot/CarrotDownCentered128Glow.png	80649
Assets/TooManyCrosshairs/128px/Glow/Carrot/CarrotDownSolidCentered128Glow.png	80649
Assets/TooManyCrosshairs/128px/Glow/Carrot/CarrotDownSolidTrueCenter128Glow.png	80649
Assets/TooManyCrosshairs/128px/Glow/Carrot/CarrotSharpCentered128Glow.png	80649
Assets/TooManyCrosshairs/128px/Glow/Carrot/CarrotSharpCross128Glow.png	80649
Assets/TooManyCrosshairs/128px/Glow/Carrot/CarrotSharpDownCentered128Glow.png	80649
Assets/TooManyCrosshairs/128px/Glow/Carrot/CarrotSharpUp128Glow.png	80649
Assets/TooManyCrosshairs/128px/Glow/Carrot/CarrotSharpX128Glow.png	80649
Assets/TooManyCrosshairs/128px/Glow/Carrot/CarrotUp128Glow.png	80649
Assets/TooManyCrosshairs/128px/Glow/Carrot/CarrotUpCentered128Glow.png	80649
Assets/TooManyCrosshairs/128px/Glow/Carrot/CarrotUpSolidCentered128Glow.png	80649
Assets/TooManyCrosshairs/128px/Glow/Carrot/CarrotUpSolidTrueCenter128Glow.png	80649
Assets/TooManyCrosshairs/128px/Glow/Circle/Circle128Glow.png	80649
Assets/TooManyCrosshairs/128px/Glow/Circle/Circle2Split128Glow.png	80649
Assets/TooManyCrosshairs/128px/Glow/Circle/Circle2SplitRing4Split128Glow.png	80649
Assets/TooManyCrosshairs/128px/Glow/Circle/Circle3px128Glow.png	80649
Assets/TooManyCrosshairs/128px/Glow/Circle/Circle4split128Glow.png	80649
Assets/TooManyCrosshairs/128px/Glow/Circle/Circle4splitOffset_NE128Glow.png	80649
Assets/TooManyCrosshairs/128px/Glow/Circle/Circle4splitOffset_NW128Glow.png	80649
Assets/TooManyCrosshairs/128px/Glow/Circle/Circle4splitOffset_SE128Glow.png	80649
Assets/TooManyCrosshairs/128px/Glow/Circle/Circle4splitOffset_SW128Glow.png	80649
Assets/TooManyCrosshairs/128px/Glow/Circle/Circle4splitOffsetDown128Glow.png	80649
Assets/TooManyCrosshairs/128px/Glow/Circle/Circle4splitOffsetLeft128Glow.png	80649
Assets/TooManyCrosshairs/128px/Glow/Circle/Circle4splitOffsetNE128Glow.png	80649
Assets/TooManyCrosshairs/128px/Glow/Circle/Circle4splitOffsetNW128Glow.png	80649
Assets/TooManyCrosshairs/128px/Glow/Circle/Circle4splitOffsetRight128Glow.png	80649
Assets/TooManyCrosshairs/128px/Glow/Circle/Circle4splitOffsetSE128Glow.png	80649
Assets/TooManyCrosshairs/128px/Glow/Circle/Circle4splitOffsetSENW128Glow.png	80649
Assets/TooManyCrosshairs/128px/Glow/Circle/Circle4splitOffsetSW128Glow.png	80649
Assets/TooManyCrosshairs/128px/Glow/Circle/Circle4splitOffsetSWNE128Glow.png	80649
Assets/TooManyCrosshairs/128px/Glow/Circle/Circle4splitOffsetUp128Glow.png	80649
Assets/TooManyCrosshairs/128px/Glow/Circle/Circle6Split128Glow.png	80640
Assets/TooManyCrosshairs/128px/Glow/Circle/Circle6Split6Chain128Glow.png	80640
Assets/TooManyCrosshairs/128px/Glow/Circle/Circle6SplitAnd8Split128Glow.png	80649
Assets/TooManyCrosshairs/128px/Glow/Circle/Circle8Split1128Glow.png	80649
Assets/TooManyCrosshairs/128px/Glow/Circle/Circle8Split128Glow.png	80649
Assets/TooManyCrosshairs/128px/Glow/Circle/Circle8Split2128Glow.png	80649
Assets/TooManyCrosshairs/128px/Glow/Circle/Circle8Splitminus2128Glow.png	80649
Assets/TooManyCrosshairs/128px/Glow/Circle/Circle8Splitminus3128Glow.png	80649
Assets/TooManyCrosshairs/128px/Glow/Circle/Circle8Splitminus4128Glow.png	80649
Assets/TooManyCrosshairs/128px/Glow/Circle/Circle8Splitminus5128Glow.png	80649
Assets/TooManyCrosshairs/128px/Glow/Circle/Circle8Splitminus6128Glow.png	80649
Assets/TooManyCrosshairs/128px/Glow/Circle/Circle8Splitminus7128Glow.png	80649
Assets/TooManyCrosshairs/128px/Glow/Circle/Circle8SplitRing4Split128Glow.png	80649
Assets/TooManyCrosshairs/128px/Glow/Circle/CircleCenter3px128Glow.png	80649
Assets/TooManyCrosshairs/128px/Glow/Circle/CircleInner3px128Glow.png	80649
Assets/TooManyCrosshairs/128px/Glow/Circle/CircleRing128Glow.png	80649
Assets/TooManyCrosshairs/128px/Glow/Circle/CircleRing4Split128Glow.png	80649
Assets/TooManyCrosshairs/128px/Glow/Circle/CircleRingXSplit128Glow.png	80649
Assets/TooManyCrosshairs/128px/Glow/Circle/CircleXsplit128Glow.png	80649
Assets/TooManyCrosshairs/128px/Glow/Cross/4ArrowHead128Glow.png	80649
Assets/TooManyCrosshairs/128px/Glow/Cross/4ArrowheadInwards128Glow.png	80649
Assets/TooManyCrosshairs/128px/Glow/Cross/Cross128Glow.png	80649
Assets/TooManyCrosshairs/128px/Glow/Cross/CrossBottomHairCentered128Glow.png	80649
Assets/TooManyCrosshairs/128px/Glow/Cross/CrossCircle128Glow.png	80649
Assets/TooManyCrosshairs/128px/Glow/Cross/CrossCircle4Split128Glow.png	80649
Assets/TooManyCrosshairs/128px/Glow/Cross/CrossCircle4SplitOffSet_NE128Glow.png	80649
Assets/TooManyCrosshairs/128px/Glow/Cross/CrossCircle4SplitOffSet_NW128Glow.png	80649
Assets/TooManyCrosshairs/128px/Glow/Cross/CrossCircle4SplitOffSet_SE128Glow.png	80649
Assets/TooManyCrosshairs/128px/Glow/Cross/CrossCircle4SplitOffSet_SW128Glow.png	80649
Assets/TooManyCrosshairs/128px/Glow/Cross/CrossCircle4SplitOffSetDown128Glow.png	80649
Assets/TooManyCrosshairs/128px/Glow/Cross/CrossCircle4SplitOffSetLeft128Glow.png	80649
Assets/TooManyCrosshairs/128px/Glow/Cross/CrossCircle4splitOffsetNE128Glow.png	80649
Assets/TooManyCrosshairs/128px/Glow/Cross/CrossCircle4splitOffsetNESW128Glow.png	80649
Assets/TooManyCrosshairs/128px/Glow/Cross/CrossCircle4splitOffsetNW128Glow.png	80649
Assets/TooManyCrosshairs/128px/Glow/Cross/CrossCircle4splitOffsetNWSED128Glow.png	80649
Assets/TooManyCrosshairs/128px/Glow/Cross/CrossCircle4SplitOffSetRight128Glow.png	80649
Assets/TooManyCrosshairs/128px/Glow/Cross/CrossCircle4splitOffsetSE128Glow.png	80649
Assets/TooManyCrosshairs/128px/Glow/Cross/CrossCircle4splitOffsetSW128Glow.png	80649
Assets/TooManyCrosshairs/128px/Glow/Cross/CrossCircle4SplitOffSetUp128Glow.png	80649
Assets/TooManyCrosshairs/128px/Glow/Cross/CrossCircle6Split128Glow.png	80649
Assets/TooManyCrosshairs/128px/Glow/Cross/CrossCircleXSplit128Glow.png	80649
Assets/TooManyCrosshairs/128px/Glow/Cross/CrossMiniTrianglesSolidInwards128Glow.png	80649
Assets/TooManyCrosshairs/128px/Glow/Cross/CrossMiniTrianglesSolidInwardsNotTop128Glow.png	80649
Assets/TooManyCrosshairs/128px/Glow/Cross/CrossMiniTrianglesSolidOutwards128Glow.png	80649
Assets/TooManyCrosshairs/128px/Glow/Cross/CrossRightHairCentered128Glow.png	80649
Assets/TooManyCrosshairs/128px/Glow/Cross/CrossRing128Glow.png	80649
Assets/TooManyCrosshairs/128px/Glow/Cross/CrossRing4Split128Glow.png	80649
Assets/TooManyCrosshairs/128px/Glow/Cross/CrossRingXSplit128Glow.png	80640
Assets/TooManyCrosshairs/128px/Glow/Cross/CrossSquare128Glow.png	80649
Assets/TooManyCrosshairs/128px/Glow/Cross/CrossSquare2Split128Glow.png	80649
Assets/TooManyCrosshairs/128px/Glow/Cross/CrossSquare4Split128Glow.png	80649
Assets/TooManyCrosshairs/128px/Glow/Cross/CrossSquarexHair128Glow.png	80649
Assets/TooManyCrosshairs/128px/Glow/Cross/CrossStriped128Glow.png	80649
Assets/TooManyCrosshairs/128px/Glow/Cross/CrossStripedInner128Glow.png	80649
Assets/TooManyCrosshairs/128px/Glow/Cross/CrossStripedOuter128Glow.png	80649
Assets/TooManyCrosshairs/128px/Glow/Cross/CrossStripedThick128Glow.png	80649
Assets/TooManyCrosshairs/128px/Glow/Cross/CrossTopHairCentered128Glow.png	80649
Assets/TooManyCrosshairs/128px/Glow/Cross/tCross128Glow.png	80649
Assets/TooManyCrosshairs/128px/Glow/Diamond/Diamond4split2128Glow.png	80649
Assets/TooManyCrosshairs/128px/Glow/Diamond/Diamond4split3128Glow.png	80649
Assets/TooManyCrosshairs/128px/Glow/Diamond/Diamond4SplitCross128Glow.png	80649
Assets/TooManyCrosshairs/128px/Glow/Diamond/Diamond4SplitGlow.png	80649
Assets/TooManyCrosshairs/128px/Glow/Diamond/Diamond4SplitSquare4Split128Glow.png	80649
Assets/TooManyCrosshairs/128px/Glow/Diamond/DiamondCross128Glow.png	80649
Assets/TooManyCrosshairs/128px/Glow/Diamond/DiamondGlow.png	80649
Assets/TooManyCrosshairs/128px/Glow/Dots/Dot128Glow.png	80649
Assets/TooManyCrosshairs/128px/Glow/Dots/DotRect128Glow.png	81091
Assets/TooManyCrosshairs/128px/Glow/Hex/Hex128Glow.png	80649
Assets/TooManyCrosshairs/128px/Glow/Hex/HexTurned128Glow.png	80649
Assets/TooManyCrosshairs/128px/Glow/Hex/HexTurned2Hair128Glow.png	80649
Assets/TooManyCrosshairs/128px/Glow/Hex/HexTurned2HairVert128Glow.png	80649
Assets/TooManyCrosshairs/128px/Glow/Hex/HexTurned3Hair128Glow.png	80649
Assets/TooManyCrosshairs/128px/Glow/Hex/HexTurned6Hair128Glow.png	80649
Assets/TooManyCrosshairs/128px/Glow/Hex/HexTurned6HairCircle6Split128Glow.png	80649
Assets/TooManyCrosshairs/128px/Glow/Hex/HexTurnedRingXsplit128Glow.png	80649
Assets/TooManyCrosshairs/128px/Glow/Ring/Ring128Glow.png	80649
Assets/TooManyCrosshairs/128px/Glow/Ring/Ring4and8Split128Glow.png	80649
Assets/TooManyCrosshairs/128px/Glow/Ring/Ring4split128Glow.png	80649
Assets/TooManyCrosshairs/128px/Glow/Ring/Ring4SplitCircle4Split128Glow.png	80649
Assets/TooManyCrosshairs/128px/Glow/Ring/Ring8Split128Glow.png	80649
Assets/TooManyCrosshairs/128px/Glow/Ring/RingXsplit128Glow.png	80649
Assets/TooManyCrosshairs/128px/Glow/Square/Square128Glow.png	80649
Assets/TooManyCrosshairs/128px/Glow/Square/Square2SplitGlow.png	80649
Assets/TooManyCrosshairs/128px/Glow/Square/Square2SplitxHair128Glow.png	80649
Assets/TooManyCrosshairs/128px/Glow/Square/Square4Split128Glow.png	80649
Assets/TooManyCrosshairs/128px/Glow/Square/Square4Splitbottom128Glow.png	80649
Assets/TooManyCrosshairs/128px/Glow/Square/Square4Splitxhair128Glow.png	80649
Assets/TooManyCrosshairs/128px/Glow/Square/SquareCirclexSplit128Glow.png	80649
Assets/TooManyCrosshairs/128px/Glow/Square/SquarexHair128Glow.png	80649
Assets/TooManyCrosshairs/128px/Glow/Star/quadStar128Glow.png	80649
Assets/TooManyCrosshairs/128px/Glow/Star/StarCarrotSharp128Glow.png	80649
Assets/TooManyCrosshairs/128px/Glow/Star/StarCircle128Glow.png	80649
Assets/TooManyCrosshairs/128px/Glow/Star/StarCircle6Split128Glow.png	80649
Assets/TooManyCrosshairs/128px/Glow/Star/StarHex128Glow.png	80649
Assets/TooManyCrosshairs/128px/Glow/Triangle/Triangle128Glow.png	80649
Assets/TooManyCrosshairs/128px/Glow/Triangle/Triangle3Hairs128Glow.png	80649
Assets/TooManyCrosshairs/128px/Glow/Triangle/Triangle3Split128Glow.png	80649
Assets/TooManyCrosshairs/128px/Glow/Triangle/TriangleSharpUp128Glow.png	80649
Assets/TooManyCrosshairs/128px/Glow/Triangle/triangleupsidedown128Glow.png	80649
Assets/TooManyCrosshairs/128px/Glow/Triangle/TriangSharpDown128Glow.png	80649
Assets/TooManyCrosshairs/128px/Glow/TriHex/TriHex128Glow.png	80649
Assets/TooManyCrosshairs/128px/Glow/TriHex/TriHex3Hairs128Glow.png	80649
Assets/TooManyCrosshairs/128px/Glow/TriHex/TriHex3Hairs6Hairs128Glow.png	80649
Assets/TooManyCrosshairs/128px/Glow/TriHex/TriHexCircle3Split128Glow.png	80649
Assets/TooManyCrosshairs/128px/Glow/TriHex/TriHexHairsGrip128Glow.png	80649
Assets/TooManyCrosshairs/128px/Glow/xhair/xArrowHead128Glow.png	80649
Assets/TooManyCrosshairs/128px/Glow/xhair/xArrowheadInwards128Glow.png	80649
Assets/TooManyCrosshairs/128px/Glow/xhair/xHair128Glow.png	80649
Assets/TooManyCrosshairs/128px/Glow/xhair/xHair30degCircle6Split128Glow.png	80649
Assets/TooManyCrosshairs/128px/Glow/xhair/xHairCircle128Glow.png	80649
Assets/TooManyCrosshairs/128px/Glow/xhair/xHairCircle3split128Glow.png	80649
Assets/TooManyCrosshairs/128px/Glow/xhair/xHairCircle4Split128Glow.png	80649
Assets/TooManyCrosshairs/128px/Glow/xhair/xHairCircle6Split128Glow.png	80649
Assets/TooManyCrosshairs/128px/Glow/xhair/xHairCircleXSplit128Glow.png	80649
Assets/TooManyCrosshairs/128px/Glow/xhair/xHairDiamond128Glow.png	80649
Assets/TooManyCrosshairs/128px/Glow/xhair/xHairDiamond4Split128Glow.png	80649
Assets/TooManyCrosshairs/128px/Glow/xhair/xHairDot128Glow.png	80649
Assets/TooManyCrosshairs/128px/Glow/xhair/xHairHex128Glow.png	80649
Assets/TooManyCrosshairs/128px/Glow/xhair/xHairRing128Glow.png	80649
Assets/TooManyCrosshairs/128px/Glow/xhair/xHairRing4split128Glow.png	80649
Assets/TooManyCrosshairs/128px/Glow/xhair/xHairRingXsplit128Glow.png	80649
Assets/TooManyCrosshairs/128px/Glow/xhair/xTrianglesSolidInwards128Glow.png	80649
Assets/TooManyCrosshairs/128px/Glow/xhair/xTrianglesSolidOutwards128Glow.png	80649
Assets/TooManyCrosshairs/128px/GlowDot/12HairDotGlow/12HairCircle4SplitDot128Glow.png	80649
Assets/TooManyCrosshairs/128px/GlowDot/12HairDotGlow/12HairCircleDot128Glow.png	80649
Assets/TooManyCrosshairs/128px/GlowDot/12HairDotGlow/12HairRing4SplitDot128Glow.png	80649
Assets/TooManyCrosshairs/128px/GlowDot/12HairDotGlow/12HairRingDot128Glow.png	80649
Assets/TooManyCrosshairs/128px/GlowDot/2HairDotGlow/2HairDiagleftDot128Glow.png	80649
Assets/TooManyCrosshairs/128px/GlowDot/2HairDotGlow/2HairDiagRightDot128Glow.png	80649
Assets/TooManyCrosshairs/128px/GlowDot/2HairDotGlow/2HairHorizDot128Glow.png	80649
Assets/TooManyCrosshairs/128px/GlowDot/2HairDotGlow/2HairSquare2SplitminiSquare128Glow.png	80649
Assets/TooManyCrosshairs/128px/GlowDot/2HairDotGlow/2HairTriHex2Dot128Glow.png	80649
Assets/TooManyCrosshairs/128px/GlowDot/2HairDotGlow/2HairVertDot128Glow.png	80649
Assets/TooManyCrosshairs/128px/GlowDot/2HairDotGlow/2MiniTrianglesSolidInwardsDot128Glow.png	80649
Assets/TooManyCrosshairs/128px/GlowDot/2HairDotGlow/2MiniTrianglesSolidOutwardsDot128Glow.png	80649
Assets/TooManyCrosshairs/128px/GlowDot/3HairDotGlow/3ArrowheadOutwardsDot128Glow.png	80649
Assets/TooManyCrosshairs/128px/GlowDot/3HairDotGlow/3HairAltTriHexDot128Glow.png	80649
Assets/TooManyCrosshairs/128px/GlowDot/3HairDotGlow/3HairDownCircle3SplitDot128Glow.png	80649
Assets/TooManyCrosshairs/128px/GlowDot/3HairDotGlow/3HairDownCircle3SplitDownDot128Glow.png	80649
Assets/TooManyCrosshairs/128px/GlowDot/3HairDotGlow/3HairDownCircle3SplitDownTopRingSplitDot128Glow.png	80649
Assets/TooManyCrosshairs/128px/GlowDot/3HairDotGlow/3HairDownCircle3SplitUpDot128Glow.png	80649
Assets/TooManyCrosshairs/128px/GlowDot/3HairDotGlow/3HairDownCircle3SplitUpRing2dDot128Glow.png	80649
Assets/TooManyCrosshairs/128px/GlowDot/3HairDotGlow/3HairDownCircle3SplitUpRing2sDot128Glow.png	80649
Assets/TooManyCrosshairs/128px/GlowDot/3HairDotGlow/3HairDownCircle3SplitUpRing4Dot128Glow.png	80649
Assets/TooManyCrosshairs/128px/GlowDot/3HairDotGlow/3HairDownDot128Glow.png	80649
Assets/TooManyCrosshairs/128px/GlowDot/3HairDotGlow/3HairDownMissingBottomCircle3SplitDot128Glow.png	80649
Assets/TooManyCrosshairs/128px/GlowDot/3HairDotGlow/3HairDownMissingTopCircle3SplitDot128Glow.png	80640
Assets/TooManyCrosshairs/128px/GlowDot/3HairDotGlow/3HairHexAltDot128Glow.png	80649
Assets/TooManyCrosshairs/128px/GlowDot/3HairDotGlow/3HairHexDot128Glow.png	80649
Assets/TooManyCrosshairs/128px/GlowDot/3HairDotGlow/3HairTriangleDot128Glow.png	80649
Assets/TooManyCrosshairs/128px/GlowDot/3HairDotGlow/3HairTriHexDot128Glow.png	80649
Assets/TooManyCrosshairs/128px/GlowDot/3HairDotGlow/3HairUpCircle3SplitDot128Glow.png	80649
Assets/TooManyCrosshairs/128px/GlowDot/3HairDotGlow/3HairUpCircleDownHoleDot128Glow.png	80649
Assets/TooManyCrosshairs/128px/GlowDot/3HairDotGlow/3TriangleSolidInwardsDot128Glow.png	80649
Assets/TooManyCrosshairs/128px/GlowDot/3HairDotGlow/3TriangleSolidOutwardsDot128Glow.png	80649
Assets/TooManyCrosshairs/128px/GlowDot/6HairDotGlow/6HairCircle61SplitDot128Glow.png	80649
Assets/TooManyCrosshairs/128px/GlowDot/6HairDotGlow/6HairCircle62SplitDot128Glow.png	80649
Assets/TooManyCrosshairs/128px/GlowDot/6HairDotGlow/6HairCircle63SplitDot128Glow.png	80649
Assets/TooManyCrosshairs/128px/GlowDot/6HairDotGlow/6HairCircle64SplitDot128Glow.png	80649
Assets/TooManyCrosshairs/128px/GlowDot/6HairDotGlow/6HairCircle65SplitDot128Glow.png	80649
Assets/TooManyCrosshairs/128px/GlowDot/6HairDotGlow/6HairCircle6SplitDot128Glow.png	80649
Assets/TooManyCrosshairs/128px/GlowDot/6HairDotGlow/6HairCircleDot128Glow.png	80649
Assets/TooManyCrosshairs/128px/GlowDot/6HairDotGlow/6HairHexDot128Glow.png	80649
Assets/TooManyCrosshairs/128px/GlowDot/8HairDotGlow/8Hair30degDot128Glow.png	80649
Assets/TooManyCrosshairs/128px/GlowDot/8HairDotGlow/8HairCircle4SplitDot128Glow.png	80649
Assets/TooManyCrosshairs/128px/GlowDot/8HairDotGlow/8HairCirleDot128Glow.png	80649
Assets/TooManyCrosshairs/128px/GlowDot/8HairDotGlow/8HairRing4SplitDot128Glow.png	80649
Assets/TooManyCrosshairs/128px/GlowDot/8HairDotGlow/8HairRingDot128Glow.png	80649
Assets/TooManyCrosshairs/128px/GlowDot/8HairDotGlow/8HairTriangleSolidIntwardsDotGlow.png	80649
Assets/TooManyCrosshairs/128px/GlowDot/CarrotDotGlow/biCarrotTallDot128Glow.png	80649
Assets/TooManyCrosshairs/128px/GlowDot/CarrotDotGlow/CarrotSharpCrossDot128Glow.png	80649
Assets/TooManyCrosshairs/128px/GlowDot/CarrotDotGlow/CarrotSharpXdot128Glow.png	80649
Assets/TooManyCrosshairs/128px/GlowDot/CircleDotGlow/Circle2SplitDot128Glow.png	80649
Assets/TooManyCrosshairs/128px/GlowDot/CircleDotGlow/Circle2SplitRing4SplitDot128Glow.png	80649
Assets/TooManyCrosshairs/128px/GlowDot/CircleDotGlow/Circle3pxDot128Glow.png	80649
Assets/TooManyCrosshairs/128px/GlowDot/CircleDotGlow/Circle4splitDot128Glow.png	80649
Assets/TooManyCrosshairs/128px/GlowDot/CircleDotGlow/Circle4splitOffset_NE128dotGlow.png	80649
Assets/TooManyCrosshairs/128px/GlowDot/CircleDotGlow/Circle4splitOffset_NW128DotGlow.png	80649
Assets/TooManyCrosshairs/128px/GlowDot/CircleDotGlow/Circle4splitOffset_SEDot128Glow.png	80649
Assets/TooManyCrosshairs/128px/GlowDot/CircleDotGlow/Circle4splitOffset_SWDot128Glow.png	80649
Assets/TooManyCrosshairs/128px/GlowDot/CircleDotGlow/Circle4splitOffsetDownDot128Glow.png	80649
Assets/TooManyCrosshairs/128px/GlowDot/CircleDotGlow/Circle4splitOffsetLeftDot128Glow.png	80649
Assets/TooManyCrosshairs/128px/GlowDot/CircleDotGlow/Circle4splitOffsetNEDot128Glow.png	80649
Assets/TooManyCrosshairs/128px/GlowDot/CircleDotGlow/Circle4splitOffsetNWDot128Glow.png	80649
Assets/TooManyCrosshairs/128px/GlowDot/CircleDotGlow/Circle4splitOffsetRightDot128Glow.png	80649
Assets/TooManyCrosshairs/128px/GlowDot/CircleDotGlow/Circle4splitOffsetSEDot128Glow.png	80649
Assets/TooManyCrosshairs/128px/GlowDot/CircleDotGlow/Circle4splitOffsetSENWDot128Glow.png	80649
Assets/TooManyCrosshairs/128px/GlowDot/CircleDotGlow/Circle4splitOffsetSWDot128Glow.png	80649
Assets/TooManyCrosshairs/128px/GlowDot/CircleDotGlow/Circle4splitOffsetSWNEdot128Glow.png	80649
Assets/TooManyCrosshairs/128px/GlowDot/CircleDotGlow/Circle4splitOffsetUpDot128Glow.png	80649
Assets/TooManyCrosshairs/128px/GlowDot/CircleDotGlow/Circle6Split6ChainDot128Glow.png	80649
Assets/TooManyCrosshairs/128px/GlowDot/CircleDotGlow/Circle6SplitAnd8SplitDot128Glow.png	80649
Assets/TooManyCrosshairs/128px/GlowDot/CircleDotGlow/Circle6SplitDot128Glow.png	80649
Assets/TooManyCrosshairs/128px/GlowDot/CircleDotGlow/Circle8Split1dot128Glow.png	80649
Assets/TooManyCrosshairs/128px/GlowDot/CircleDotGlow/Circle8Split2Dot128Glow.png	80649
Assets/TooManyCrosshairs/128px/GlowDot/CircleDotGlow/Circle8SplitDot128Glow.png	80649
Assets/TooManyCrosshairs/128px/GlowDot/CircleDotGlow/Circle8Splitminus2Dot128Glow.png	80649
Assets/TooManyCrosshairs/128px/GlowDot/CircleDotGlow/Circle8Splitminus3dot128Glow.png	80649
Assets/TooManyCrosshairs/128px/GlowDot/CircleDotGlow/Circle8Splitminus4Dot128Glow.png	80649
Assets/TooManyCrosshairs/128px/GlowDot/CircleDotGlow/Circle8Splitminus5Dot128Glow.png	80649
Assets/TooManyCrosshairs/128px/GlowDot/CircleDotGlow/Circle8Splitminus6Dot128Glow.png	80649
Assets/TooManyCrosshairs/128px/GlowDot/CircleDotGlow/Circle8Splitminus7dot128Glow.png	80649
Assets/TooManyCrosshairs/128px/GlowDot/CircleDotGlow/Circle8SplitRing4SplitDot128Glow.png	80649
Assets/TooManyCrosshairs/128px/GlowDot/CircleDotGlow/CircleCenterInner3px128Glow.png	80649
Assets/TooManyCrosshairs/128px/GlowDot/CircleDotGlow/CircleDot128Glow.png	80649
Assets/TooManyCrosshairs/128px/GlowDot/CircleDotGlow/CircleRing4SplitDot128Glow.png	80649
Assets/TooManyCrosshairs/128px/GlowDot/CircleDotGlow/CircleRingDot128Glow.png	80649
Assets/TooManyCrosshairs/128px/GlowDot/CircleDotGlow/CircleRingXSplitDot128Glow.png	80649
Assets/TooManyCrosshairs/128px/GlowDot/CircleDotGlow/CircleXsplitDot128Glow.png	80649
Assets/TooManyCrosshairs/128px/GlowDot/CrossDotGlow/4ArrowHeadDot128Glow.png	80649
Assets/TooManyCrosshairs/128px/GlowDot/CrossDotGlow/4ArrowheadInwardsDot128Glow.png	80649
Assets/TooManyCrosshairs/128px/GlowDot/CrossDotGlow/CrossCircle4SplitDot128Glow.png	80649
Assets/TooManyCrosshairs/128px/GlowDot/CrossDotGlow/CrossCircle4SplitOffSet_NEdot128Glow.png	80649
Assets/TooManyCrosshairs/128px/GlowDot/CrossDotGlow/CrossCircle4SplitOffSet_NWdot128Glow.png	80649
Assets/TooManyCrosshairs/128px/GlowDot/CrossDotGlow/CrossCircle4SplitOffSet_SEdot128Glow.png	80649
Assets/TooManyCrosshairs/128px/GlowDot/CrossDotGlow/CrossCircle4SplitOffSet_SWdot128Glow.png	80649
Assets/TooManyCrosshairs/128px/GlowDot/CrossDotGlow/CrossCircle4SplitOffSetDownDot128Glow.png	80649
Assets/TooManyCrosshairs/128px/GlowDot/CrossDotGlow/CrossCircle4SplitOffSetLeftDot128Glow.png	80649
Assets/TooManyCrosshairs/128px/GlowDot/CrossDotGlow/CrossCircle4splitOffsetNEDot128Glow.png	80649
Assets/TooManyCrosshairs/128px/GlowDot/CrossDotGlow/CrossCircle4splitOffsetNESWDot128Glow.png	80649
Assets/TooManyCrosshairs/128px/GlowDot/CrossDotGlow/CrossCircle4splitOffsetNWDot128Glow.png	80649
Assets/TooManyCrosshairs/128px/GlowDot/CrossDotGlow/CrossCircle4splitOffsetNWSEDot128Glow.png	80649
Assets/TooManyCrosshairs/128px/GlowDot/CrossDotGlow/CrossCircle4SplitOffSetRightDot128Glow.png	80649
Assets/TooManyCrosshairs/128px/GlowDot/CrossDotGlow/CrossCircle4splitOffsetSEDot128Glow.png	80649
Assets/TooManyCrosshairs/128px/GlowDot/CrossDotGlow/CrossCircle4splitOffsetSWDot128Glow.png	80649
Assets/TooManyCrosshairs/128px/GlowDot/CrossDotGlow/CrossCircle4SplitOffSetUpDot128Glow.png	80649
Assets/TooManyCrosshairs/128px/GlowDot/CrossDotGlow/CrossCircle6SplitDot128Glow.png	80649
Assets/TooManyCrosshairs/128px/GlowDot/CrossDotGlow/CrossCircleDot128Glow.png	80649
Assets/TooManyCrosshairs/128px/GlowDot/CrossDotGlow/CrossCircleXSplitDot128Glow.png	80649
Assets/TooManyCrosshairs/128px/GlowDot/CrossDotGlow/CrossDot128Glow.png	80649
Assets/TooManyCrosshairs/128px/GlowDot/CrossDotGlow/CrossLeftHairCentered128Glow.png	80649
Assets/TooManyCrosshairs/128px/GlowDot/CrossDotGlow/CrossminiSquare128Glow.png	80649
Assets/TooManyCrosshairs/128px/GlowDot/CrossDotGlow/CrossMiniTrianglesSolidInwardsDot128Glow.png	80649
Assets/TooManyCrosshairs/128px/GlowDot/CrossDotGlow/CrossMiniTrianglesSolidInwardsNotTopDot128Glow.png	80649
Assets/TooManyCrosshairs/128px/GlowDot/CrossDotGlow/CrossMiniTrianglesSolidOutwardsDotC128Glow.png	80649
Assets/TooManyCrosshairs/128px/GlowDot/CrossDotGlow/CrossMiniTrianglesSolidOutwardsDotS128Glow.png	80649
Assets/TooManyCrosshairs/128px/GlowDot/CrossDotGlow/CrossRing4SplitDot128Glow.png	80649
Assets/TooManyCrosshairs/128px/GlowDot/CrossDotGlow/CrossRingDot128Glow.png	80640
Assets/TooManyCrosshairs/128px/GlowDot/CrossDotGlow/CrossRingXsplitDot128Glow.png	80649
Assets/TooManyCrosshairs/128px/GlowDot/CrossDotGlow/CrossSquare2SplitminiSquare128Glow.png	80649
Assets/TooManyCrosshairs/128px/GlowDot/CrossDotGlow/CrossSquare4SplitminiSquare128Glow.png	80649
Assets/TooManyCrosshairs/128px/GlowDot/CrossDotGlow/CrossSquareDot128Glow.png	80649
Assets/TooManyCrosshairs/128px/GlowDot/CrossDotGlow/CrossSquareSquare128Glow.png	80649
Assets/TooManyCrosshairs/128px/GlowDot/CrossDotGlow/CrossSquarexHairDot128Glow.png	80649
Assets/TooManyCrosshairs/128px/GlowDot/CrossDotGlow/tCrossDot128Glow.png	80649
Assets/TooManyCrosshairs/128px/GlowDot/DiamondDotGlow/Diamond4split2dot128Glow.png	80649
Assets/TooManyCrosshairs/128px/GlowDot/DiamondDotGlow/Diamond4split3dot128Glow.png	80649
Assets/TooManyCrosshairs/128px/GlowDot/DiamondDotGlow/Diamond4SplitCrossDot128Glow.png	80649
Assets/TooManyCrosshairs/128px/GlowDot/DiamondDotGlow/Diamond4SplitDot128Glow.png	80649
Assets/TooManyCrosshairs/128px/GlowDot/DiamondDotGlow/Diamond4SplitSquare4SplitDot128Glow.png	80649
Assets/TooManyCrosshairs/128px/GlowDot/DiamondDotGlow/DiamondCrossDot128Glow.png	80649
Assets/TooManyCrosshairs/128px/GlowDot/DiamondDotGlow/DiamondDot128Glow.png	80649
Assets/TooManyCrosshairs/128px/GlowDot/DiamondDotGlow/DiamondMiniSquare128Glow.png	80649
Assets/TooManyCrosshairs/128px/GlowDot/HexDotGlow/HexDot128Glow.png	80649
Assets/TooManyCrosshairs/128px/GlowDot/HexDotGlow/HextTurnedDot128Glow.png	80649
Assets/TooManyCrosshairs/128px/GlowDot/HexDotGlow/HexTurned2HairDot128Glow.png	80649
Assets/TooManyCrosshairs/128px/GlowDot/HexDotGlow/HexTurned2HairVertDot128Glow.png	80649
Assets/TooManyCrosshairs/128px/GlowDot/HexDotGlow/HexTurned3HairDot128Glow.png	80649
Assets/TooManyCrosshairs/128px/GlowDot/HexDotGlow/HexTurned6HairCircle6SplitDot128Glow.png	80649
Assets/TooManyCrosshairs/128px/GlowDot/HexDotGlow/HexTurned6HairDot128Glow.png	80649
Assets/TooManyCrosshairs/128px/GlowDot/RingDotGlow/Ring4and8SplitDot128Glow.png	80649
Assets/TooManyCrosshairs/128px/GlowDot/RingDotGlow/Ring4SplitCircle8SplitDot128Glow.png	80649
Assets/TooManyCrosshairs/128px/GlowDot/RingDotGlow/Ring4splitDot128Glow.png	80649
Assets/TooManyCrosshairs/128px/GlowDot/RingDotGlow/Ring8SplitDot128Glow.png	80649
Assets/TooManyCrosshairs/128px/GlowDot/RingDotGlow/RingXsplitDot128Glow.png	80649
Assets/TooManyCrosshairs/128px/GlowDot/SquareDotGlow/Square2SplitminiSquare128Glow.png	80649
Assets/TooManyCrosshairs/128px/GlowDot/SquareDotGlow/Square2SplitxHairminiSquare128Glow.png	80649
Assets/TooManyCrosshairs/128px/GlowDot/SquareDotGlow/Square4SplitbottomMiniSquare128Glow.png	80649
Assets/TooManyCrosshairs/128px/GlowDot/SquareDotGlow/Square4SplitDot128Glow.png	80649
Assets/TooManyCrosshairs/128px/GlowDot/SquareDotGlow/Square4SplitminiSquare128Glow.png	80649
Assets/TooManyCrosshairs/128px/GlowDot/SquareDotGlow/Square4Splitxhairminisquare128Glow.png	80649
Assets/TooManyCrosshairs/128px/GlowDot/SquareDotGlow/SquareCirclexSplitDot128Glow.png	80649
Assets/TooManyCrosshairs/128px/GlowDot/SquareDotGlow/SquareDot128Glow.png	80649
Assets/TooManyCrosshairs/128px/GlowDot/SquareDotGlow/SquareSquare128Glow.png	80649
Assets/TooManyCrosshairs/128px/GlowDot/SquareDotGlow/SquarexHairDot128Glow.png	80649
Assets/TooManyCrosshairs/128px/GlowDot/StarDotGlow/quadStarMiniSquare128Glow.png	80649
Assets/TooManyCrosshairs/128px/GlowDot/StarDotGlow/StarCarrotSharpDot128Glow.png	80649
Assets/TooManyCrosshairs/128px/GlowDot/StarDotGlow/StarCircle6SplitDot128Glow.png	80649
Assets/TooManyCrosshairs/128px/GlowDot/StarDotGlow/StarCircleDot128Glow.png	80649
Assets/TooManyCrosshairs/128px/GlowDot/StarDotGlow/StarHexDot128Glow.png	80649
Assets/TooManyCrosshairs/128px/GlowDot/TriangleDotGlow/Triangle3HairsDot128Glow.png	80649
Assets/TooManyCrosshairs/128px/GlowDot/TriangleDotGlow/Triangle3SplitDot128Glow.png	80640
Assets/TooManyCrosshairs/128px/GlowDot/TriangleDotGlow/TriangleDot128Glow.png	80640
Assets/TooManyCrosshairs/128px/GlowDot/TriangleDotGlow/TriangleSharpUpDot128Glow.png	80649
Assets/TooManyCrosshairs/128px/GlowDot/TriangleDotGlow/triangleupsidedownDot128Glow.png	80649
Assets/TooManyCrosshairs/128px/GlowDot/TriangleDotGlow/TriangSharpDownDot128Glow.png	80649
Assets/TooManyCrosshairs/128px/GlowDot/TriHexDotGlow/TriHex3Hairs6hairsDot128Glow.png	80649
Assets/TooManyCrosshairs/128px/GlowDot/TriHexDotGlow/TriHex3HairsDot128Glow.png	80649
Assets/TooManyCrosshairs/128px/GlowDot/TriHexDotGlow/TriHexCircle3SplitDot128Glow.png	80649
Assets/TooManyCrosshairs/128px/GlowDot/TriHexDotGlow/TriHexDot128Glow.png	80649
Assets/TooManyCrosshairs/128px/GlowDot/TriHexDotGlow/TriHexHairsGripDot128Glow.png	80649
Assets/TooManyCrosshairs/128px/GlowDot/xhairDotGlow/xArrowHeadDot128Glow.png	80649
Assets/TooManyCrosshairs/128px/GlowDot/xhairDotGlow/xArrowheadInwardsDot128Glow.png	80649
Assets/TooManyCrosshairs/128px/GlowDot/xhairDotGlow/xHair30degCircle6SplitDot128Glow.png	80649
Assets/TooManyCrosshairs/128px/GlowDot/xhairDotGlow/xHairCircle3splitDot128Glow.png	80649
Assets/TooManyCrosshairs/128px/GlowDot/xhairDotGlow/xHairCircle4SplitDot128Glow.png	80649
Assets/TooManyCrosshairs/128px/GlowDot/xhairDotGlow/xHairCircle6SplitDot128Glow.png	80649
Assets/TooManyCrosshairs/128px/GlowDot/xhairDotGlow/xHairCircleDot128Glow.png	80649
Assets/TooManyCrosshairs/128px/GlowDot/xhairDotGlow/xHairCircleXSplitDot128Glow.png	80649
Assets/TooManyCrosshairs/128px/GlowDot/xhairDotGlow/xHairDiamond4SplitDot128Glow.png	80649
Assets/TooManyCrosshairs/128px/GlowDot/xhairDotGlow/xHairDiamondDot128Glow.png	80649
Assets/TooManyCrosshairs/128px/GlowDot/xhairDotGlow/xHairHexDot128Glow.png	80649
Assets/TooManyCrosshairs/128px/GlowDot/xhairDotGlow/xHairRing4splitDot128Glow.png	80649
Assets/TooManyCrosshairs/128px/GlowDot/xhairDotGlow/xHairRingDot128Glow.png	80649
Assets/TooManyCrosshairs/128px/GlowDot/xhairDotGlow/xHairRingXsplitDot128Glow.png	80649
Assets/TooManyCrosshairs/128px/GlowDot/xhairDotGlow/xTrianglesSolidInwardsDot128Glow.png	80649
Assets/TooManyCrosshairs/128px/GlowDot/xhairDotGlow/xTrianglesSolidOutwardsDot128Glow.png	80649
Assets/TooManyCrosshairs/128px/Movie/MartianTraitor/MartianTraitorDot128.png	221
Assets/TooManyCrosshairs/128px/Movie/MartianTraitor/MartianTraitorFull128.png	459
Assets/TooManyCrosshairs/128px/Movie/MartianTraitor/MartianTraitorHorizLines128.png	225
Assets/TooManyCrosshairs/128px/Movie/MartianTraitor/MartianTraitorInner128.png	340
Assets/TooManyCrosshairs/128px/Movie/MartianTraitor/MartianTraitorInnerWithDot128.png	372
Assets/TooManyCrosshairs/128px/Movie/MartianTraitor/MartianTraitorVertLines128.png	281
Assets/TooManyCrosshairs/128pxUpsized/BaseDotUpSized/12HairDotUpSized/12HairCircle4SplitDot128UpSizedCanvas.png	277420
Assets/TooManyCrosshairs/128pxUpsized/BaseDotUpSized/12HairDotUpSized/12HairCircleDot128UpSizedCanvas.png	277420
Assets/TooManyCrosshairs/128pxUpsized/BaseDotUpSized/12HairDotUpSized/12HairRing4SplitDot128UpSizedCanvas.png	277420
Assets/TooManyCrosshairs/128pxUpsized/BaseDotUpSized/12HairDotUpSized/12HairRingDot128UpSizedCanvas.png	277420
Assets/TooManyCrosshairs/128pxUpsized/BaseDotUpSized/2HairDotUpSized/2HairDiagleftDot128UpSizedCanvas.png	277420
Assets/TooManyCrosshairs/128pxUpsized/BaseDotUpSized/2HairDotUpSized/2HairDiagRightDot128UpSizedCanvas.png	277420
Assets/TooManyCrosshairs/128pxUpsized/BaseDotUpSized/2HairDotUpSized/2HairHorizDot128UpSizedCanvas.png	277420
Assets/TooManyCrosshairs/128pxUpsized/BaseDotUpSized/2HairDotUpSized/2HairSquare2SplitminiSquare128UpSizedCanvas.png	277420
Assets/TooManyCrosshairs/128pxUpsized/BaseDotUpSized/2HairDotUpSized/2HairTriHex2Dot128UpSizedCanvas.png	277420
Assets/TooManyCrosshairs/128pxUpsized/BaseDotUpSized/2HairDotUpSized/2HairVertDot128UpSizedCanvas.png	277420
Assets/TooManyCrosshairs/128pxUpsized/BaseDotUpSized/2HairDotUpSized/2MiniTrianglesSolidInwardsDot128UpSizedCanvas.png	277420
Assets/TooManyCrosshairs/128pxUpsized/BaseDotUpSized/2HairDotUpSized/2MiniTrianglesSolidOutwardsDot128UpSizedCanvas.png	277420
Assets/TooManyCrosshairs/128pxUpsized/BaseDotUpSized/3HairDotUpSized/3ArrowheadOutwardsDot128UpSizedCanvas.png	277420
Assets/TooManyCrosshairs/128pxUpsized/BaseDotUpSized/3HairDotUpSized/3HairAltTriHexDot128UpSizedCanvas.png	277420
Assets/TooManyCrosshairs/128pxUpsized/BaseDotUpSized/3HairDotUpSized/3HairDownCircle3SplitDot128UpSizedCanvas.png	277420
Assets/TooManyCrosshairs/128pxUpsized/BaseDotUpSized/3HairDotUpSized/3HairDownCircle3SplitDownDot128UpSizedCanvas.png	277411
Assets/TooManyCrosshairs/128pxUpsized/BaseDotUpSized/3HairDotUpSized/3HairDownCircle3SplitDownTopRingSplitDot128UpSizedCanvas.png	277420
Assets/TooManyCrosshairs/128pxUpsized/BaseDotUpSized/3HairDotUpSized/3HairDownCircle3SplitUpDot128UpSizedCanvas.png	277420
Assets/TooManyCrosshairs/128pxUpsized/BaseDotUpSized/3HairDotUpSized/3HairDownCircle3SplitUpRing2dDot128UpSizedCanvas.png	277420
Assets/TooManyCrosshairs/128pxUpsized/BaseDotUpSized/3HairDotUpSized/3HairDownCircle3SplitUpRing2sDot128UpSizedCanvas.png	277420
Assets/TooManyCrosshairs/128pxUpsized/BaseDotUpSized/3HairDotUpSized/3HairDownCircle3SplitUpRing4Dot128UpSizedCanvas.png	277420
Assets/TooManyCrosshairs/128pxUpsized/BaseDotUpSized/3HairDotUpSized/3HairDownDot128UpSizedCanvas.png	277420
Assets/TooManyCrosshairs/128pxUpsized/BaseDotUpSized/3HairDotUpSized/3HairDownMissingBottomCircle3SplitDot128UpSizedCanvas.png	277420
Assets/TooManyCrosshairs/128pxUpsized/BaseDotUpSized/3HairDotUpSized/3HairDownMissingTopCircle3SplitDot128UpSizedCanvas.png	277420
Assets/TooManyCrosshairs/128pxUpsized/BaseDotUpSized/3HairDotUpSized/3HairHexAltDot128UpSizedCanvas.png	277420
Assets/TooManyCrosshairs/128pxUpsized/BaseDotUpSized/3HairDotUpSized/3HairHexDot128UpSizedCanvas.png	277420
Assets/TooManyCrosshairs/128pxUpsized/BaseDotUpSized/3HairDotUpSized/3HairTriangleDot128UpSizedCanvas.png	277420
Assets/TooManyCrosshairs/128pxUpsized/BaseDotUpSized/3HairDotUpSized/3HairTriHexDot128UpSizedCanvas.png	277420
Assets/TooManyCrosshairs/128pxUpsized/BaseDotUpSized/3HairDotUpSized/3HairUpCircle3SplitDot128UpSizedCanvas.png	277420
Assets/TooManyCrosshairs/128pxUpsized/BaseDotUpSized/3HairDotUpSized/3HairUpCircleDownHoleDot128UpSizedCanvas.png	277420
Assets/TooManyCrosshairs/128pxUpsized/BaseDotUpSized/3HairDotUpSized/3TriangleSolidInwardsDot128UpSizedCanvas.png	277420
Assets/TooManyCrosshairs/128pxUpsized/BaseDotUpSized/3HairDotUpSized/3TriangleSolidOutwardsDot128UpSizedCanvas.png	277420
Assets/TooManyCrosshairs/128pxUpsized/BaseDotUpSized/6HairDotUpSized/6HairCircle61SplitDot128UpSizedCanvas.png	277420
Assets/TooManyCrosshairs/128pxUpsized/BaseDotUpSized/6HairDotUpSized/6HairCircle62SplitDot128UpSizedCanvas.png	277420
Assets/TooManyCrosshairs/128pxUpsized/BaseDotUpSized/6HairDotUpSized/6HairCircle63SplitDot128UpSizedCanvas.png	277420
Assets/TooManyCrosshairs/128pxUpsized/BaseDotUpSized/6HairDotUpSized/6HairCircle64SplitDot128UpSizedCanvas.png	277420
Assets/TooManyCrosshairs/128pxUpsized/BaseDotUpSized/6HairDotUpSized/6HairCircle65SplitDot128UpSizedCanvas.png	277420
Assets/TooManyCrosshairs/128pxUpsized/BaseDotUpSized/6HairDotUpSized/6HairCircle6SplitDot128UpSizedCanvas.png	277420
Assets/TooManyCrosshairs/128pxUpsized/BaseDotUpSized/6HairDotUpSized/6HairCircleDot128UpSizedCanvas.png	277420
Assets/TooManyCrosshairs/128pxUpsized/BaseDotUpSized/6HairDotUpSized/6HairDot128UpSizedCanvas.png	277420
Assets/TooManyCrosshairs/128pxUpsized/BaseDotUpSized/6HairDotUpSized/6HairHexDot128UpSizedCanvas.png	277420
Assets/TooManyCrosshairs/128pxUpsized/BaseDotUpSized/8HairDotUpSized/8Hair30degDot128UpSizedCanvas.png	277420
Assets/TooManyCrosshairs/128pxUpsized/BaseDotUpSized/8HairDotUpSized/8HairCircle4SplitDot128UpSizedCanvas.png	277420
Assets/TooManyCrosshairs/128pxUpsized/BaseDotUpSized/8HairDotUpSized/8HairCirleDot128UpSizedCanvas.png	277420
Assets/TooManyCrosshairs/128pxUpsized/BaseDotUpSized/8HairDotUpSized/8HairDot128UpSizedCanvas.png	277420
Assets/TooManyCrosshairs/128pxUpsized/BaseDotUpSized/8HairDotUpSized/8HairRing4SplitDot128UpSizedCanvas.png	277420
Assets/TooManyCrosshairs/128pxUpsized/BaseDotUpSized/8HairDotUpSized/8HairRingDot128UpSizedCanvas.png	277420
Assets/TooManyCrosshairs/128pxUpsized/BaseDotUpSized/8HairDotUpSized/8HairTriangleSolidIntwardsDotUpSizedCanvas.png	277420
Assets/TooManyCrosshairs/128pxUpsized/BaseDotUpSized/CarrotDotUpSized/biCarrotTallDot128UpSizedCanvas.png	277420
Assets/TooManyCrosshairs/128pxUpsized/BaseDotUpSized/CarrotDotUpSized/biCarrotTallminiSquare128UpSizedCanvas.png	277420
Assets/TooManyCrosshairs/128pxUpsized/BaseDotUpSized/CarrotDotUpSized/CarrotSharpCrossDot128UpSizedCanvas.png	277420
Assets/TooManyCrosshairs/128pxUpsized/BaseDotUpSized/CarrotDotUpSized/CarrotSharpXdot128UpSizedCanvas.png	277420
Assets/TooManyCrosshairs/128pxUpsized/BaseDotUpSized/CircleDotUpSized/Circle2SplitDot128UpSizedCanvas.png	277420
Assets/TooManyCrosshairs/128pxUpsized/BaseDotUpSized/CircleDotUpSized/Circle2SplitRing4SplitDot128UpSizedCanvas.png	277420
Assets/TooManyCrosshairs/128pxUpsized/BaseDotUpSized/CircleDotUpSized/Circle3pxDot128UpSizedCanvas.png	277420
Assets/TooManyCrosshairs/128pxUpsized/BaseDotUpSized/CircleDotUpSized/Circle4splitDot128UpSizedCanvas.png	277420
Assets/TooManyCrosshairs/128pxUpsized/BaseDotUpSized/CircleDotUpSized/Circle4splitOffset_NE128dotUpSizedCanvas.png	277420
Assets/TooManyCrosshairs/128pxUpsized/BaseDotUpSized/CircleDotUpSized/Circle4splitOffset_NW128DotUpSizedCanvas.png	277420
Assets/TooManyCrosshairs/128pxUpsized/BaseDotUpSized/CircleDotUpSized/Circle4splitOffset_SEDot128UpSizedCanvas.png	277420
Assets/TooManyCrosshairs/128pxUpsized/BaseDotUpSized/CircleDotUpSized/Circle4splitOffset_SWDot128UpSizedCanvas.png	277420
Assets/TooManyCrosshairs/128pxUpsized/BaseDotUpSized/CircleDotUpSized/Circle4splitOffsetDownDot128UpSizedCanvas.png	277420
Assets/TooManyCrosshairs/128pxUpsized/BaseDotUpSized/CircleDotUpSized/Circle4splitOffsetLeftDot128UpSizedCanvas.png	277420
Assets/TooManyCrosshairs/128pxUpsized/BaseDotUpSized/CircleDotUpSized/Circle4splitOffsetNEDot128UpSizedCanvas.png	277420
Assets/TooManyCrosshairs/128pxUpsized/BaseDotUpSized/CircleDotUpSized/Circle4splitOffsetNWDot128UpSizedCanvas.png	277420
Assets/TooManyCrosshairs/128pxUpsized/BaseDotUpSized/CircleDotUpSized/Circle4splitOffsetRightDot128UpSizedCanvas.png	277420
Assets/TooManyCrosshairs/128pxUpsized/BaseDotUpSized/CircleDotUpSized/Circle4splitOffsetSEDot128UpSizedCanvas.png	277420
Assets/TooManyCrosshairs/128pxUpsized/BaseDotUpSized/CircleDotUpSized/Circle4splitOffsetSENWDot128UpSizedCanvas.png	277420
Assets/TooManyCrosshairs/128pxUpsized/BaseDotUpSized/CircleDotUpSized/Circle4splitOffsetSWDot128UpSizedCanvas.png	277420
Assets/TooManyCrosshairs/128pxUpsized/BaseDotUpSized/CircleDotUpSized/Circle4splitOffsetSWNEdot128UpSizedCanvas.png	277420
Assets/TooManyCrosshairs/128pxUpsized/BaseDotUpSized/CircleDotUpSized/Circle4splitOffsetUpDot128UpSizedCanvas.png	277420
Assets/TooManyCrosshairs/128pxUpsized/BaseDotUpSized/CircleDotUpSized/Circle6Split6ChainDot128UpSizedCanvas.png	277420
Assets/TooManyCrosshairs/128pxUpsized/BaseDotUpSized/CircleDotUpSized/Circle6SplitAnd8SplitDot128UpSizedCanvas.png	277420
Assets/TooManyCrosshairs/128pxUpsized/BaseDotUpSized/CircleDotUpSized/Circle6SplitDot128UpSizedCanvas.png	277420
Assets/TooManyCrosshairs/128pxUpsized/BaseDotUpSized/CircleDotUpSized/Circle8Split1dot128UpSizedCanvas.png	277411
Assets/TooManyCrosshairs/128pxUpsized/BaseDotUpSized/CircleDotUpSized/Circle8Split2Dot128UpSizedCanvas.png	277420
Assets/TooManyCrosshairs/128pxUpsized/BaseDotUpSized/CircleDotUpSized/Circle8SplitDot128UpSizedCanvas.png	277420
Assets/TooManyCrosshairs/128pxUpsized/BaseDotUpSized/CircleDotUpSized/Circle8Splitminus2Dot128UpSizedCanvas.png	277420
Assets/TooManyCrosshairs/128pxUpsized/BaseDotUpSized/CircleDotUpSized/Circle8Splitminus3dot128UpSizedCanvas.png	277420
Assets/TooManyCrosshairs/128pxUpsized/BaseDotUpSized/CircleDotUpSized/Circle8Splitminus4Dot128UpSizedCanvas.png	277420
Assets/TooManyCrosshairs/128pxUpsized/BaseDotUpSized/CircleDotUpSized/Circle8Splitminus5Dot128UpSizedCanvas.png	277420
Assets/TooManyCrosshairs/128pxUpsized/BaseDotUpSized/CircleDotUpSized/Circle8Splitminus6Dot128UpSizedCanvas.png	277420
Assets/TooManyCrosshairs/128pxUpsized/BaseDotUpSized/CircleDotUpSized/Circle8Splitminus7dot128UpSizedCanvas.png	277420
Assets/TooManyCrosshairs/128pxUpsized/BaseDotUpSized/CircleDotUpSized/Circle8SplitRing4SplitDot128UpSizedCanvas.png	277420
Assets/TooManyCrosshairs/128pxUpsized/BaseDotUpSized/CircleDotUpSized/CircleDot128UpSizedCanvas.png	277420
Assets/TooManyCrosshairs/128pxUpsized/BaseDotUpSized/CircleDotUpSized/CircleRing4SplitDot128UpSizedCanvas.png	277420
Assets/TooManyCrosshairs/128pxUpsized/BaseDotUpSized/CircleDotUpSized/CircleRingDot128UpSizedCanvas.png	277420
Assets/TooManyCrosshairs/128pxUpsized/BaseDotUpSized/CircleDotUpSized/CircleRingXSplitDot128UpSizedCanvas.png	277420
Assets/TooManyCrosshairs/128pxUpsized/BaseDotUpSized/CircleDotUpSized/CircleXsplitDot128UpSizedCanvas.png	277420
Assets/TooManyCrosshairs/128pxUpsized/BaseDotUpSized/CrossDotUpSized/4ArrowHeadDot128UpSizedCanvas.png	277420
Assets/TooManyCrosshairs/128pxUpsized/BaseDotUpSized/CrossDotUpSized/4ArrowheadInwardsDot128UpSizedCanvas.png	277420
Assets/TooManyCrosshairs/128pxUpsized/BaseDotUpSized/CrossDotUpSized/CrossCircle4SplitDot128UpSizedCanvas.png	277420
Assets/TooManyCrosshairs/128pxUpsized/BaseDotUpSized/CrossDotUpSized/CrossCircle4SplitOffSet_NEdot128UpSizedCanvas.png	277420
Assets/TooManyCrosshairs/128pxUpsized/BaseDotUpSized/CrossDotUpSized/CrossCircle4SplitOffSet_NWdot128UpSizedCanvas.png	277420
Assets/TooManyCrosshairs/128pxUpsized/BaseDotUpSized/CrossDotUpSized/CrossCircle4SplitOffSet_SEdot128UpSizedCanvas.png	277420
Assets/TooManyCrosshairs/128pxUpsized/BaseDotUpSized/CrossDotUpSized/CrossCircle4SplitOffSet_SWdot128UpSizedCanvas.png	277420
Assets/TooManyCrosshairs/128pxUpsized/BaseDotUpSized/CrossDotUpSized/CrossCircle4SplitOffSetDownDot128UpSizedCanvas.png	277420
Assets/TooManyCrosshairs/128pxUpsized/BaseDotUpSized/CrossDotUpSized/CrossCircle4SplitOffSetLeftDot128UpSizedCanvas.png	277420
Assets/TooManyCrosshairs/128pxUpsized/BaseDotUpSized/CrossDotUpSized/CrossCircle4splitOffsetNEDot128UpSizedCanvas.png	277420
Assets/TooManyCrosshairs/128pxUpsized/BaseDotUpSized/CrossDotUpSized/CrossCircle4splitOffsetNESWDot128UpSizedCanvas.png	277420
Assets/TooManyCrosshairs/128pxUpsized/BaseDotUpSized/CrossDotUpSized/CrossCircle4splitOffsetNWDot128UpSizedCanvas.png	277420
Assets/TooManyCrosshairs/128pxUpsized/BaseDotUpSized/CrossDotUpSized/CrossCircle4splitOffsetNWSEDot128UpSizedCanvas.png	277420
Assets/TooManyCrosshairs/128pxUpsized/BaseDotUpSized/CrossDotUpSized/CrossCircle4SplitOffSetRightDot128UpSizedCanvas.png	277420
Assets/TooManyCrosshairs/128pxUpsized/BaseDotUpSized/CrossDotUpSized/CrossCircle4splitOffsetSEDot128UpSizedCanvas.png	277420
Assets/TooManyCrosshairs/128pxUpsized/BaseDotUpSized/CrossDotUpSized/CrossCircle4splitOffsetSWDot128UpSizedCanvas.png	277420
Assets/TooManyCrosshairs/128pxUpsized/BaseDotUpSized/CrossDotUpSized/CrossCircle4SplitOffSetUpDot128UpSizedCanvas.png	277420
Assets/TooManyCrosshairs/128pxUpsized/BaseDotUpSized/CrossDotUpSized/CrossCircle6SplitDot128UpSizedCanvas.png	277420
Assets/TooManyCrosshairs/128pxUpsized/BaseDotUpSized/CrossDotUpSized/CrossCircleDot128UpSizedCanvas.png	277420
Assets/TooManyCrosshairs/128pxUpsized/BaseDotUpSized/CrossDotUpSized/CrossCircleXSplitDot128UpSizedCanvas.png	277420
Assets/TooManyCrosshairs/128pxUpsized/BaseDotUpSized/CrossDotUpSized/CrossDot128UpSizedCanvas.png	277420
Assets/TooManyCrosshairs/128pxUpsized/BaseDotUpSized/CrossDotUpSized/CrossminiSquare128UpSizedCanvas.png	277420
Assets/TooManyCrosshairs/128pxUpsized/BaseDotUpSized/CrossDotUpSized/CrossMiniTrianglesSolidInwardsDot128UpSizedCanvas.png	277420
Assets/TooManyCrosshairs/128pxUpsized/BaseDotUpSized/CrossDotUpSized/CrossMiniTrianglesSolidInwardsNotTopDot128UpSizedCanvas.png	277420
Assets/TooManyCrosshairs/128pxUpsized/BaseDotUpSized/CrossDotUpSized/CrossMiniTrianglesSolidOutwardsDotC128UpSizedCanvas.png	277420
Assets/TooManyCrosshairs/128pxUpsized/BaseDotUpSized/CrossDotUpSized/CrossMiniTrianglesSolidOutwardsDotS128UpSizedCanvas.png	277420
Assets/TooManyCrosshairs/128pxUpsized/BaseDotUpSized/CrossDotUpSized/CrossRing4SplitDot128UpSizedCanvas.png	277420
Assets/TooManyCrosshairs/128pxUpsized/BaseDotUpSized/CrossDotUpSized/CrossRingDot128UpSizedCanvas.png	277420
Assets/TooManyCrosshairs/128pxUpsized/BaseDotUpSized/CrossDotUpSized/CrossRingXsplitDot128UpSizedCanvas.png	277420
Assets/TooManyCrosshairs/128pxUpsized/BaseDotUpSized/CrossDotUpSized/CrossSquare2SplitminiSquare128UpSizedCanvas.png	277420
Assets/TooManyCrosshairs/128pxUpsized/BaseDotUpSized/CrossDotUpSized/CrossSquare4SplitminiSquare128UpSizedCanvas.png	277420
Assets/TooManyCrosshairs/128pxUpsized/BaseDotUpSized/CrossDotUpSized/CrossSquareDot128UpSizedCanvas.png	277420
Assets/TooManyCrosshairs/128pxUpsized/BaseDotUpSized/CrossDotUpSized/CrossSquareSquare128UpSizedCanvas.png	277420
Assets/TooManyCrosshairs/128pxUpsized/BaseDotUpSized/CrossDotUpSized/CrossSquarexHairDot128UpSizedCanvas.png	277420
Assets/TooManyCrosshairs/128pxUpsized/BaseDotUpSized/CrossDotUpSized/tCrossDot128UpSizedCanvas.png	277420
Assets/TooManyCrosshairs/128pxUpsized/BaseDotUpSized/DiamondDotUpSized/Diamond4split2dot128UpSizedCanvas.png	277420
Assets/TooManyCrosshairs/128pxUpsized/BaseDotUpSized/DiamondDotUpSized/Diamond4split3dot128UpSizedCanvas.png	277420
Assets/TooManyCrosshairs/128pxUpsized/BaseDotUpSized/DiamondDotUpSized/Diamond4SplitCrossDot128UpSizedCanvas.png	277420
Assets/TooManyCrosshairs/128pxUpsized/BaseDotUpSized/DiamondDotUpSized/Diamond4SplitDot128UpSizedCanvas.png	277420
Assets/TooManyCrosshairs/128pxUpsized/BaseDotUpSized/DiamondDotUpSized/Diamond4SplitSquare4SplitDot128UpSizedCanvas.png	277420
Assets/TooManyCrosshairs/128pxUpsized/BaseDotUpSized/DiamondDotUpSized/DiamondCrossDot128UpSizedCanvas.png	277420
Assets/TooManyCrosshairs/128pxUpsized/BaseDotUpSized/DiamondDotUpSized/DiamondDot128UpSizedCanvas.png	277411
Assets/TooManyCrosshairs/128pxUpsized/BaseDotUpSized/DiamondDotUpSized/DiamondMiniSquare128UpSizedCanvas.png	277411
Assets/TooManyCrosshairs/128pxUpsized/BaseDotUpSized/HexDotUpSized/HexDot128UpSizedCanvas.png	277420
Assets/TooManyCrosshairs/128pxUpsized/BaseDotUpSized/HexDotUpSized/HextTurnedDot128UpSizedCanvas.png	277420
Assets/TooManyCrosshairs/128pxUpsized/BaseDotUpSized/HexDotUpSized/HexTurned2HairDot128UpSizedCanvas.png	277420
Assets/TooManyCrosshairs/128pxUpsized/BaseDotUpSized/HexDotUpSized/HexTurned2HairVertDot128UpSizedCanvas.png	277420
Assets/TooManyCrosshairs/128pxUpsized/BaseDotUpSized/HexDotUpSized/HexTurned3HairDot128UpSizedCanvas.png	277420
Assets/TooManyCrosshairs/128pxUpsized/BaseDotUpSized/HexDotUpSized/HexTurned6HairCircle6SplitDot128UpSizedCanvas.png	277420
Assets/TooManyCrosshairs/128pxUpsized/BaseDotUpSized/HexDotUpSized/HexTurned6HairDot128UpSizedCanvas.png	277420
Assets/TooManyCrosshairs/128pxUpsized/BaseDotUpSized/RingDotUpSized/Ring4and8SplitDot128UpSizedCanvas.png	277420
Assets/TooManyCrosshairs/128pxUpsized/BaseDotUpSized/RingDotUpSized/Ring4SplitCircle8SplitDot128UpSizedCanvas.png	277420
Assets/TooManyCrosshairs/128pxUpsized/BaseDotUpSized/RingDotUpSized/Ring4splitDot128UpSizedCanvas.png	277420
Assets/TooManyCrosshairs/128pxUpsized/BaseDotUpSized/RingDotUpSized/Ring8SplitDot128UpSizedCanvas.png	277420
Assets/TooManyCrosshairs/128pxUpsized/BaseDotUpSized/RingDotUpSized/RingXsplitDot128UpSizedCanvas.png	277420
Assets/TooManyCrosshairs/128pxUpsized/BaseDotUpSized/SquareDotUpSized/Square2SplitminiSquare128UpSizedCanvas.png	277420
Assets/TooManyCrosshairs/128pxUpsized/BaseDotUpSized/SquareDotUpSized/Square2SplitxHairminiSquare128UpSizedCanvas.png	277420
Assets/TooManyCrosshairs/128pxUpsized/BaseDotUpSized/SquareDotUpSized/Square4SplitbottomMiniSquare128UpSizedCanvas.png	277420
Assets/TooManyCrosshairs/128pxUpsized/BaseDotUpSized/SquareDotUpSized/Square4SplitDot128UpSizedCanvas.png	277420
Assets/TooManyCrosshairs/128pxUpsized/BaseDotUpSized/SquareDotUpSized/Square4SplitminiSquare128UpSizedCanvas.png	277420
Assets/TooManyCrosshairs/128pxUpsized/BaseDotUpSized/SquareDotUpSized/Square4Splitxhairminisquare128UpSizedCanvas.png	277420
Assets/TooManyCrosshairs/128pxUpsized/BaseDotUpSized/SquareDotUpSized/SquareCirclexSplitDot128UpSizedCanvas.png	277420
Assets/TooManyCrosshairs/128pxUpsized/BaseDotUpSized/SquareDotUpSized/SquareDot128UpSizedCanvas.png	277420
Assets/TooManyCrosshairs/128pxUpsized/BaseDotUpSized/SquareDotUpSized/SquareSquare128UpSizedCanvas.png	277420
Assets/TooManyCrosshairs/128pxUpsized/BaseDotUpSized/SquareDotUpSized/SquarexHairDot128UpSizedCanvas.png	277420
Assets/TooManyCrosshairs/128pxUpsized/BaseDotUpSized/StarDotUpSized/quadStarMiniSquare128UpSizedCanvas.png	277420
Assets/TooManyCrosshairs/128pxUpsized/BaseDotUpSized/StarDotUpSized/StarCarrotSharpDot128UpSizedCanvas.png	277420
Assets/TooManyCrosshairs/128pxUpsized/BaseDotUpSized/StarDotUpSized/StarCircle6SplitDot128UpSizedCanvas.png	277420
Assets/TooManyCrosshairs/128pxUpsized/BaseDotUpSized/StarDotUpSized/StarCircleDot128UpSizedCanvas.png	277420
Assets/TooManyCrosshairs/128pxUpsized/BaseDotUpSized/StarDotUpSized/StarHexDot128UpSizedCanvas.png	277420
Assets/TooManyCrosshairs/128pxUpsized/BaseDotUpSized/TriangleDotUpSized/Triangle3HairsDot128UpSizedCanvas.png	277420
Assets/TooManyCrosshairs/128pxUpsized/BaseDotUpSized/TriangleDotUpSized/Triangle3SplitDot128UpSizedCanvas.png	277420
Assets/TooManyCrosshairs/128pxUpsized/BaseDotUpSized/TriangleDotUpSized/TriangleDot128UpSizedCanvas.png	277420
Assets/TooManyCrosshairs/128pxUpsized/BaseDotUpSized/TriangleDotUpSized/TriangleSharpUpDot128UpSizedCanvas.png	277420
Assets/TooManyCrosshairs/128pxUpsized/BaseDotUpSized/TriangleDotUpSized/triangleupsidedownDot128UpSizedCanvas.png	277420
Assets/TooManyCrosshairs/128pxUpsized/BaseDotUpSized/TriangleDotUpSized/TriangSharpDownDot128UpSizedCanvas.png	277420
Assets/TooManyCrosshairs/128pxUpsized/BaseDotUpSized/TriHexDotUpSized/TriHex3Hairs6hairsDot128UpSizedCanvas.png	277420
Assets/TooManyCrosshairs/128pxUpsized/BaseDotUpSized/TriHexDotUpSized/TriHex3HairsDot128UpSizedCanvas.png	277420
Assets/TooManyCrosshairs/128pxUpsized/BaseDotUpSized/TriHexDotUpSized/TriHexCircle3SplitDot128UpSizedCanvas.png	277420
Assets/TooManyCrosshairs/128pxUpsized/BaseDotUpSized/TriHexDotUpSized/TriHexDot128UpSizedCanvas.png	277420
Assets/TooManyCrosshairs/128pxUpsized/BaseDotUpSized/TriHexDotUpSized/TriHexHairsGripDot128UpSizedCanvas.png	277420
Assets/TooManyCrosshairs/128pxUpsized/BaseDotUpSized/xhairDotUpSized/xArrowHeadDot128UpSizedCanvas.png	277420
Assets/TooManyCrosshairs/128pxUpsized/BaseDotUpSized/xhairDotUpSized/xArrowheadInwardsDot128UpSizedCanvas.png	277420
Assets/TooManyCrosshairs/128pxUpsized/BaseDotUpSized/xhairDotUpSized/xHair30degCircle6SplitDot128UpSizedCanvas.png	277420
Assets/TooManyCrosshairs/128pxUpsized/BaseDotUpSized/xhairDotUpSized/xHairCircle3splitDot128UpSizedCanvas.png	277420
Assets/TooManyCrosshairs/128pxUpsized/BaseDotUpSized/xhairDotUpSized/xHairCircle4SplitDot128UpSizedCanvas.png	277420
Assets/TooManyCrosshairs/128pxUpsized/BaseDotUpSized/xhairDotUpSized/xHairCircle6SplitDot128UpSizedCanvas.png	277420
Assets/TooManyCrosshairs/128pxUpsized/BaseDotUpSized/xhairDotUpSized/xHairCircleDot128UpSizedCanvas.png	277420
Assets/TooManyCrosshairs/128pxUpsized/BaseDotUpSized/xhairDotUpSized/xHairCircleXSplitDot128UpSizedCanvas.png	277420
Assets/TooManyCrosshairs/128pxUpsized/BaseDotUpSized/xhairDotUpSized/xHairDiamond4SplitDot128UpSizedCanvas.png	277420
Assets/TooManyCrosshairs/128pxUpsized/BaseDotUpSized/xhairDotUpSized/xHairDiamondDot128UpSizedCanvas.png	277420
Assets/TooManyCrosshairs/128pxUpsized/BaseDotUpSized/xhairDotUpSized/xHairDot128UpSizedCanvas.png	277420
Assets/TooManyCrosshairs/128pxUpsized/BaseDotUpSized/xhairDotUpSized/xHairHexDot128UpSizedCanvas.png	277420
Assets/TooManyCrosshairs/128pxUpsized/BaseDotUpSized/xhairDotUpSized/xHairRing4splitDot128UpSizedCanvas.png	277420
Assets/TooManyCrosshairs/128pxUpsized/BaseDotUpSized/xhairDotUpSized/xHairRingDot128UpSizedCanvas.png	277420
Assets/TooManyCrosshairs/128pxUpsized/BaseDotUpSized/xhairDotUpSized/xHairRingXsplitDot128UpSizedCanvas.png	277420
Assets/TooManyCrosshairs/128pxUpsized/BaseDotUpSized/xhairDotUpSized/xTrianglesSolidInwardsDot128UpSizedCanvas.png	277420
Assets/TooManyCrosshairs/128pxUpsized/BaseDotUpSized/xhairDotUpSized/xTrianglesSolidOutwardsDot128UpSizedCanvas.png	277420
Assets/TooManyCrosshairs/128pxUpsized/BaseUpsized/12Hair/12Hair128UpSizedCanvas.png	277420
Assets/TooManyCrosshairs/128pxUpsized/BaseUpsized/12Hair/12HairCircle128UpSizedCanvas.png	277420
Assets/TooManyCrosshairs/128pxUpsized/BaseUpsized/12Hair/12HairCircle4Split128UpSizedCanvas.png	277420
Assets/TooManyCrosshairs/128pxUpsized/BaseUpsized/12Hair/12HairRing128UpSizedCanvas.png	277420
Assets/TooManyCrosshairs/128pxUpsized/BaseUpsized/12Hair/12HairRing4Split128UpSizedCanvas.png	277420
Assets/TooManyCrosshairs/128pxUpsized/BaseUpsized/2Hair/2HairDiagleft128UpSizedCanvas.png	277420
Assets/TooManyCrosshairs/128pxUpsized/BaseUpsized/2Hair/2HairDiagRight128UpSizedCanvas.png	277420
Assets/TooManyCrosshairs/128pxUpsized/BaseUpsized/2Hair/2HairHoriz128UpSizedCanvas.png	277420
Assets/TooManyCrosshairs/128pxUpsized/BaseUpsized/2Hair/2HairSquare2Split128UpSizedCanvas.png	277420
Assets/TooManyCrosshairs/128pxUpsized/BaseUpsized/2Hair/2HairTriHex2UpSizedCanvas.png	277420
Assets/TooManyCrosshairs/128pxUpsized/BaseUpsized/2Hair/2HairVert128UpSizedCanvas.png	277420
Assets/TooManyCrosshairs/128pxUpsized/BaseUpsized/2Hair/2MiniTrianglesSolidInwards128UpSizedCanvas.png	277420
Assets/TooManyCrosshairs/128pxUpsized/BaseUpsized/2Hair/2MiniTrianglesSolidOutwards128UpSizedCanvas.png	277420
Assets/TooManyCrosshairs/128pxUpsized/BaseUpsized/3Hair/3ArrowheadOutwards128UpSizedCanvas.png	277420
Assets/TooManyCrosshairs/128pxUpsized/BaseUpsized/3Hair/3HairAltTriHex128UpSizedCanvas.png	277420
Assets/TooManyCrosshairs/128pxUpsized/BaseUpsized/3Hair/3HairDown128UpSizedCanvas.png	277420
Assets/TooManyCrosshairs/128pxUpsized/BaseUpsized/3Hair/3HairDownCircle3Split128UpSizedCanvas.png	277420
Assets/TooManyCrosshairs/128pxUpsized/BaseUpsized/3Hair/3HairDownCircle3SplitDown128UpSizedCanvas.png	277420
Assets/TooManyCrosshairs/128pxUpsized/BaseUpsized/3Hair/3HairDownCircle3SplitDownTopRingSplit128UpSizedCanvas.png	277411
Assets/TooManyCrosshairs/128pxUpsized/BaseUpsized/3Hair/3HairDownCircle3SplitUp128UpSizedCanvas.png	277420
Assets/TooManyCrosshairs/128pxUpsized/BaseUpsized/3Hair/3HairDownCircle3SplitUpRing2d128UpSizedCanvas.png	277420
Assets/TooManyCrosshairs/128pxUpsized/BaseUpsized/3Hair/3HairDownCircle3SplitUpRing2s128UpSizedCanvas.png	277420
Assets/TooManyCrosshairs/128pxUpsized/BaseUpsized/3Hair/3HairDownCircle3SplitUpRing4128UpSizedCanvas.png	277420
Assets/TooManyCrosshairs/128pxUpsized/BaseUpsized/3Hair/3HairDownMissingBottomCircle3Split128UpSizedCanvas.png	277420
Assets/TooManyCrosshairs/128pxUpsized/BaseUpsized/3Hair/3HairDownMissingTopCircle3Split128UpSizedCanvas.png	277420
Assets/TooManyCrosshairs/128pxUpsized/BaseUpsized/3Hair/3HairHex128UpSizedCanvas.png	277420
Assets/TooManyCrosshairs/128pxUpsized/BaseUpsized/3Hair/3HairHexAlt128UpSizedCanvas.png	277420
Assets/TooManyCrosshairs/128pxUpsized/BaseUpsized/3Hair/3HairTriangle128UpSizedCanvas.png	277420
Assets/TooManyCrosshairs/128pxUpsized/BaseUpsized/3Hair/3HairTriHex128UpSizedCanvas.png	277420
Assets/TooManyCrosshairs/128pxUpsized/BaseUpsized/3Hair/3HairUpCircle3Split128UpSizedCanvas.png	277420
Assets/TooManyCrosshairs/128pxUpsized/BaseUpsized/3Hair/3HairUpCircleDownHole128UpSizedCanvas.png	277420
Assets/TooManyCrosshairs/128pxUpsized/BaseUpsized/3Hair/3TriangleSolidInwards128UpSizedCanvas.png	277420
Assets/TooManyCrosshairs/128pxUpsized/BaseUpsized/3Hair/3TriangleSolidOutwards128UpSizedCanvas.png	277420
Assets/TooManyCrosshairs/128pxUpsized/BaseUpsized/6Hair/6Hair128UpSizedCanvas.png	277420
Assets/TooManyCrosshairs/128pxUpsized/BaseUpsized/6Hair/6HairCircle128UpSizedCanvas.png	277420
Assets/TooManyCrosshairs/128pxUpsized/BaseUpsized/6Hair/6HairCircle6Split128UpSizedCanvas.png	277420
Assets/TooManyCrosshairs/128pxUpsized/BaseUpsized/6Hair/6HairHex128UpSizedCanvas.png	277420
Assets/TooManyCrosshairs/128pxUpsized/BaseUpsized/8Hair/8Hair128UpSizedCanvas.png	277420
Assets/TooManyCrosshairs/128pxUpsized/BaseUpsized/8Hair/8Hair30deg128UpSizedCanvas.png	277420
Assets/TooManyCrosshairs/128pxUpsized/BaseUpsized/8Hair/8HairCircle4Split128UpSizedCanvas.png	277420
Assets/TooManyCrosshairs/128pxUpsized/BaseUpsized/8Hair/8HairCirle128UpSizedCanvas.png	277420
Assets/TooManyCrosshairs/128pxUpsized/BaseUpsized/8Hair/8HairRing128UpSizedCanvas.png	277420
Assets/TooManyCrosshairs/128pxUpsized/BaseUpsized/8Hair/8HairRing4Split128UpSizedCanvas.png	277420
Assets/TooManyCrosshairs/128pxUpsized/BaseUpsized/8Hair/8HairTriangleSolidIntwards128UpSizedCanvas.png	277420
Assets/TooManyCrosshairs/128pxUpsized/BaseUpsized/8Hair/8HairTriangleSolidOutwardsUpSizedCanvas.png	277420
Assets/TooManyCrosshairs/128pxUpsized/BaseUpsized/Carrot/biCarrotTall128UpSizedCanvas.png	277420
Assets/TooManyCrosshairs/128pxUpsized/BaseUpsized/Carrot/CarrotDown128UpSizedCanvas.png	277420
Assets/TooManyCrosshairs/128pxUpsized/BaseUpsized/Carrot/CarrotDownCentered128UpSizedCanvas.png	277420
Assets/TooManyCrosshairs/128pxUpsized/BaseUpsized/Carrot/CarrotDownSolidCentered128UpSizedCanvas.png	277420
Assets/TooManyCrosshairs/128pxUpsized/BaseUpsized/Carrot/CarrotDownSolidTrueCenter128UpSizedCanvas.png	277420
Assets/TooManyCrosshairs/128pxUpsized/BaseUpsized/Carrot/CarrotSharpCentered128UpSizedCanvas.png	277420
Assets/TooManyCrosshairs/128pxUpsized/BaseUpsized/Carrot/CarrotSharpCross128UpSizedCanvas.png	277420
Assets/TooManyCrosshairs/128pxUpsized/BaseUpsized/Carrot/CarrotSharpDownCentered128UpSizedCanvas.png	277420
Assets/TooManyCrosshairs/128pxUpsized/BaseUpsized/Carrot/CarrotSharpUp128UpSizedCanvas.png	277420
Assets/TooManyCrosshairs/128pxUpsized/BaseUpsized/Carrot/CarrotSharpX128UpSizedCanvas.png	277420
Assets/TooManyCrosshairs/128pxUpsized/BaseUpsized/Carrot/CarrotUp128UpSizedCanvas.png	277420
Assets/TooManyCrosshairs/128pxUpsized/BaseUpsized/Carrot/CarrotUpCentered128UpSizedCanvas.png	277420
Assets/TooManyCrosshairs/128pxUpsized/BaseUpsized/Carrot/CarrotUpSolidCentered128UpSizedCanvas.png	277420
Assets/TooManyCrosshairs/128pxUpsized/BaseUpsized/Carrot/CarrotUpSolidTrueCenter128UpSizedCanvas.png	277420
Assets/TooManyCrosshairs/128pxUpsized/BaseUpsized/Circle/Circle128UpSizedCanvas.png	277420
Assets/TooManyCrosshairs/128pxUpsized/BaseUpsized/Circle/Circle2Split128UpSizedCanvas.png	277420
Assets/TooManyCrosshairs/128pxUpsized/BaseUpsized/Circle/Circle2SplitRing4Split128UpSizedCanvas.png	277420
Assets/TooManyCrosshairs/128pxUpsized/BaseUpsized/Circle/Circle3px128UpSizedCanvas.png	277420
Assets/TooManyCrosshairs/128pxUpsized/BaseUpsized/Circle/Circle4split128UpSizedCanvas.png	277420
Assets/TooManyCrosshairs/128pxUpsized/BaseUpsized/Circle/Circle4splitOffset_NE128UpSizedCanvas.png	277420
Assets/TooManyCrosshairs/128pxUpsized/BaseUpsized/Circle/Circle4splitOffset_NW128UpSizedCanvas.png	277420
Assets/TooManyCrosshairs/128pxUpsized/BaseUpsized/Circle/Circle4splitOffset_SE128UpSizedCanvas.png	277420
Assets/TooManyCrosshairs/128pxUpsized/BaseUpsized/Circle/Circle4splitOffset_SW128UpSizedCanvas.png	277420
Assets/TooManyCrosshairs/128pxUpsized/BaseUpsized/Circle/Circle4splitOffsetDown128UpSizedCanvas.png	277420
Assets/TooManyCrosshairs/128pxUpsized/BaseUpsized/Circle/Circle4splitOffsetLeft128UpSizedCanvas.png	277420
Assets/TooManyCrosshairs/128pxUpsized/BaseUpsized/Circle/Circle4splitOffsetNE128UpSizedCanvas.png	277420
Assets/TooManyCrosshairs/128pxUpsized/BaseUpsized/Circle/Circle4splitOffsetNW128UpSizedCanvas.png	277420
Assets/TooManyCrosshairs/128pxUpsized/BaseUpsized/Circle/Circle4splitOffsetRight128UpSizedCanvas.png	277420
Assets/TooManyCrosshairs/128pxUpsized/BaseUpsized/Circle/Circle4splitOffsetSE128UpSizedCanvas.png	277420
Assets/TooManyCrosshairs/128pxUpsized/BaseUpsized/Circle/Circle4splitOffsetSENW128UpSizedCanvas.png	277420
Assets/TooManyCrosshairs/128pxUpsized/BaseUpsized/Circle/Circle4splitOffsetSW128UpSizedCanvas.png	277420
Assets/TooManyCrosshairs/128pxUpsized/BaseUpsized/Circle/Circle4splitOffsetSWNE128UpSizedCanvas.png	277420
Assets/TooManyCrosshairs/128pxUpsized/BaseUpsized/Circle/Circle4splitOffsetUp128UpSizedCanvas.png	277420
Assets/TooManyCrosshairs/128pxUpsized/BaseUpsized/Circle/Circle6Split128UpSizedCanvas.png	277420
Assets/TooManyCrosshairs/128pxUpsized/BaseUpsized/Circle/Circle6Split6Chain128UpSizedCanvas.png	277420
Assets/TooManyCrosshairs/128pxUpsized/BaseUpsized/Circle/Circle6SplitAnd8Split128UpSizedCanvas.png	277420
Assets/TooManyCrosshairs/128pxUpsized/BaseUpsized/Circle/Circle8Split1128UpSizedCanvas.png	277420
Assets/TooManyCrosshairs/128pxUpsized/BaseUpsized/Circle/Circle8Split128UpSizedCanvas.png	277411
Assets/TooManyCrosshairs/128pxUpsized/BaseUpsized/Circle/Circle8Split2128UpSizedCanvas.png	277420
Assets/TooManyCrosshairs/128pxUpsized/BaseUpsized/Circle/Circle8Splitminus2128UpSizedCanvas.png	277420
Assets/TooManyCrosshairs/128pxUpsized/BaseUpsized/Circle/Circle8Splitminus3128UpSizedCanvas.png	277420
Assets/TooManyCrosshairs/128pxUpsized/BaseUpsized/Circle/Circle8Splitminus4128UpSizedCanvas.png	277420
Assets/TooManyCrosshairs/128pxUpsized/BaseUpsized/Circle/Circle8Splitminus5128UpSizedCanvas.png	277420
Assets/TooManyCrosshairs/128pxUpsized/BaseUpsized/Circle/Circle8Splitminus6128UpSizedCanvas.png	277420
Assets/TooManyCrosshairs/128pxUpsized/BaseUpsized/Circle/Circle8Splitminus7128UpSizedCanvas.png	277420
Assets/TooManyCrosshairs/128pxUpsized/BaseUpsized/Circle/Circle8SplitRing4Split128UpSizedCanvas.png	277420
Assets/TooManyCrosshairs/128pxUpsized/BaseUpsized/Circle/CircleCenter3px128UpSizedCanvas.png	277420
Assets/TooManyCrosshairs/128pxUpsized/BaseUpsized/Circle/CircleCenterInner3px128UpSizedCanvas.png	277420
Assets/TooManyCrosshairs/128pxUpsized/BaseUpsized/Circle/CircleInner3px128UpSizedCanvas.png	277420
Assets/TooManyCrosshairs/128pxUpsized/BaseUpsized/Circle/CircleRing128UpSizedCanvas.png	277420
Assets/TooManyCrosshairs/128pxUpsized/BaseUpsized/Circle/CircleRing4Split128UpSizedCanvas.png	277420
Assets/TooManyCrosshairs/128pxUpsized/BaseUpsized/Circle/CircleRingXSplit128UpSizedCanvas.png	277420
Assets/TooManyCrosshairs/128pxUpsized/BaseUpsized/Circle/CircleXsplit128UpSizedCanvas.png	277420
Assets/TooManyCrosshairs/128pxUpsized/BaseUpsized/Cross/4ArrowHead128UpSizedCanvas.png	277420
Assets/TooManyCrosshairs/128pxUpsized/BaseUpsized/Cross/4ArrowheadInwards128UpSizedCanvas.png	277420
Assets/TooManyCrosshairs/128pxUpsized/BaseUpsized/Cross/Cross128UpSizedCanvas.png	277420
Assets/TooManyCrosshairs/128pxUpsized/BaseUpsized/Cross/CrossBottomHairCentered128UpSizedCanvas.png	277420
Assets/TooManyCrosshairs/128pxUpsized/BaseUpsized/Cross/CrossCircle128UpSizedCanvas.png	277420
Assets/TooManyCrosshairs/128pxUpsized/BaseUpsized/Cross/CrossCircle4Split128UpSizedCanvas.png	277420
Assets/TooManyCrosshairs/128pxUpsized/BaseUpsized/Cross/CrossCircle4SplitOffSet_NE128UpSizedCanvas.png	277420
Assets/TooManyCrosshairs/128pxUpsized/BaseUpsized/Cross/CrossCircle4SplitOffSet_NW128UpSizedCanvas.png	277420
Assets/TooManyCrosshairs/128pxUpsized/BaseUpsized/Cross/CrossCircle4SplitOffSet_SE128UpSizedCanvas.png	277420
Assets/TooManyCrosshairs/128pxUpsized/BaseUpsized/Cross/CrossCircle4SplitOffSet_SW128UpSizedCanvas.png	277420
Assets/TooManyCrosshairs/128pxUpsized/BaseUpsized/Cross/CrossCircle4SplitOffSetDown128UpSizedCanvas.png	277420
Assets/TooManyCrosshairs/128pxUpsized/BaseUpsized/Cross/CrossCircle4SplitOffSetLeft128UpSizedCanvas.png	277420
Assets/TooManyCrosshairs/128pxUpsized/BaseUpsized/Cross/CrossCircle4splitOffsetNE128UpSizedCanvas.png	277420
Assets/TooManyCrosshairs/128pxUpsized/BaseUpsized/Cross/CrossCircle4splitOffsetNESW128UpSizedCanvas.png	277420
Assets/TooManyCrosshairs/128pxUpsized/BaseUpsized/Cross/CrossCircle4splitOffsetNW128UpSizedCanvas.png	277420
Assets/TooManyCrosshairs/128pxUpsized/BaseUpsized/Cross/CrossCircle4splitOffsetNWSED128UpSizedCanvas.png	277420
Assets/TooManyCrosshairs/128pxUpsized/BaseUpsized/Cross/CrossCircle4SplitOffSetRight128UpSizedCanvas.png	277420
Assets/TooManyCrosshairs/128pxUpsized/BaseUpsized/Cross/CrossCircle4splitOffsetSE128UpSizedCanvas.png	277420
Assets/TooManyCrosshairs/128pxUpsized/BaseUpsized/Cross/CrossCircle4splitOffsetSW128UpSizedCanvas.png	277420
Assets/TooManyCrosshairs/128pxUpsized/BaseUpsized/Cross/CrossCircle4SplitOffSetUp128UpSizedCanvas.png	277420
Assets/TooManyCrosshairs/128pxUpsized/BaseUpsized/Cross/CrossCircle6Split128UpSizedCanvas.png	277420
Assets/TooManyCrosshairs/128pxUpsized/BaseUpsized/Cross/CrossCircleXSplit128UpSizedCanvas.png	277420
Assets/TooManyCrosshairs/128pxUpsized/BaseUpsized/Cross/CrossLeftHairCentered128UpSizedCanvas.png	277420
Assets/TooManyCrosshairs/128pxUpsized/BaseUpsized/Cross/CrossMiniTrianglesSolidInwards128UpSizedCanvas.png	277420
Assets/TooManyCrosshairs/128pxUpsized/BaseUpsized/Cross/CrossMiniTrianglesSolidInwardsNotTop128UpSizedCanvas.png	277420
Assets/TooManyCrosshairs/128pxUpsized/BaseUpsized/Cross/CrossMiniTrianglesSolidOutwards128UpSizedCanvas.png	277420
Assets/TooManyCrosshairs/128pxUpsized/BaseUpsized/Cross/CrossRightHairCentered128UpSizedCanvas.png	277420
Assets/TooManyCrosshairs/128pxUpsized/BaseUpsized/Cross/CrossRing128UpSizedCanvas.png	277420
Assets/TooManyCrosshairs/128pxUpsized/BaseUpsized/Cross/CrossRing4Split128UpSizedCanvas.png	277420
Assets/TooManyCrosshairs/128pxUpsized/BaseUpsized/Cross/CrossRingXSplit128UpSizedCanvas.png	277420
Assets/TooManyCrosshairs/128pxUpsized/BaseUpsized/Cross/CrossSquare128UpSizedCanvas.png	277420
Assets/TooManyCrosshairs/128pxUpsized/BaseUpsized/Cross/CrossSquare2Split128UpSizedCanvas.png	277420
Assets/TooManyCrosshairs/128pxUpsized/BaseUpsized/Cross/CrossSquare4Split128UpSizedCanvas.png	277420
Assets/TooManyCrosshairs/128pxUpsized/BaseUpsized/Cross/CrossSquarexHair128UpSizedCanvas.png	277420
Assets/TooManyCrosshairs/128pxUpsized/BaseUpsized/Cross/CrossStriped128UpSizedCanvas.png	277420
Assets/TooManyCrosshairs/128pxUpsized/BaseUpsized/Cross/CrossStripedInner128UpSizedCanvas.png	277420
Assets/TooManyCrosshairs/128pxUpsized/BaseUpsized/Cross/CrossStripedOuter128UpSizedCanvas.png	277420
Assets/TooManyCrosshairs/128pxUpsized/BaseUpsized/Cross/CrossStripedThick128UpSizedCanvas.png	277420
Assets/TooManyCrosshairs/128pxUpsized/BaseUpsized/Cross/CrossTopHairCentered128UpSizedCanvas.png	277420
Assets/TooManyCrosshairs/128pxUpsized/BaseUpsized/Cross/tCross128UpSizedCanvas.png	277420
Assets/TooManyCrosshairs/128pxUpsized/BaseUpsized/Diamond/Diamond4split2128UpSizedCanvas.png	277420
Assets/TooManyCrosshairs/128pxUpsized/BaseUpsized/Diamond/Diamond4split3128UpSizedCanvas.png	277420
Assets/TooManyCrosshairs/128pxUpsized/BaseUpsized/Diamond/Diamond4SplitCross128UpSizedCanvas.png	277420
Assets/TooManyCrosshairs/128pxUpsized/BaseUpsized/Diamond/Diamond4SplitSquare4Split128UpSizedCanvas.png	277420
Assets/TooManyCrosshairs/128pxUpsized/BaseUpsized/Diamond/Diamond4SplitUpSizedCanvas.png	277420
Assets/TooManyCrosshairs/128pxUpsized/BaseUpsized/Diamond/DiamondCross128UpSizedCanvas.png	277420
Assets/TooManyCrosshairs/128pxUpsized/BaseUpsized/Diamond/DiamondUpSizedCanvas.png	277420
Assets/TooManyCrosshairs/128pxUpsized/BaseUpsized/Dots/Dot128UpSizedCanvas.png	277420
Assets/TooManyCrosshairs/128pxUpsized/BaseUpsized/Dots/DotRect128UpSizedCanvas.png	277862
Assets/TooManyCrosshairs/128pxUpsized/BaseUpsized/Hex/Hex128UpSizedCanvas.png	277420
Assets/TooManyCrosshairs/128pxUpsized/BaseUpsized/Hex/HexTurned128UpSizedCanvas.png	277420
Assets/TooManyCrosshairs/128pxUpsized/BaseUpsized/Hex/HexTurned2Hair128UpSizedCanvas.png	277420
Assets/TooManyCrosshairs/128pxUpsized/BaseUpsized/Hex/HexTurned2HairVert128UpSizedCanvas.png	277420
Assets/TooManyCrosshairs/128pxUpsized/BaseUpsized/Hex/HexTurned3Hair128UpSizedCanvas.png	277420
Assets/TooManyCrosshairs/128pxUpsized/BaseUpsized/Hex/HexTurned6Hair128UpSizedCanvas.png	277420
Assets/TooManyCrosshairs/128pxUpsized/BaseUpsized/Hex/HexTurned6HairCircle6Split128UpSizedCanvas.png	277420
Assets/TooManyCrosshairs/128pxUpsized/BaseUpsized/Hex/HexTurnedRingXsplit128UpSizedCanvas.png	277420
Assets/TooManyCrosshairs/128pxUpsized/BaseUpsized/Ring/Ring128UpSizedCanvas.png	277420
Assets/TooManyCrosshairs/128pxUpsized/BaseUpsized/Ring/Ring4and8Split128UpSizedCanvas.png	277420
Assets/TooManyCrosshairs/128pxUpsized/BaseUpsized/Ring/Ring4split128UpSizedCanvas.png	277420
Assets/TooManyCrosshairs/128pxUpsized/BaseUpsized/Ring/Ring4SplitCircle4Split128UpSizedCanvas.png	277420
Assets/TooManyCrosshairs/128pxUpsized/BaseUpsized/Ring/Ring8Split128UpSizedCanvas.png	277420
Assets/TooManyCrosshairs/128pxUpsized/BaseUpsized/Ring/RingXsplit128UpSizedCanvas.png	277420
Assets/TooManyCrosshairs/128pxUpsized/BaseUpsized/Square/Square128UpSizedCanvas.png	277420
Assets/TooManyCrosshairs/128pxUpsized/BaseUpsized/Square/Square2SplitUpSizedCanvas.png	277420
Assets/TooManyCrosshairs/128pxUpsized/BaseUpsized/Square/Square2SplitxHair128UpSizedCanvas.png	277420
Assets/TooManyCrosshairs/128pxUpsized/BaseUpsized/Square/Square4Split128UpSizedCanvas.png	277420
Assets/TooManyCrosshairs/128pxUpsized/BaseUpsized/Square/Square4Splitbottom128UpSizedCanvas.png	277420
Assets/TooManyCrosshairs/128pxUpsized/BaseUpsized/Square/Square4Splitxhair128UpSizedCanvas.png	277420
Assets/TooManyCrosshairs/128pxUpsized/BaseUpsized/Square/SquareCirclexSplit128UpSizedCanvas.png	277420
Assets/TooManyCrosshairs/128pxUpsized/BaseUpsized/Square/SquarexHair128UpSizedCanvas.png	277420
Assets/TooManyCrosshairs/128pxUpsized/BaseUpsized/Star/quadStar128UpSizedCanvas.png	277420
Assets/TooManyCrosshairs/128pxUpsized/BaseUpsized/Star/StarCarrotSharp128UpSizedCanvas.png	277420
Assets/TooManyCrosshairs/128pxUpsized/BaseUpsized/Star/StarCircle128UpSizedCanvas.png	277420
Assets/TooManyCrosshairs/128pxUpsized/BaseUpsized/Star/StarCircle6Split128UpSizedCanvas.png	277420
Assets/TooManyCrosshairs/128pxUpsized/BaseUpsized/Star/StarHex128UpSizedCanvas.png	277420
Assets/TooManyCrosshairs/128pxUpsized/BaseUpsized/Triangle/Triangle128UpSizedCanvas.png	277420
Assets/TooManyCrosshairs/128pxUpsized/BaseUpsized/Triangle/Triangle3Hairs128UpSizedCanvas.png	277420
Assets/TooManyCrosshairs/128pxUpsized/BaseUpsized/Triangle/Triangle3Split128UpSizedCanvas.png	277420
Assets/TooManyCrosshairs/128pxUpsized/BaseUpsized/Triangle/TriangleSharpUp128UpSizedCanvas.png	277420
Assets/TooManyCrosshairs/128pxUpsized/BaseUpsized/Triangle/triangleupsidedown128UpSizedCanvas.png	277420
Assets/TooManyCrosshairs/128pxUpsized/BaseUpsized/Triangle/TriangSharpDown128UpSizedCanvas.png	277420
Assets/TooManyCrosshairs/128pxUpsized/BaseUpsized/TriHex/TriHex128UpSizedCanvas.png	277420
Assets/TooManyCrosshairs/128pxUpsized/BaseUpsized/TriHex/TriHex3Hairs128UpSizedCanvas.png	277420
Assets/TooManyCrosshairs/128pxUpsized/BaseUpsized/TriHex/TriHex3Hairs6Hairs128UpSizedCanvas.png	277420
Assets/TooManyCrosshairs/128pxUpsized/BaseUpsized/TriHex/TriHexCircle3Split128UpSizedCanvas.png	277420
Assets/TooManyCrosshairs/128pxUpsized/BaseUpsized/TriHex/TriHexHairsGrip128UpSizedCanvas.png	277420
Assets/TooManyCrosshairs/128pxUpsized/BaseUpsized/xhair/xArrowHead128UpSizedCanvas.png	277420
Assets/TooManyCrosshairs/128pxUpsized/BaseUpsized/xhair/xArrowheadInwards128UpSizedCanvas.png	277420
Assets/TooManyCrosshairs/128pxUpsized/BaseUpsized/xhair/xHair128UpSizedCanvas.png	277420
Assets/TooManyCrosshairs/128pxUpsized/BaseUpsized/xhair/xHair30degCircle6Split128UpSizedCanvas.png	277420
Assets/TooManyCrosshairs/128pxUpsized/BaseUpsized/xhair/xHairCircle128UpSizedCanvas.png	277420
Assets/TooManyCrosshairs/128pxUpsized/BaseUpsized/xhair/xHairCircle3split128UpSizedCanvas.png	277420
Assets/TooManyCrosshairs/128pxUpsized/BaseUpsized/xhair/xHairCircle4Split128UpSizedCanvas.png	277420
Assets/TooManyCrosshairs/128pxUpsized/BaseUpsized/xhair/xHairCircle6Split128UpSizedCanvas.png	277420
Assets/TooManyCrosshairs/128pxUpsized/BaseUpsized/xhair/xHairCircleXSplit128UpSizedCanvas.png	277420
Assets/TooManyCrosshairs/128pxUpsized/BaseUpsized/xhair/xHairDiamond128UpSizedCanvas.png	277420
Assets/TooManyCrosshairs/128pxUpsized/BaseUpsized/xhair/xHairDiamond4Split128UpSizedCanvas.png	277420
Assets/TooManyCrosshairs/128pxUpsized/BaseUpsized/xhair/xHairHex128UpSizedCanvas.png	277420
Assets/TooManyCrosshairs/128pxUpsized/BaseUpsized/xhair/xHairRing128UpSizedCanvas.png	277420
Assets/TooManyCrosshairs/128pxUpsized/BaseUpsized/xhair/xHairRing4split128UpSizedCanvas.png	277420
Assets/TooManyCrosshairs/128pxUpsized/BaseUpsized/xhair/xHairRingXsplit128UpSizedCanvas.png	277420
Assets/TooManyCrosshairs/128pxUpsized/BaseUpsized/xhair/xTrianglesSolidInwards128UpSizedCanvas.png	277420
Assets/TooManyCrosshairs/128pxUpsized/BaseUpsized/xhair/xTrianglesSolidOutwards128UpSizedCanvas.png	277420
Assets/TooManyCrosshairs/128pxUpsized/GlowDotUpsized/12HairDotGlowUpSized/12HairCircle4SplitDot128UpSizedCanvasUpSizedCanvasGlow.png	277862
Assets/TooManyCrosshairs/128pxUpsized/GlowDotUpsized/12HairDotGlowUpSized/12HairCircleDot128UpSizedCanvasUpSizedCanvasGlow.png	277862
Assets/TooManyCrosshairs/128pxUpsized/GlowDotUpsized/12HairDotGlowUpSized/12HairRing4SplitDot128UpSizedCanvasUpSizedCanvasGlow.png	277862
Assets/TooManyCrosshairs/128pxUpsized/GlowDotUpsized/12HairDotGlowUpSized/12HairRingDot128UpSizedCanvasUpSizedCanvasGlow.png	277862
Assets/TooManyCrosshairs/128pxUpsized/GlowDotUpsized/2HairDotGlowUpSized/2HairDiagleftDot128UpSizedCanvasUpSizedCanvasGlow.png	277862
Assets/TooManyCrosshairs/128pxUpsized/GlowDotUpsized/2HairDotGlowUpSized/2HairDiagRightDot128UpSizedCanvasUpSizedCanvasGlow.png	277862
Assets/TooManyCrosshairs/128pxUpsized/GlowDotUpsized/2HairDotGlowUpSized/2HairHorizDot128UpSizedCanvasUpSizedCanvasGlow.png	277862
Assets/TooManyCrosshairs/128pxUpsized/GlowDotUpsized/2HairDotGlowUpSized/2HairSquare2SplitminiSquare128UpSizedCanvasUpSizedCanvasGlow.png	277862
Assets/TooManyCrosshairs/128pxUpsized/GlowDotUpsized/2HairDotGlowUpSized/2HairTriHex2Dot128UpSizedCanvasUpSizedCanvasGlow.png	277862
Assets/TooManyCrosshairs/128pxUpsized/GlowDotUpsized/2HairDotGlowUpSized/2HairVertDot128UpSizedCanvasUpSizedCanvasGlow.png	277862
Assets/TooManyCrosshairs/128pxUpsized/GlowDotUpsized/2HairDotGlowUpSized/2MiniTrianglesSolidInwardsDot128UpSizedCanvasUpSizedCanvasGlow.png	277862
Assets/TooManyCrosshairs/128pxUpsized/GlowDotUpsized/2HairDotGlowUpSized/2MiniTrianglesSolidOutwardsDot128UpSizedCanvasUpSizedCanvasGlow.png	277862
Assets/TooManyCrosshairs/128pxUpsized/GlowDotUpsized/3HairDotGlowUpSized/3ArrowheadOutwardsDot128UpSizedCanvasUpSizedCanvasGlow.png	277862
Assets/TooManyCrosshairs/128pxUpsized/GlowDotUpsized/3HairDotGlowUpSized/3HairAltTriHexDot128UpSizedCanvasUpSizedCanvasGlow.png	277862
Assets/TooManyCrosshairs/128pxUpsized/GlowDotUpsized/3HairDotGlowUpSized/3HairDownCircle3SplitDot128UpSizedCanvasUpSizedCanvasGlow.png	277862
Assets/TooManyCrosshairs/128pxUpsized/GlowDotUpsized/3HairDotGlowUpSized/3HairDownCircle3SplitDownDot128UpSizedCanvasUpSizedCanvasGlow.png	277859
Assets/TooManyCrosshairs/128pxUpsized/GlowDotUpsized/3HairDotGlowUpSized/3HairDownCircle3SplitDownTopRingSplitDot128UpSizedCanvasUpSizedCanvasGlow.png	277862
Assets/TooManyCrosshairs/128pxUpsized/GlowDotUpsized/3HairDotGlowUpSized/3HairDownCircle3SplitUpDot128UpSizedCanvasUpSizedCanvasGlow.png	277862
Assets/TooManyCrosshairs/128pxUpsized/GlowDotUpsized/3HairDotGlowUpSized/3HairDownCircle3SplitUpRing2dDot128UpSizedCanvasUpSizedCanvasGlow.png	277862
Assets/TooManyCrosshairs/128pxUpsized/GlowDotUpsized/3HairDotGlowUpSized/3HairDownCircle3SplitUpRing2sDot128UpSizedCanvasUpSizedCanvasGlow.png	277853
Assets/TooManyCrosshairs/128pxUpsized/GlowDotUpsized/3HairDotGlowUpSized/3HairDownCircle3SplitUpRing4Dot128UpSizedCanvasUpSizedCanvasGlow.png	277862
Assets/TooManyCrosshairs/128pxUpsized/GlowDotUpsized/3HairDotGlowUpSized/3HairDownDot128UpSizedCanvasUpSizedCanvasGlow.png	277862
Assets/TooManyCrosshairs/128pxUpsized/GlowDotUpsized/3HairDotGlowUpSized/3HairDownMissingBottomCircle3SplitDot128UpSizedCanvasUpSizedCanvasGlow.png	277862
Assets/TooManyCrosshairs/128pxUpsized/GlowDotUpsized/3HairDotGlowUpSized/3HairDownMissingTopCircle3SplitDot128UpSizedCanvasUpSizedCanvasGlow.png	277862
Assets/TooManyCrosshairs/128pxUpsized/GlowDotUpsized/3HairDotGlowUpSized/3HairHexAltDot128UpSizedCanvasUpSizedCanvasGlow.png	277862
Assets/TooManyCrosshairs/128pxUpsized/GlowDotUpsized/3HairDotGlowUpSized/3HairHexDot128UpSizedCanvasUpSizedCanvasGlow.png	277862
Assets/TooManyCrosshairs/128pxUpsized/GlowDotUpsized/3HairDotGlowUpSized/3HairTriangleDot128UpSizedCanvasUpSizedCanvasGlow.png	277862
Assets/TooManyCrosshairs/128pxUpsized/GlowDotUpsized/3HairDotGlowUpSized/3HairTriHexDot128UpSizedCanvasUpSizedCanvasGlow.png	277862
Assets/TooManyCrosshairs/128pxUpsized/GlowDotUpsized/3HairDotGlowUpSized/3HairUpCircle3SplitDot128UpSizedCanvasUpSizedCanvasGlow.png	277862
Assets/TooManyCrosshairs/128pxUpsized/GlowDotUpsized/3HairDotGlowUpSized/3HairUpCircleDownHoleDot128UpSizedCanvasUpSizedCanvasGlow.png	277862
Assets/TooManyCrosshairs/128pxUpsized/GlowDotUpsized/3HairDotGlowUpSized/3TriangleSolidInwardsDot128UpSizedCanvasUpSizedCanvasGlow.png	277862
Assets/TooManyCrosshairs/128pxUpsized/GlowDotUpsized/3HairDotGlowUpSized/3TriangleSolidOutwardsDot128UpSizedCanvasUpSizedCanvasGlow.png	277862
Assets/TooManyCrosshairs/128pxUpsized/GlowDotUpsized/6HairDotGlowUpSized/6HairCircle61SplitDot128UpSizedCanvasUpSizedCanvasGlow.png	277862
Assets/TooManyCrosshairs/128pxUpsized/GlowDotUpsized/6HairDotGlowUpSized/6HairCircle62SplitDot128UpSizedCanvasUpSizedCanvasGlow.png	277862
Assets/TooManyCrosshairs/128pxUpsized/GlowDotUpsized/6HairDotGlowUpSized/6HairCircle63SplitDot128UpSizedCanvasUpSizedCanvasGlow.png	277862
Assets/TooManyCrosshairs/128pxUpsized/GlowDotUpsized/6HairDotGlowUpSized/6HairCircle64SplitDot128UpSizedCanvasUpSizedCanvasGlow.png	277862
Assets/TooManyCrosshairs/128pxUpsized/GlowDotUpsized/6HairDotGlowUpSized/6HairCircle65SplitDot128UpSizedCanvasUpSizedCanvasGlow.png	277862
Assets/TooManyCrosshairs/128pxUpsized/GlowDotUpsized/6HairDotGlowUpSized/6HairCircle6SplitDot128UpSizedCanvasUpSizedCanvasGlow.png	277862
Assets/TooManyCrosshairs/128pxUpsized/GlowDotUpsized/6HairDotGlowUpSized/6HairCircleDot128UpSizedCanvasUpSizedCanvasGlow.png	277862
Assets/TooManyCrosshairs/128pxUpsized/GlowDotUpsized/6HairDotGlowUpSized/6HairDot128UpSizedCanvasUpSizedCanvasGlow.png	277862
Assets/TooManyCrosshairs/128pxUpsized/GlowDotUpsized/6HairDotGlowUpSized/6HairHexDot128UpSizedCanvasUpSizedCanvasGlow.png	277862
Assets/TooManyCrosshairs/128pxUpsized/GlowDotUpsized/8HairDotGlowUpSized/8Hair30degDot128UpSizedCanvasUpSizedCanvasGlow.png	277862
Assets/TooManyCrosshairs/128pxUpsized/GlowDotUpsized/8HairDotGlowUpSized/8HairCircle4SplitDot128UpSizedCanvasUpSizedCanvasGlow.png	277862
Assets/TooManyCrosshairs/128pxUpsized/GlowDotUpsized/8HairDotGlowUpSized/8HairCirleDot128UpSizedCanvasUpSizedCanvasGlow.png	277862
Assets/TooManyCrosshairs/128pxUpsized/GlowDotUpsized/8HairDotGlowUpSized/8HairDot128UpSizedCanvasUpSizedCanvasGlow.png	277862
Assets/TooManyCrosshairs/128pxUpsized/GlowDotUpsized/8HairDotGlowUpSized/8HairRing4SplitDot128UpSizedCanvasUpSizedCanvasGlow.png	277862
Assets/TooManyCrosshairs/128pxUpsized/GlowDotUpsized/8HairDotGlowUpSized/8HairRingDot128UpSizedCanvasUpSizedCanvasGlow.png	277862
Assets/TooManyCrosshairs/128pxUpsized/GlowDotUpsized/8HairDotGlowUpSized/8HairTriangleSolidIntwardsDotUpSizedCanvasUpSizedCanvasGlow.png	277862
Assets/TooManyCrosshairs/128pxUpsized/GlowDotUpsized/CarrotDotGlowUpSized/biCarrotTallDot128UpSizedCanvasUpSizedCanvasGlow.png	277862
Assets/TooManyCrosshairs/128pxUpsized/GlowDotUpsized/CarrotDotGlowUpSized/CarrotSharpCrossDot128UpSizedCanvasUpSizedCanvasGlow.png	277862
Assets/TooManyCrosshairs/128pxUpsized/GlowDotUpsized/CarrotDotGlowUpSized/CarrotSharpXdot128UpSizedCanvasUpSizedCanvasGlow.png	277862
Assets/TooManyCrosshairs/128pxUpsized/GlowDotUpsized/CircleDotGlowUpSized/Circle2SplitDot128UpSizedCanvasUpSizedCanvasGlow.png	277862
Assets/TooManyCrosshairs/128pxUpsized/GlowDotUpsized/CircleDotGlowUpSized/Circle2SplitRing4SplitDot128UpSizedCanvasUpSizedCanvasGlow.png	277862
Assets/TooManyCrosshairs/128pxUpsized/GlowDotUpsized/CircleDotGlowUpSized/Circle3pxDot128UpSizedCanvasUpSizedCanvasGlow.png	277862
Assets/TooManyCrosshairs/128pxUpsized/GlowDotUpsized/CircleDotGlowUpSized/Circle4splitDot128UpSizedCanvasUpSizedCanvasGlow.png	277862
Assets/TooManyCrosshairs/128pxUpsized/GlowDotUpsized/CircleDotGlowUpSized/Circle4splitOffset_NE128dotUpSizedCanvasUpSizedCanvasGlow.png	277862
Assets/TooManyCrosshairs/128pxUpsized/GlowDotUpsized/CircleDotGlowUpSized/Circle4splitOffset_NW128DotUpSizedCanvasUpSizedCanvasGlow.png	277862
Assets/TooManyCrosshairs/128pxUpsized/GlowDotUpsized/CircleDotGlowUpSized/Circle4splitOffset_SEDot128UpSizedCanvasUpSizedCanvasGlow.png	277862
Assets/TooManyCrosshairs/128pxUpsized/GlowDotUpsized/CircleDotGlowUpSized/Circle4splitOffset_SWDot128UpSizedCanvasUpSizedCanvasGlow.png	277862
Assets/TooManyCrosshairs/128pxUpsized/GlowDotUpsized/CircleDotGlowUpSized/Circle4splitOffsetDownDot128UpSizedCanvasUpSizedCanvasGlow.png	277862
Assets/TooManyCrosshairs/128pxUpsized/GlowDotUpsized/CircleDotGlowUpSized/Circle4splitOffsetLeftDot128UpSizedCanvasUpSizedCanvasGlow.png	277862
Assets/TooManyCrosshairs/128pxUpsized/GlowDotUpsized/CircleDotGlowUpSized/Circle4splitOffsetNEDot128UpSizedCanvasUpSizedCanvasGlow.png	277853
Assets/TooManyCrosshairs/128pxUpsized/GlowDotUpsized/CircleDotGlowUpSized/Circle4splitOffsetNWDot128UpSizedCanvasUpSizedCanvasGlow.png	277862
Assets/TooManyCrosshairs/128pxUpsized/GlowDotUpsized/CircleDotGlowUpSized/Circle4splitOffsetRightDot128UpSizedCanvasUpSizedCanvasGlow.png	277862
Assets/TooManyCrosshairs/128pxUpsized/GlowDotUpsized/CircleDotGlowUpSized/Circle4splitOffsetSEDot128UpSizedCanvasUpSizedCanvasGlow.png	277862
Assets/TooManyCrosshairs/128pxUpsized/GlowDotUpsized/CircleDotGlowUpSized/Circle4splitOffsetSENWDot128UpSizedCanvasUpSizedCanvasGlow.png	277862
Assets/TooManyCrosshairs/128pxUpsized/GlowDotUpsized/CircleDotGlowUpSized/Circle4splitOffsetSWDot128UpSizedCanvasUpSizedCanvasGlow.png	277862
Assets/TooManyCrosshairs/128pxUpsized/GlowDotUpsized/CircleDotGlowUpSized/Circle4splitOffsetSWNEdot128UpSizedCanvasUpSizedCanvasGlow.png	277862
Assets/TooManyCrosshairs/128pxUpsized/GlowDotUpsized/CircleDotGlowUpSized/Circle4splitOffsetUpDot128UpSizedCanvasUpSizedCanvasGlow.png	277862
Assets/TooManyCrosshairs/128pxUpsized/GlowDotUpsized/CircleDotGlowUpSized/Circle6Split6ChainDot128UpSizedCanvasUpSizedCanvasGlow.png	277862
Assets/TooManyCrosshairs/128pxUpsized/GlowDotUpsized/CircleDotGlowUpSized/Circle6SplitAnd8SplitDot128UpSizedCanvasUpSizedCanvasGlow.png	277862
Assets/TooManyCrosshairs/128pxUpsized/GlowDotUpsized/CircleDotGlowUpSized/Circle6SplitDot128UpSizedCanvasUpSizedCanvasGlow.png	277862
Assets/TooManyCrosshairs/128pxUpsized/GlowDotUpsized/CircleDotGlowUpSized/Circle8Split1dot128UpSizedCanvasUpSizedCanvasGlow.png	277859
Assets/TooManyCrosshairs/128pxUpsized/GlowDotUpsized/CircleDotGlowUpSized/Circle8Split2Dot128UpSizedCanvasUpSizedCanvasGlow.png	277862
Assets/TooManyCrosshairs/128pxUpsized/GlowDotUpsized/CircleDotGlowUpSized/Circle8SplitDot128UpSizedCanvasUpSizedCanvasGlow.png	277862
Assets/TooManyCrosshairs/128pxUpsized/GlowDotUpsized/CircleDotGlowUpSized/Circle8Splitminus2Dot128UpSizedCanvasUpSizedCanvasGlow.png	277862
Assets/TooManyCrosshairs/128pxUpsized/GlowDotUpsized/CircleDotGlowUpSized/Circle8Splitminus3dot128UpSizedCanvasUpSizedCanvasGlow.png	277862
Assets/TooManyCrosshairs/128pxUpsized/GlowDotUpsized/CircleDotGlowUpSized/Circle8Splitminus4Dot128UpSizedCanvasUpSizedCanvasGlow.png	277862
Assets/TooManyCrosshairs/128pxUpsized/GlowDotUpsized/CircleDotGlowUpSized/Circle8Splitminus5Dot128UpSizedCanvasUpSizedCanvasGlow.png	277862
Assets/TooManyCrosshairs/128pxUpsized/GlowDotUpsized/CircleDotGlowUpSized/Circle8Splitminus6Dot128UpSizedCanvasUpSizedCanvasGlow.png	277862
Assets/TooManyCrosshairs/128pxUpsized/GlowDotUpsized/CircleDotGlowUpSized/Circle8Splitminus7dot128UpSizedCanvasUpSizedCanvasGlow.png	277862
Assets/TooManyCrosshairs/128pxUpsized/GlowDotUpsized/CircleDotGlowUpSized/Circle8SplitRing4SplitDot128UpSizedCanvasUpSizedCanvasGlow.png	277862
Assets/TooManyCrosshairs/128pxUpsized/GlowDotUpsized/CircleDotGlowUpSized/CircleCenterInner3px128UpSizedCanvasUpSizedCanvasGlow.png	277862
Assets/TooManyCrosshairs/128pxUpsized/GlowDotUpsized/CircleDotGlowUpSized/CircleDot128UpSizedCanvasUpSizedCanvasGlow.png	277862
Assets/TooManyCrosshairs/128pxUpsized/GlowDotUpsized/CircleDotGlowUpSized/CircleRing4SplitDot128UpSizedCanvasUpSizedCanvasGlow.png	277862
Assets/TooManyCrosshairs/128pxUpsized/GlowDotUpsized/CircleDotGlowUpSized/CircleRingDot128UpSizedCanvasUpSizedCanvasGlow.png	277862
Assets/TooManyCrosshairs/128pxUpsized/GlowDotUpsized/CircleDotGlowUpSized/CircleRingXSplitDot128UpSizedCanvasUpSizedCanvasGlow.png	277862
Assets/TooManyCrosshairs/128pxUpsized/GlowDotUpsized/CircleDotGlowUpSized/CircleXsplitDot128UpSizedCanvasUpSizedCanvasGlow.png	277862
Assets/TooManyCrosshairs/128pxUpsized/GlowDotUpsized/CrossDotGlowUpSized/4ArrowHeadDot128UpSizedCanvasUpSizedCanvasGlow.png	277862
Assets/TooManyCrosshairs/128pxUpsized/GlowDotUpsized/CrossDotGlowUpSized/4ArrowheadInwardsDot128UpSizedCanvasUpSizedCanvasGlow.png	277862
Assets/TooManyCrosshairs/128pxUpsized/GlowDotUpsized/CrossDotGlowUpSized/CrossCircle4SplitDot128UpSizedCanvasUpSizedCanvasGlow.png	277862
Assets/TooManyCrosshairs/128pxUpsized/GlowDotUpsized/CrossDotGlowUpSized/CrossCircle4SplitOffSet_NEdot128UpSizedCanvasUpSizedCanvasGlow.png	277862
Assets/TooManyCrosshairs/128pxUpsized/GlowDotUpsized/CrossDotGlowUpSized/CrossCircle4SplitOffSet_NWdot128UpSizedCanvasUpSizedCanvasGlow.png	277862
Assets/TooManyCrosshairs/128pxUpsized/GlowDotUpsized/CrossDotGlowUpSized/CrossCircle4SplitOffSet_SEdot128UpSizedCanvasUpSizedCanvasGlow.png	277862
Assets/TooManyCrosshairs/128pxUpsized/GlowDotUpsized/CrossDotGlowUpSized/CrossCircle4SplitOffSet_SWdot128UpSizedCanvasUpSizedCanvasGlow.png	277862
Assets/TooManyCrosshairs/128pxUpsized/GlowDotUpsized/CrossDotGlowUpSized/CrossCircle4SplitOffSetDownDot128UpSizedCanvasUpSizedCanvasGlow.png	277862
Assets/TooManyCrosshairs/128pxUpsized/GlowDotUpsized/CrossDotGlowUpSized/CrossCircle4SplitOffSetLeftDot128UpSizedCanvasUpSizedCanvasGlow.png	277862
Assets/TooManyCrosshairs/128pxUpsized/GlowDotUpsized/CrossDotGlowUpSized/CrossCircle4splitOffsetNEDot128UpSizedCanvasUpSizedCanvasGlow.png	277862
Assets/TooManyCrosshairs/128pxUpsized/GlowDotUpsized/CrossDotGlowUpSized/CrossCircle4splitOffsetNESWDot128UpSizedCanvasUpSizedCanvasGlow.png	277862
Assets/TooManyCrosshairs/128pxUpsized/GlowDotUpsized/CrossDotGlowUpSized/CrossCircle4splitOffsetNWDot128UpSizedCanvasUpSizedCanvasGlow.png	277862
Assets/TooManyCrosshairs/128pxUpsized/GlowDotUpsized/CrossDotGlowUpSized/CrossCircle4splitOffsetNWSEDot128UpSizedCanvasUpSizedCanvasGlow.png	277862
Assets/TooManyCrosshairs/128pxUpsized/GlowDotUpsized/CrossDotGlowUpSized/CrossCircle4SplitOffSetRightDot128UpSizedCanvasUpSizedCanvasGlow.png	277862
Assets/TooManyCrosshairs/128pxUpsized/GlowDotUpsized/CrossDotGlowUpSized/CrossCircle4splitOffsetSEDot128UpSizedCanvasUpSizedCanvasGlow.png	277862
Assets/TooManyCrosshairs/128pxUpsized/GlowDotUpsized/CrossDotGlowUpSized/CrossCircle4splitOffsetSWDot128UpSizedCanvasUpSizedCanvasGlow.png	277862
Assets/TooManyCrosshairs/128pxUpsized/GlowDotUpsized/CrossDotGlowUpSized/CrossCircle4SplitOffSetUpDot128UpSizedCanvasUpSizedCanvasGlow.png	277862
Assets/TooManyCrosshairs/128pxUpsized/GlowDotUpsized/CrossDotGlowUpSized/CrossCircle6SplitDot128UpSizedCanvasUpSizedCanvasGlow.png	277862
Assets/TooManyCrosshairs/128pxUpsized/GlowDotUpsized/CrossDotGlowUpSized/CrossCircleDot128UpSizedCanvasUpSizedCanvasGlow.png	277862
Assets/TooManyCrosshairs/128pxUpsized/GlowDotUpsized/CrossDotGlowUpSized/CrossCircleXSplitDot128UpSizedCanvasUpSizedCanvasGlow.png	277862
Assets/TooManyCrosshairs/128pxUpsized/GlowDotUpsized/CrossDotGlowUpSized/CrossDot128UpSizedCanvasUpSizedCanvasGlow.png	277862
Assets/TooManyCrosshairs/128pxUpsized/GlowDotUpsized/CrossDotGlowUpSized/CrossMiniTrianglesSolidInwardsDot128UpSizedCanvasUpSizedCanvasGlow.png	277853
Assets/TooManyCrosshairs/128pxUpsized/GlowDotUpsized/CrossDotGlowUpSized/CrossMiniTrianglesSolidInwardsNotTopDot128UpSizedCanvasUpSizedCanvasGlow.png	277862
Assets/TooManyCrosshairs/128pxUpsized/GlowDotUpsized/CrossDotGlowUpSized/CrossMiniTrianglesSolidOutwardsDotC128UpSizedCanvasUpSizedCanvasGlow.png	277862
Assets/TooManyCrosshairs/128pxUpsized/GlowDotUpsized/CrossDotGlowUpSized/CrossMiniTrianglesSolidOutwardsDotS128UpSizedCanvasUpSizedCanvasGlow.png	277862
Assets/TooManyCrosshairs/128pxUpsized/GlowDotUpsized/CrossDotGlowUpSized/CrossRing4SplitDot128UpSizedCanvasUpSizedCanvasGlow.png	277862
Assets/TooManyCrosshairs/128pxUpsized/GlowDotUpsized/CrossDotGlowUpSized/CrossRingDot128UpSizedCanvasUpSizedCanvasGlow.png	277862
Assets/TooManyCrosshairs/128pxUpsized/GlowDotUpsized/CrossDotGlowUpSized/CrossRingXsplitDot128UpSizedCanvasUpSizedCanvasGlow.png	277862
Assets/TooManyCrosshairs/128pxUpsized/GlowDotUpsized/CrossDotGlowUpSized/CrossSquare2SplitminiSquare128UpSizedCanvasUpSizedCanvasGlow.png	277862
Assets/TooManyCrosshairs/128pxUpsized/GlowDotUpsized/CrossDotGlowUpSized/CrossSquare4SplitminiSquare128UpSizedCanvasUpSizedCanvasGlow.png	277862
Assets/TooManyCrosshairs/128pxUpsized/GlowDotUpsized/CrossDotGlowUpSized/CrossSquareDot128UpSizedCanvasUpSizedCanvasGlow.png	277862
Assets/TooManyCrosshairs/128pxUpsized/GlowDotUpsized/CrossDotGlowUpSized/CrossSquareSquare128UpSizedCanvasUpSizedCanvasGlow.png	277862
Assets/TooManyCrosshairs/128pxUpsized/GlowDotUpsized/CrossDotGlowUpSized/CrossSquarexHairDot128UpSizedCanvasUpSizedCanvasGlow.png	277862
Assets/TooManyCrosshairs/128pxUpsized/GlowDotUpsized/CrossDotGlowUpSized/tCrossDot128UpSizedCanvasUpSizedCanvasGlow.png	277862
Assets/TooManyCrosshairs/128pxUpsized/GlowDotUpsized/DiamondDotGlowUpSized/Diamond4split2dot128UpSizedCanvasUpSizedCanvasGlow.png	277862
Assets/TooManyCrosshairs/128pxUpsized/GlowDotUpsized/DiamondDotGlowUpSized/Diamond4split3dot128UpSizedCanvasUpSizedCanvasGlow.png	277862
Assets/TooManyCrosshairs/128pxUpsized/GlowDotUpsized/DiamondDotGlowUpSized/Diamond4SplitCrossDot128UpSizedCanvasUpSizedCanvasGlow.png	277862
Assets/TooManyCrosshairs/128pxUpsized/GlowDotUpsized/DiamondDotGlowUpSized/Diamond4SplitDot128UpSizedCanvasUpSizedCanvasGlow.png	277862
Assets/TooManyCrosshairs/128pxUpsized/GlowDotUpsized/DiamondDotGlowUpSized/Diamond4SplitSquare4SplitDot128UpSizedCanvasUpSizedCanvasGlow.png	277862
Assets/TooManyCrosshairs/128pxUpsized/GlowDotUpsized/DiamondDotGlowUpSized/DiamondCrossDot128UpSizedCanvasUpSizedCanvasGlow.png	277862
Assets/TooManyCrosshairs/128pxUpsized/GlowDotUpsized/DiamondDotGlowUpSized/DiamondDot128UpSizedCanvasUpSizedCanvasGlow.png	277859
Assets/TooManyCrosshairs/128pxUpsized/GlowDotUpsized/HexDotGlowUpSized/HexDot128UpSizedCanvasUpSizedCanvasGlow.png	277862
Assets/TooManyCrosshairs/128pxUpsized/GlowDotUpsized/HexDotGlowUpSized/HextTurnedDot128UpSizedCanvasUpSizedCanvasGlow.png	277862
Assets/TooManyCrosshairs/128pxUpsized/GlowDotUpsized/HexDotGlowUpSized/HexTurned2HairDot128UpSizedCanvasUpSizedCanvasGlow.png	277862
Assets/TooManyCrosshairs/128pxUpsized/GlowDotUpsized/HexDotGlowUpSized/HexTurned2HairVertDot128UpSizedCanvasUpSizedCanvasGlow.png	277862
Assets/TooManyCrosshairs/128pxUpsized/GlowDotUpsized/HexDotGlowUpSized/HexTurned3HairDot128UpSizedCanvasUpSizedCanvasGlow.png	277862
Assets/TooManyCrosshairs/128pxUpsized/GlowDotUpsized/HexDotGlowUpSized/HexTurned6HairCircle6SplitDot128UpSizedCanvasUpSizedCanvasGlow.png	277862
Assets/TooManyCrosshairs/128pxUpsized/GlowDotUpsized/HexDotGlowUpSized/HexTurned6HairDot128UpSizedCanvasUpSizedCanvasGlow.png	277862
Assets/TooManyCrosshairs/128pxUpsized/GlowDotUpsized/RingDotGlowUpSized/Ring4and8SplitDot128UpSizedCanvasUpSizedCanvasGlow.png	277862
Assets/TooManyCrosshairs/128pxUpsized/GlowDotUpsized/RingDotGlowUpSized/Ring4SplitCircle8SplitDot128UpSizedCanvasUpSizedCanvasGlow.png	277862
Assets/TooManyCrosshairs/128pxUpsized/GlowDotUpsized/RingDotGlowUpSized/Ring4splitDot128UpSizedCanvasUpSizedCanvasGlow.png	277862
Assets/TooManyCrosshairs/128pxUpsized/GlowDotUpsized/RingDotGlowUpSized/Ring8SplitDot128UpSizedCanvasUpSizedCanvasGlow.png	277862
Assets/TooManyCrosshairs/128pxUpsized/GlowDotUpsized/RingDotGlowUpSized/RingXsplitDot128UpSizedCanvasUpSizedCanvasGlow.png	277862
Assets/TooManyCrosshairs/128pxUpsized/GlowDotUpsized/SquareDotGlowUpSized/Square2SplitminiSquare128UpSizedCanvasUpSizedCanvasGlow.png	277862
Assets/TooManyCrosshairs/128pxUpsized/GlowDotUpsized/SquareDotGlowUpSized/Square2SplitxHairminiSquare128UpSizedCanvasUpSizedCanvasGlow.png	277862
Assets/TooManyCrosshairs/128pxUpsized/GlowDotUpsized/SquareDotGlowUpSized/Square4SplitbottomMiniSquare128UpSizedCanvasUpSizedCanvasGlow.png	277862
Assets/TooManyCrosshairs/128pxUpsized/GlowDotUpsized/SquareDotGlowUpSized/Square4SplitDot128UpSizedCanvasUpSizedCanvasGlow.png	277862
Assets/TooManyCrosshairs/128pxUpsized/GlowDotUpsized/SquareDotGlowUpSized/Square4SplitminiSquare128UpSizedCanvasUpSizedCanvasGlow.png	277862
Assets/TooManyCrosshairs/128pxUpsized/GlowDotUpsized/SquareDotGlowUpSized/Square4Splitxhairminisquare128UpSizedCanvasUpSizedCanvasGlow.png	277862
Assets/TooManyCrosshairs/128pxUpsized/GlowDotUpsized/SquareDotGlowUpSized/SquareCirclexSplitDot128UpSizedCanvasUpSizedCanvasGlow.png	277862
Assets/TooManyCrosshairs/128pxUpsized/GlowDotUpsized/SquareDotGlowUpSized/SquareDot128UpSizedCanvasUpSizedCanvasGlow.png	277862
Assets/TooManyCrosshairs/128pxUpsized/GlowDotUpsized/SquareDotGlowUpSized/SquareSquare128UpSizedCanvasUpSizedCanvasGlow.png	277862
Assets/TooManyCrosshairs/128pxUpsized/GlowDotUpsized/SquareDotGlowUpSized/SquarexHairDot128UpSizedCanvasUpSizedCanvasGlow.png	277862
Assets/TooManyCrosshairs/128pxUpsized/GlowDotUpsized/StarDotGlowUpSized/quadStarMiniSquare128UpSizedCanvasUpSizedCanvasGlow.png	277862
Assets/TooManyCrosshairs/128pxUpsized/GlowDotUpsized/StarDotGlowUpSized/StarCarrotSharpDot128UpSizedCanvasUpSizedCanvasGlow.png	277862
Assets/TooManyCrosshairs/128pxUpsized/GlowDotUpsized/StarDotGlowUpSized/StarCircle6SplitDot128UpSizedCanvasUpSizedCanvasGlow.png	277862
Assets/TooManyCrosshairs/128pxUpsized/GlowDotUpsized/StarDotGlowUpSized/StarCircleDot128UpSizedCanvasUpSizedCanvasGlow.png	277862
Assets/TooManyCrosshairs/128pxUpsized/GlowDotUpsized/StarDotGlowUpSized/StarHexDot128UpSizedCanvasUpSizedCanvasGlow.png	277862
Assets/TooManyCrosshairs/128pxUpsized/GlowDotUpsized/TriangleDotGlowUpSized/Triangle3HairsDot128UpSizedCanvasUpSizedCanvasGlow.png	277862
Assets/TooManyCrosshairs/128pxUpsized/GlowDotUpsized/TriangleDotGlowUpSized/Triangle3SplitDot128UpSizedCanvasUpSizedCanvasGlow.png	277862
Assets/TooManyCrosshairs/128pxUpsized/GlowDotUpsized/TriangleDotGlowUpSized/TriangleDot128UpSizedCanvasUpSizedCanvasGlow.png	277862
Assets/TooManyCrosshairs/128pxUpsized/GlowDotUpsized/TriangleDotGlowUpSized/TriangleSharpUpDot128UpSizedCanvasUpSizedCanvasGlow.png	277862
Assets/TooManyCrosshairs/128pxUpsized/GlowDotUpsized/TriangleDotGlowUpSized/triangleupsidedownDot128UpSizedCanvasUpSizedCanvasGlow.png	277862
Assets/TooManyCrosshairs/128pxUpsized/GlowDotUpsized/TriangleDotGlowUpSized/TriangSharpDownDot128UpSizedCanvasUpSizedCanvasGlow.png	277862
Assets/TooManyCrosshairs/128pxUpsized/GlowDotUpsized/TriHexDotGlowUpSized/TriHex3Hairs6hairsDot128UpSizedCanvasUpSizedCanvasGlow.png	277862
Assets/TooManyCrosshairs/128pxUpsized/GlowDotUpsized/TriHexDotGlowUpSized/TriHex3HairsDot128UpSizedCanvasUpSizedCanvasGlow.png	277862
Assets/TooManyCrosshairs/128pxUpsized/GlowDotUpsized/TriHexDotGlowUpSized/TriHexCircle3SplitDot128UpSizedCanvasUpSizedCanvasGlow.png	277862
Assets/TooManyCrosshairs/128pxUpsized/GlowDotUpsized/TriHexDotGlowUpSized/TriHexDot128UpSizedCanvasUpSizedCanvasGlow.png	277862
Assets/TooManyCrosshairs/128pxUpsized/GlowDotUpsized/TriHexDotGlowUpSized/TriHexHairsGripDot128UpSizedCanvasUpSizedCanvasGlow.png	277862
Assets/TooManyCrosshairs/128pxUpsized/GlowDotUpsized/xhairDotGlowUpSized/xArrowHeadDot128UpSizedCanvasUpSizedCanvasGlow.png	277862
Assets/TooManyCrosshairs/128pxUpsized/GlowDotUpsized/xhairDotGlowUpSized/xArrowheadInwardsDot128UpSizedCanvasUpSizedCanvasGlow.png	277862
Assets/TooManyCrosshairs/128pxUpsized/GlowDotUpsized/xhairDotGlowUpSized/xHair30degCircle6SplitDot128UpSizedCanvasUpSizedCanvasGlow.png	277862
Assets/TooManyCrosshairs/128pxUpsized/GlowDotUpsized/xhairDotGlowUpSized/xHairCircle3splitDot128UpSizedCanvasUpSizedCanvasGlow.png	277862
Assets/TooManyCrosshairs/128pxUpsized/GlowDotUpsized/xhairDotGlowUpSized/xHairCircle4SplitDot128UpSizedCanvasUpSizedCanvasGlow.png	277862
Assets/TooManyCrosshairs/128pxUpsized/GlowDotUpsized/xhairDotGlowUpSized/xHairCircle6SplitDot128UpSizedCanvasUpSizedCanvasGlow.png	277862
Assets/TooManyCrosshairs/128pxUpsized/GlowDotUpsized/xhairDotGlowUpSized/xHairCircleDot128UpSizedCanvasUpSizedCanvasGlow.png	277862
Assets/TooManyCrosshairs/128pxUpsized/GlowDotUpsized/xhairDotGlowUpSized/xHairCircleXSplitDot128UpSizedCanvasUpSizedCanvasGlow.png	277862
Assets/TooManyCrosshairs/128pxUpsized/GlowDotUpsized/xhairDotGlowUpSized/xHairDiamond4SplitDot128UpSizedCanvasUpSizedCanvasGlow.png	277862
Assets/TooManyCrosshairs/128pxUpsized/GlowDotUpsized/xhairDotGlowUpSized/xHairDiamondDot128UpSizedCanvasUpSizedCanvasGlow.png	277862
Assets/TooManyCrosshairs/128pxUpsized/GlowDotUpsized/xhairDotGlowUpSized/xHairDot128UpSizedCanvasUpSizedCanvasGlow.png	277862
Assets/TooManyCrosshairs/128pxUpsized/GlowDotUpsized/xhairDotGlowUpSized/xHairHexDot128UpSizedCanvasUpSizedCanvasGlow.png	277862
Assets/TooManyCrosshairs/128pxUpsized/GlowDotUpsized/xhairDotGlowUpSized/xHairRing4splitDot128UpSizedCanvasUpSizedCanvasGlow.png	277862
Assets/TooManyCrosshairs/128pxUpsized/GlowDotUpsized/xhairDotGlowUpSized/xHairRingDot128UpSizedCanvasUpSizedCanvasGlow.png	277862
Assets/TooManyCrosshairs/128pxUpsized/GlowDotUpsized/xhairDotGlowUpSized/xHairRingXsplitDot128UpSizedCanvasUpSizedCanvasGlow.png	277862
Assets/TooManyCrosshairs/128pxUpsized/GlowDotUpsized/xhairDotGlowUpSized/xTrianglesSolidInwardsDot128UpSizedCanvasUpSizedCanvasGlow.png	277862
Assets/TooManyCrosshairs/128pxUpsized/GlowDotUpsized/xhairDotGlowUpSized/xTrianglesSolidOutwardsDot128UpSizedCanvasUpSizedCanvasGlow.png	277862
Assets/TooManyCrosshairs/128pxUpsized/GlowUpsized/12Hair/12Hair128UpSizedCanvasUpSizedCanvasGlow.png	277862
Assets/TooManyCrosshairs/128pxUpsized/GlowUpsized/12Hair/12HairCircle128UpSizedCanvasUpSizedCanvasGlow.png	277862
Assets/TooManyCrosshairs/128pxUpsized/GlowUpsized/12Hair/12HairCircle4Split128UpSizedCanvasUpSizedCanvasGlow.png	277862
Assets/TooManyCrosshairs/128pxUpsized/GlowUpsized/12Hair/12HairRing128UpSizedCanvasUpSizedCanvasGlow.png	277862
Assets/TooManyCrosshairs/128pxUpsized/GlowUpsized/12Hair/12HairRing4Split128UpSizedCanvasUpSizedCanvasGlow.png	277862
Assets/TooManyCrosshairs/128pxUpsized/GlowUpsized/2Hair/2HairDiagleft128UpSizedCanvasUpSizedCanvasGlow.png	277862
Assets/TooManyCrosshairs/128pxUpsized/GlowUpsized/2Hair/2HairDiagRight128UpSizedCanvasUpSizedCanvasGlow.png	277862
Assets/TooManyCrosshairs/128pxUpsized/GlowUpsized/2Hair/2HairHoriz128UpSizedCanvasUpSizedCanvasGlow.png	277862
Assets/TooManyCrosshairs/128pxUpsized/GlowUpsized/2Hair/2HairSquare2Split128UpSizedCanvasUpSizedCanvasGlow.png	277862
Assets/TooManyCrosshairs/128pxUpsized/GlowUpsized/2Hair/2HairTriHex2UpSizedCanvasUpSizedCanvasGlow.png	277862
Assets/TooManyCrosshairs/128pxUpsized/GlowUpsized/2Hair/2HairVert128UpSizedCanvasUpSizedCanvasGlow.png	277862
Assets/TooManyCrosshairs/128pxUpsized/GlowUpsized/2Hair/2MiniTrianglesSolidInwards128UpSizedCanvasUpSizedCanvasGlow.png	277862
Assets/TooManyCrosshairs/128pxUpsized/GlowUpsized/2Hair/2MiniTrianglesSolidOutwards128UpSizedCanvasUpSizedCanvasGlow.png	277862
Assets/TooManyCrosshairs/128pxUpsized/GlowUpsized/3Hair/3ArrowheadOutwards128UpSizedCanvasUpSizedCanvasGlow.png	277862
Assets/TooManyCrosshairs/128pxUpsized/GlowUpsized/3Hair/3HairAltTriHex128UpSizedCanvasUpSizedCanvasGlow.png	277862
Assets/TooManyCrosshairs/128pxUpsized/GlowUpsized/3Hair/3HairDown128UpSizedCanvasUpSizedCanvasGlow.png	277862
Assets/TooManyCrosshairs/128pxUpsized/GlowUpsized/3Hair/3HairDownCircle3Split128UpSizedCanvasUpSizedCanvasGlow.png	277862
Assets/TooManyCrosshairs/128pxUpsized/GlowUpsized/3Hair/3HairDownCircle3SplitDown128UpSizedCanvasUpSizedCanvasGlow.png	277862
Assets/TooManyCrosshairs/128pxUpsized/GlowUpsized/3Hair/3HairDownCircle3SplitDownTopRingSplit128UpSizedCanvasUpSizedCanvasGlow.png	277859
Assets/TooManyCrosshairs/128pxUpsized/GlowUpsized/3Hair/3HairDownCircle3SplitUp128UpSizedCanvasUpSizedCanvasGlow.png	277862
Assets/TooManyCrosshairs/128pxUpsized/GlowUpsized/3Hair/3HairDownCircle3SplitUpRing2d128UpSizedCanvasUpSizedCanvasGlow.png	277862
Assets/TooManyCrosshairs/128pxUpsized/GlowUpsized/3Hair/3HairDownCircle3SplitUpRing2s128UpSizedCanvasUpSizedCanvasGlow.png	277862
Assets/TooManyCrosshairs/128pxUpsized/GlowUpsized/3Hair/3HairDownCircle3SplitUpRing4128UpSizedCanvasUpSizedCanvasGlow.png	277862
Assets/TooManyCrosshairs/128pxUpsized/GlowUpsized/3Hair/3HairDownMissingBottomCircle3Split128UpSizedCanvasUpSizedCanvasGlow.png	277862
Assets/TooManyCrosshairs/128pxUpsized/GlowUpsized/3Hair/3HairDownMissingTopCircle3Split128UpSizedCanvasUpSizedCanvasGlow.png	277862
Assets/TooManyCrosshairs/128pxUpsized/GlowUpsized/3Hair/3HairHex128UpSizedCanvasUpSizedCanvasGlow.png	277862
Assets/TooManyCrosshairs/128pxUpsized/GlowUpsized/3Hair/3HairHexAlt128UpSizedCanvasUpSizedCanvasGlow.png	277862
Assets/TooManyCrosshairs/128pxUpsized/GlowUpsized/3Hair/3HairTriangle128UpSizedCanvasUpSizedCanvasGlow.png	277862
Assets/TooManyCrosshairs/128pxUpsized/GlowUpsized/3Hair/3HairTriHex128UpSizedCanvasUpSizedCanvasGlow.png	277862
Assets/TooManyCrosshairs/128pxUpsized/GlowUpsized/3Hair/3HairUpCircle3Split128UpSizedCanvasUpSizedCanvasGlow.png	277862
Assets/TooManyCrosshairs/128pxUpsized/GlowUpsized/3Hair/3HairUpCircleDownHole128UpSizedCanvasUpSizedCanvasGlow.png	277862
Assets/TooManyCrosshairs/128pxUpsized/GlowUpsized/3Hair/3TriangleSolidInwards128UpSizedCanvasUpSizedCanvasGlow.png	277862
Assets/TooManyCrosshairs/128pxUpsized/GlowUpsized/3Hair/3TriangleSolidOutwards128UpSizedCanvasUpSizedCanvasGlow.png	277862
Assets/TooManyCrosshairs/128pxUpsized/GlowUpsized/6Hair/6Hair128UpSizedCanvasUpSizedCanvasGlow.png	277862
Assets/TooManyCrosshairs/128pxUpsized/GlowUpsized/6Hair/6HairCircle128UpSizedCanvasUpSizedCanvasGlow.png	277862
Assets/TooManyCrosshairs/128pxUpsized/GlowUpsized/6Hair/6HairCircle6Split128UpSizedCanvasUpSizedCanvasGlow.png	277862
Assets/TooManyCrosshairs/128pxUpsized/GlowUpsized/6Hair/6HairHex128UpSizedCanvasUpSizedCanvasGlow.png	277862
Assets/TooManyCrosshairs/128pxUpsized/GlowUpsized/8Hair/8Hair128UpSizedCanvasUpSizedCanvasGlow.png	277862
Assets/TooManyCrosshairs/128pxUpsized/GlowUpsized/8Hair/8Hair30deg128UpSizedCanvasUpSizedCanvasGlow.png	277862
Assets/TooManyCrosshairs/128pxUpsized/GlowUpsized/8Hair/8HairCircle4Split128UpSizedCanvasUpSizedCanvasGlow.png	277862
Assets/TooManyCrosshairs/128pxUpsized/GlowUpsized/8Hair/8HairCirle128UpSizedCanvasUpSizedCanvasGlow.png	277862
Assets/TooManyCrosshairs/128pxUpsized/GlowUpsized/8Hair/8HairRing128UpSizedCanvasUpSizedCanvasGlow.png	277862
Assets/TooManyCrosshairs/128pxUpsized/GlowUpsized/8Hair/8HairRing4Split128UpSizedCanvasUpSizedCanvasGlow.png	277862
Assets/TooManyCrosshairs/128pxUpsized/GlowUpsized/8Hair/8HairTriangleSolidIntwards128UpSizedCanvasUpSizedCanvasGlow.png	277862
Assets/TooManyCrosshairs/128pxUpsized/GlowUpsized/8Hair/8HairTriangleSolidOutwardsUpSizedCanvasUpSizedCanvasGlow.png	277862
Assets/TooManyCrosshairs/128pxUpsized/GlowUpsized/Carrot/biCarrotTall128UpSizedCanvasUpSizedCanvasGlow.png	277862
Assets/TooManyCrosshairs/128pxUpsized/GlowUpsized/Carrot/biCarrotTallminiSquare128UpSizedCanvasUpSizedCanvasGlow.png	277862
Assets/TooManyCrosshairs/128pxUpsized/GlowUpsized/Carrot/CarrotDown128UpSizedCanvasUpSizedCanvasGlow.png	277862
Assets/TooManyCrosshairs/128pxUpsized/GlowUpsized/Carrot/CarrotDownCentered128UpSizedCanvasUpSizedCanvasGlow.png	277862
Assets/TooManyCrosshairs/128pxUpsized/GlowUpsized/Carrot/CarrotDownSolidCentered128UpSizedCanvasUpSizedCanvasGlow.png	277862
Assets/TooManyCrosshairs/128pxUpsized/GlowUpsized/Carrot/CarrotDownSolidTrueCenter128UpSizedCanvasUpSizedCanvasGlow.png	277862
Assets/TooManyCrosshairs/128pxUpsized/GlowUpsized/Carrot/CarrotSharpCentered128UpSizedCanvasUpSizedCanvasGlow.png	277862
Assets/TooManyCrosshairs/128pxUpsized/GlowUpsized/Carrot/CarrotSharpCross128UpSizedCanvasUpSizedCanvasGlow.png	277862
Assets/TooManyCrosshairs/128pxUpsized/GlowUpsized/Carrot/CarrotSharpDownCentered128UpSizedCanvasUpSizedCanvasGlow.png	277862
Assets/TooManyCrosshairs/128pxUpsized/GlowUpsized/Carrot/CarrotSharpUp128UpSizedCanvasUpSizedCanvasGlow.png	277862
Assets/TooManyCrosshairs/128pxUpsized/GlowUpsized/Carrot/CarrotSharpX128UpSizedCanvasUpSizedCanvasGlow.png	277862
Assets/TooManyCrosshairs/128pxUpsized/GlowUpsized/Carrot/CarrotUp128UpSizedCanvasUpSizedCanvasGlow.png	277862
Assets/TooManyCrosshairs/128pxUpsized/GlowUpsized/Carrot/CarrotUpCentered128UpSizedCanvasUpSizedCanvasGlow.png	277862
Assets/TooManyCrosshairs/128pxUpsized/GlowUpsized/Carrot/CarrotUpSolidCentered128UpSizedCanvasUpSizedCanvasGlow.png	277862
Assets/TooManyCrosshairs/128pxUpsized/GlowUpsized/Carrot/CarrotUpSolidTrueCenter128UpSizedCanvasUpSizedCanvasGlow.png	277862
Assets/TooManyCrosshairs/128pxUpsized/GlowUpsized/Circle/Circle128UpSizedCanvasUpSizedCanvasGlow.png	277862
Assets/TooManyCrosshairs/128pxUpsized/GlowUpsized/Circle/Circle2Split128UpSizedCanvasUpSizedCanvasGlow.png	277862
Assets/TooManyCrosshairs/128pxUpsized/GlowUpsized/Circle/Circle2SplitRing4Split128UpSizedCanvasUpSizedCanvasGlow.png	277862
Assets/TooManyCrosshairs/128pxUpsized/GlowUpsized/Circle/Circle3px128UpSizedCanvasUpSizedCanvasGlow.png	277862
Assets/TooManyCrosshairs/128pxUpsized/GlowUpsized/Circle/Circle4split128UpSizedCanvasUpSizedCanvasGlow.png	277862
Assets/TooManyCrosshairs/128pxUpsized/GlowUpsized/Circle/Circle4splitOffset_NE128UpSizedCanvasUpSizedCanvasGlow.png	277862
Assets/TooManyCrosshairs/128pxUpsized/GlowUpsized/Circle/Circle4splitOffset_NW128UpSizedCanvasUpSizedCanvasGlow.png	277862
Assets/TooManyCrosshairs/128pxUpsized/GlowUpsized/Circle/Circle4splitOffset_SE128UpSizedCanvasUpSizedCanvasGlow.png	277862
Assets/TooManyCrosshairs/128pxUpsized/GlowUpsized/Circle/Circle4splitOffset_SW128UpSizedCanvasUpSizedCanvasGlow.png	277862
Assets/TooManyCrosshairs/128pxUpsized/GlowUpsized/Circle/Circle4splitOffsetDown128UpSizedCanvasUpSizedCanvasGlow.png	277862
Assets/TooManyCrosshairs/128pxUpsized/GlowUpsized/Circle/Circle4splitOffsetLeft128UpSizedCanvasUpSizedCanvasGlow.png	277862
Assets/TooManyCrosshairs/128pxUpsized/GlowUpsized/Circle/Circle4splitOffsetNE128UpSizedCanvasUpSizedCanvasGlow.png	277853
Assets/TooManyCrosshairs/128pxUpsized/GlowUpsized/Circle/Circle4splitOffsetNW128UpSizedCanvasUpSizedCanvasGlow.png	277862
Assets/TooManyCrosshairs/128pxUpsized/GlowUpsized/Circle/Circle4splitOffsetRight128UpSizedCanvasUpSizedCanvasGlow.png	277862
Assets/TooManyCrosshairs/128pxUpsized/GlowUpsized/Circle/Circle4splitOffsetSE128UpSizedCanvasUpSizedCanvasGlow.png	277862
Assets/TooManyCrosshairs/128pxUpsized/GlowUpsized/Circle/Circle4splitOffsetSENW128UpSizedCanvasUpSizedCanvasGlow.png	277862
Assets/TooManyCrosshairs/128pxUpsized/GlowUpsized/Circle/Circle4splitOffsetSW128UpSizedCanvasUpSizedCanvasGlow.png	277862
Assets/TooManyCrosshairs/128pxUpsized/GlowUpsized/Circle/Circle4splitOffsetSWNE128UpSizedCanvasUpSizedCanvasGlow.png	277862
Assets/TooManyCrosshairs/128pxUpsized/GlowUpsized/Circle/Circle4splitOffsetUp128UpSizedCanvasUpSizedCanvasGlow.png	277862
Assets/TooManyCrosshairs/128pxUpsized/GlowUpsized/Circle/Circle6Split128UpSizedCanvasUpSizedCanvasGlow.png	277862
Assets/TooManyCrosshairs/128pxUpsized/GlowUpsized/Circle/Circle6Split6Chain128UpSizedCanvasUpSizedCanvasGlow.png	277862
Assets/TooManyCrosshairs/128pxUpsized/GlowUpsized/Circle/Circle6SplitAnd8Split128UpSizedCanvasUpSizedCanvasGlow.png	277862
Assets/TooManyCrosshairs/128pxUpsized/GlowUpsized/Circle/Circle8Split1128UpSizedCanvasUpSizedCanvasGlow.png	277862
Assets/TooManyCrosshairs/128pxUpsized/GlowUpsized/Circle/Circle8Split128UpSizedCanvasUpSizedCanvasGlow.png	277859
Assets/TooManyCrosshairs/128pxUpsized/GlowUpsized/Circle/Circle8Split2128UpSizedCanvasUpSizedCanvasGlow.png	277862
Assets/TooManyCrosshairs/128pxUpsized/GlowUpsized/Circle/Circle8Splitminus2128UpSizedCanvasUpSizedCanvasGlow.png	277862
Assets/TooManyCrosshairs/128pxUpsized/GlowUpsized/Circle/Circle8Splitminus3128UpSizedCanvasUpSizedCanvasGlow.png	277862
Assets/TooManyCrosshairs/128pxUpsized/GlowUpsized/Circle/Circle8Splitminus4128UpSizedCanvasUpSizedCanvasGlow.png	277862
Assets/TooManyCrosshairs/128pxUpsized/GlowUpsized/Circle/Circle8Splitminus5128UpSizedCanvasUpSizedCanvasGlow.png	277862
Assets/TooManyCrosshairs/128pxUpsized/GlowUpsized/Circle/Circle8Splitminus6128UpSizedCanvasUpSizedCanvasGlow.png	277862
Assets/TooManyCrosshairs/128pxUpsized/GlowUpsized/Circle/Circle8Splitminus7128UpSizedCanvasUpSizedCanvasGlow.png	277862
Assets/TooManyCrosshairs/128pxUpsized/GlowUpsized/Circle/Circle8SplitRing4Split128UpSizedCanvasUpSizedCanvasGlow.png	277862
Assets/TooManyCrosshairs/128pxUpsized/GlowUpsized/Circle/CircleCenter3px128UpSizedCanvasUpSizedCanvasGlow.png	277862
Assets/TooManyCrosshairs/128pxUpsized/GlowUpsized/Circle/CircleInner3px128UpSizedCanvasUpSizedCanvasGlow.png	277862
Assets/TooManyCrosshairs/128pxUpsized/GlowUpsized/Circle/CircleRing128UpSizedCanvasUpSizedCanvasGlow.png	277862
Assets/TooManyCrosshairs/128pxUpsized/GlowUpsized/Circle/CircleRing4Split128UpSizedCanvasUpSizedCanvasGlow.png	277862
Assets/TooManyCrosshairs/128pxUpsized/GlowUpsized/Circle/CircleRingXSplit128UpSizedCanvasUpSizedCanvasGlow.png	277862
Assets/TooManyCrosshairs/128pxUpsized/GlowUpsized/Circle/CircleXsplit128UpSizedCanvasUpSizedCanvasGlow.png	277862
Assets/TooManyCrosshairs/128pxUpsized/GlowUpsized/Cross/4ArrowHead128UpSizedCanvasUpSizedCanvasGlow.png	277862
Assets/TooManyCrosshairs/128pxUpsized/GlowUpsized/Cross/4ArrowheadInwards128UpSizedCanvasUpSizedCanvasGlow.png	277862
Assets/TooManyCrosshairs/128pxUpsized/GlowUpsized/Cross/Cross128UpSizedCanvasUpSizedCanvasGlow.png	277862
Assets/TooManyCrosshairs/128pxUpsized/GlowUpsized/Cross/CrossBottomHairCentered128UpSizedCanvasUpSizedCanvasGlow.png	277862
Assets/TooManyCrosshairs/128pxUpsized/GlowUpsized/Cross/CrossCircle128UpSizedCanvasUpSizedCanvasGlow.png	277862
Assets/TooManyCrosshairs/128pxUpsized/GlowUpsized/Cross/CrossCircle4Split128UpSizedCanvasUpSizedCanvasGlow.png	277862
Assets/TooManyCrosshairs/128pxUpsized/GlowUpsized/Cross/CrossCircle4SplitOffSet_NE128UpSizedCanvasUpSizedCanvasGlow.png	277862
Assets/TooManyCrosshairs/128pxUpsized/GlowUpsized/Cross/CrossCircle4SplitOffSet_NW128UpSizedCanvasUpSizedCanvasGlow.png	277862
Assets/TooManyCrosshairs/128pxUpsized/GlowUpsized/Cross/CrossCircle4SplitOffSet_SE128UpSizedCanvasUpSizedCanvasGlow.png	277862
Assets/TooManyCrosshairs/128pxUpsized/GlowUpsized/Cross/CrossCircle4SplitOffSet_SW128UpSizedCanvasUpSizedCanvasGlow.png	277862
Assets/TooManyCrosshairs/128pxUpsized/GlowUpsized/Cross/CrossCircle4SplitOffSetDown128UpSizedCanvasUpSizedCanvasGlow.png	277862
Assets/TooManyCrosshairs/128pxUpsized/GlowUpsized/Cross/CrossCircle4SplitOffSetLeft128UpSizedCanvasUpSizedCanvasGlow.png	277862
Assets/TooManyCrosshairs/128pxUpsized/GlowUpsized/Cross/CrossCircle4splitOffsetNE128UpSizedCanvasUpSizedCanvasGlow.png	277862
Assets/TooManyCrosshairs/128pxUpsized/GlowUpsized/Cross/CrossCircle4splitOffsetNESW128UpSizedCanvasUpSizedCanvasGlow.png	277862
Assets/TooManyCrosshairs/128pxUpsized/GlowUpsized/Cross/CrossCircle4splitOffsetNW128UpSizedCanvasUpSizedCanvasGlow.png	277862
Assets/TooManyCrosshairs/128pxUpsized/GlowUpsized/Cross/CrossCircle4splitOffsetNWSED128UpSizedCanvasUpSizedCanvasGlow.png	277862
Assets/TooManyCrosshairs/128pxUpsized/GlowUpsized/Cross/CrossCircle4SplitOffSetRight128UpSizedCanvasUpSizedCanvasGlow.png	277862
Assets/TooManyCrosshairs/128pxUpsized/GlowUpsized/Cross/CrossCircle4splitOffsetSE128UpSizedCanvasUpSizedCanvasGlow.png	277862
Assets/TooManyCrosshairs/128pxUpsized/GlowUpsized/Cross/CrossCircle4splitOffsetSW128UpSizedCanvasUpSizedCanvasGlow.png	277862
Assets/TooManyCrosshairs/128pxUpsized/GlowUpsized/Cross/CrossCircle4SplitOffSetUp128UpSizedCanvasUpSizedCanvasGlow.png	277862
Assets/TooManyCrosshairs/128pxUpsized/GlowUpsized/Cross/CrossCircle6Split128UpSizedCanvasUpSizedCanvasGlow.png	277862
Assets/TooManyCrosshairs/128pxUpsized/GlowUpsized/Cross/CrossCircleXSplit128UpSizedCanvasUpSizedCanvasGlow.png	277862
Assets/TooManyCrosshairs/128pxUpsized/GlowUpsized/Cross/CrossLeftHairCentered128UpSizedCanvasUpSizedCanvasGlow.png	277862
Assets/TooManyCrosshairs/128pxUpsized/GlowUpsized/Cross/CrossminiSquare128UpSizedCanvasUpSizedCanvasGlow.png	277862
Assets/TooManyCrosshairs/128pxUpsized/GlowUpsized/Cross/CrossMiniTrianglesSolidInwards128UpSizedCanvasUpSizedCanvasGlow.png	277862
Assets/TooManyCrosshairs/128pxUpsized/GlowUpsized/Cross/CrossMiniTrianglesSolidInwardsNotTop128UpSizedCanvasUpSizedCanvasGlow.png	277862
Assets/TooManyCrosshairs/128pxUpsized/GlowUpsized/Cross/CrossMiniTrianglesSolidOutwards128UpSizedCanvasUpSizedCanvasGlow.png	277862
Assets/TooManyCrosshairs/128pxUpsized/GlowUpsized/Cross/CrossRightHairCentered128UpSizedCanvasUpSizedCanvasGlow.png	277862
Assets/TooManyCrosshairs/128pxUpsized/GlowUpsized/Cross/CrossRing128UpSizedCanvasUpSizedCanvasGlow.png	277862
Assets/TooManyCrosshairs/128pxUpsized/GlowUpsized/Cross/CrossRing4Split128UpSizedCanvasUpSizedCanvasGlow.png	277862
Assets/TooManyCrosshairs/128pxUpsized/GlowUpsized/Cross/CrossRingXSplit128UpSizedCanvasUpSizedCanvasGlow.png	277862
Assets/TooManyCrosshairs/128pxUpsized/GlowUpsized/Cross/CrossSquare128UpSizedCanvasUpSizedCanvasGlow.png	277862
Assets/TooManyCrosshairs/128pxUpsized/GlowUpsized/Cross/CrossSquare2Split128UpSizedCanvasUpSizedCanvasGlow.png	277862
Assets/TooManyCrosshairs/128pxUpsized/GlowUpsized/Cross/CrossSquare4Split128UpSizedCanvasUpSizedCanvasGlow.png	277862
Assets/TooManyCrosshairs/128pxUpsized/GlowUpsized/Cross/CrossSquarexHair128UpSizedCanvasUpSizedCanvasGlow.png	277862
Assets/TooManyCrosshairs/128pxUpsized/GlowUpsized/Cross/CrossStriped128UpSizedCanvasUpSizedCanvasGlow.png	277862
Assets/TooManyCrosshairs/128pxUpsized/GlowUpsized/Cross/CrossStripedInner128UpSizedCanvasUpSizedCanvasGlow.png	277862
Assets/TooManyCrosshairs/128pxUpsized/GlowUpsized/Cross/CrossStripedOuter128UpSizedCanvasUpSizedCanvasGlow.png	277862
Assets/TooManyCrosshairs/128pxUpsized/GlowUpsized/Cross/CrossStripedThick128UpSizedCanvasUpSizedCanvasGlow.png	277862
Assets/TooManyCrosshairs/128pxUpsized/GlowUpsized/Cross/CrossTopHairCentered128UpSizedCanvasUpSizedCanvasGlow.png	277862
Assets/TooManyCrosshairs/128pxUpsized/GlowUpsized/Cross/tCross128UpSizedCanvasUpSizedCanvasGlow.png	277862
Assets/TooManyCrosshairs/128pxUpsized/GlowUpsized/Diamond/Diamond4split2128UpSizedCanvasUpSizedCanvasGlow.png	277862
Assets/TooManyCrosshairs/128pxUpsized/GlowUpsized/Diamond/Diamond4split3128UpSizedCanvasUpSizedCanvasGlow.png	277862
Assets/TooManyCrosshairs/128pxUpsized/GlowUpsized/Diamond/Diamond4SplitCross128UpSizedCanvasUpSizedCanvasGlow.png	277862
Assets/TooManyCrosshairs/128pxUpsized/GlowUpsized/Diamond/Diamond4SplitSquare4Split128UpSizedCanvasUpSizedCanvasGlow.png	277862
Assets/TooManyCrosshairs/128pxUpsized/GlowUpsized/Diamond/Diamond4SplitUpSizedCanvasUpSizedCanvasGlow.png	277862
Assets/TooManyCrosshairs/128pxUpsized/GlowUpsized/Diamond/DiamondCross128UpSizedCanvasUpSizedCanvasGlow.png	277862
Assets/TooManyCrosshairs/128pxUpsized/GlowUpsized/Diamond/DiamondMiniSquare128UpSizedCanvasUpSizedCanvasGlow.png	277859
Assets/TooManyCrosshairs/128pxUpsized/GlowUpsized/Diamond/DiamondUpSizedCanvasUpSizedCanvasGlow.png	277862
Assets/TooManyCrosshairs/128pxUpsized/GlowUpsized/Dots/Dot128UpSizedCanvasUpSizedCanvasGlow.png	277862
Assets/TooManyCrosshairs/128pxUpsized/GlowUpsized/Dots/DotRect128UpSizedCanvasUpSizedCanvasGlow.png	277862
Assets/TooManyCrosshairs/128pxUpsized/GlowUpsized/Hex/Hex128UpSizedCanvasUpSizedCanvasGlow.png	277862
Assets/TooManyCrosshairs/128pxUpsized/GlowUpsized/Hex/HexTurned128UpSizedCanvasUpSizedCanvasGlow.png	277862
Assets/TooManyCrosshairs/128pxUpsized/GlowUpsized/Hex/HexTurned2Hair128UpSizedCanvasUpSizedCanvasGlow.png	277862
Assets/TooManyCrosshairs/128pxUpsized/GlowUpsized/Hex/HexTurned2HairVert128UpSizedCanvasUpSizedCanvasGlow.png	277862
Assets/TooManyCrosshairs/128pxUpsized/GlowUpsized/Hex/HexTurned3Hair128UpSizedCanvasUpSizedCanvasGlow.png	277862
Assets/TooManyCrosshairs/128pxUpsized/GlowUpsized/Hex/HexTurned6Hair128UpSizedCanvasUpSizedCanvasGlow.png	277862
Assets/TooManyCrosshairs/128pxUpsized/GlowUpsized/Hex/HexTurned6HairCircle6Split128UpSizedCanvasUpSizedCanvasGlow.png	277862
Assets/TooManyCrosshairs/128pxUpsized/GlowUpsized/Hex/HexTurnedRingXsplit128UpSizedCanvasUpSizedCanvasGlow.png	277862
Assets/TooManyCrosshairs/128pxUpsized/GlowUpsized/Ring/Ring128UpSizedCanvasUpSizedCanvasGlow.png	277862
Assets/TooManyCrosshairs/128pxUpsized/GlowUpsized/Ring/Ring4and8Split128UpSizedCanvasUpSizedCanvasGlow.png	277862
Assets/TooManyCrosshairs/128pxUpsized/GlowUpsized/Ring/Ring4split128UpSizedCanvasUpSizedCanvasGlow.png	277862
Assets/TooManyCrosshairs/128pxUpsized/GlowUpsized/Ring/Ring4SplitCircle4Split128UpSizedCanvasUpSizedCanvasGlow.png	277862
Assets/TooManyCrosshairs/128pxUpsized/GlowUpsized/Ring/Ring8Split128UpSizedCanvasUpSizedCanvasGlow.png	277862
Assets/TooManyCrosshairs/128pxUpsized/GlowUpsized/Ring/RingXsplit128UpSizedCanvasUpSizedCanvasGlow.png	277862
Assets/TooManyCrosshairs/128pxUpsized/GlowUpsized/Square/Square128UpSizedCanvasUpSizedCanvasGlow.png	277862
Assets/TooManyCrosshairs/128pxUpsized/GlowUpsized/Square/Square2SplitUpSizedCanvasUpSizedCanvasGlow.png	277862
Assets/TooManyCrosshairs/128pxUpsized/GlowUpsized/Square/Square2SplitxHair128UpSizedCanvasUpSizedCanvasGlow.png	277862
Assets/TooManyCrosshairs/128pxUpsized/GlowUpsized/Square/Square4Split128UpSizedCanvasUpSizedCanvasGlow.png	277862
Assets/TooManyCrosshairs/128pxUpsized/GlowUpsized/Square/Square4Splitbottom128UpSizedCanvasUpSizedCanvasGlow.png	277862
Assets/TooManyCrosshairs/128pxUpsized/GlowUpsized/Square/Square4Splitxhair128UpSizedCanvasUpSizedCanvasGlow.png	277862
Assets/TooManyCrosshairs/128pxUpsized/GlowUpsized/Square/SquareCirclexSplit128UpSizedCanvasUpSizedCanvasGlow.png	277862
Assets/TooManyCrosshairs/128pxUpsized/GlowUpsized/Square/SquarexHair128UpSizedCanvasUpSizedCanvasGlow.png	277862
Assets/TooManyCrosshairs/128pxUpsized/GlowUpsized/Star/quadStar128UpSizedCanvasUpSizedCanvasGlow.png	277862
Assets/TooManyCrosshairs/128pxUpsized/GlowUpsized/Star/StarCarrotSharp128UpSizedCanvasUpSizedCanvasGlow.png	277862
Assets/TooManyCrosshairs/128pxUpsized/GlowUpsized/Star/StarCircle128UpSizedCanvasUpSizedCanvasGlow.png	277862
Assets/TooManyCrosshairs/128pxUpsized/GlowUpsized/Star/StarCircle6Split128UpSizedCanvasUpSizedCanvasGlow.png	277862
Assets/TooManyCrosshairs/128pxUpsized/GlowUpsized/Star/StarHex128UpSizedCanvasUpSizedCanvasGlow.png	277853
Assets/TooManyCrosshairs/128pxUpsized/GlowUpsized/Triangle/Triangle128UpSizedCanvasUpSizedCanvasGlow.png	277862
Assets/TooManyCrosshairs/128pxUpsized/GlowUpsized/Triangle/Triangle3Hairs128UpSizedCanvasUpSizedCanvasGlow.png	277862
Assets/TooManyCrosshairs/128pxUpsized/GlowUpsized/Triangle/Triangle3Split128UpSizedCanvasUpSizedCanvasGlow.png	277862
Assets/TooManyCrosshairs/128pxUpsized/GlowUpsized/Triangle/TriangleSharpUp128UpSizedCanvasUpSizedCanvasGlow.png	277862
Assets/TooManyCrosshairs/128pxUpsized/GlowUpsized/Triangle/triangleupsidedown128UpSizedCanvasUpSizedCanvasGlow.png	277862
Assets/TooManyCrosshairs/128pxUpsized/GlowUpsized/Triangle/TriangSharpDown128UpSizedCanvasUpSizedCanvasGlow.png	277862
Assets/TooManyCrosshairs/128pxUpsized/GlowUpsized/TriHex/TriHex128UpSizedCanvasUpSizedCanvasGlow.png	277862
Assets/TooManyCrosshairs/128pxUpsized/GlowUpsized/TriHex/TriHex3Hairs128UpSizedCanvasUpSizedCanvasGlow.png	277862
Assets/TooManyCrosshairs/128pxUpsized/GlowUpsized/TriHex/TriHex3Hairs6Hairs128UpSizedCanvasUpSizedCanvasGlow.png	277862
Assets/TooManyCrosshairs/128pxUpsized/GlowUpsized/TriHex/TriHexCircle3Split128UpSizedCanvasUpSizedCanvasGlow.png	277862
Assets/TooManyCrosshairs/128pxUpsized/GlowUpsized/TriHex/TriHexHairsGrip128UpSizedCanvasUpSizedCanvasGlow.png	277862
Assets/TooManyCrosshairs/128pxUpsized/GlowUpsized/xhair/xArrowHead128UpSizedCanvasUpSizedCanvasGlow.png	277862
Assets/TooManyCrosshairs/128pxUpsized/GlowUpsized/xhair/xArrowheadInwards128UpSizedCanvasUpSizedCanvasGlow.png	277862
Assets/TooManyCrosshairs/128pxUpsized/GlowUpsized/xhair/xHair128UpSizedCanvasUpSizedCanvasGlow.png	277862
Assets/TooManyCrosshairs/128pxUpsized/GlowUpsized/xhair/xHair30degCircle6Split128UpSizedCanvasUpSizedCanvasGlow.png	277862
Assets/TooManyCrosshairs/128pxUpsized/GlowUpsized/xhair/xHairCircle128UpSizedCanvasUpSizedCanvasGlow.png	277862
Assets/TooManyCrosshairs/128pxUpsized/GlowUpsized/xhair/xHairCircle3split128UpSizedCanvasUpSizedCanvasGlow.png	277862
Assets/TooManyCrosshairs/128pxUpsized/GlowUpsized/xhair/xHairCircle4Split128UpSizedCanvasUpSizedCanvasGlow.png	277862
Assets/TooManyCrosshairs/128pxUpsized/GlowUpsized/xhair/xHairCircle6Split128UpSizedCanvasUpSizedCanvasGlow.png	277862
Assets/TooManyCrosshairs/128pxUpsized/GlowUpsized/xhair/xHairCircleXSplit128UpSizedCanvasUpSizedCanvasGlow.png	277862
Assets/TooManyCrosshairs/128pxUpsized/GlowUpsized/xhair/xHairDiamond128UpSizedCanvasUpSizedCanvasGlow.png	277862
Assets/TooManyCrosshairs/128pxUpsized/GlowUpsized/xhair/xHairDiamond4Split128UpSizedCanvasUpSizedCanvasGlow.png	277862
Assets/TooManyCrosshairs/128pxUpsized/GlowUpsized/xhair/xHairHex128UpSizedCanvasUpSizedCanvasGlow.png	277862
Assets/TooManyCrosshairs/128pxUpsized/GlowUpsized/xhair/xHairRing128UpSizedCanvasUpSizedCanvasGlow.png	277862
Assets/TooManyCrosshairs/128pxUpsized/GlowUpsized/xhair/xHairRing4split128UpSizedCanvasUpSizedCanvasGlow.png	277862
Assets/TooManyCrosshairs/128pxUpsized/GlowUpsized/xhair/xHairRingXsplit128UpSizedCanvasUpSizedCanvasGlow.png	277862
Assets/TooManyCrosshairs/128pxUpsized/GlowUpsized/xhair/xTrianglesSolidInwards128UpSizedCanvasUpSizedCanvasGlow.png	277862
Assets/TooManyCrosshairs/128pxUpsized/GlowUpsized/xhair/xTrianglesSolidOutwards128UpSizedCanvasUpSizedCanvasGlow.png	277862
Assets/TooManyCrosshairs/2048px/Masks/MaskCircleCrisp2048.png	46735
Assets/TooManyCrosshairs/2048px/Masks/MaskCircleSoft2048.png	214953
Assets/TooManyCrosshairs/2048px/Masks/MaskOpenCircle10pxCrisp2048.png	48715
Assets/TooManyCrosshairs/2048px/Masks/MaskOpenCircle128pxSoft2048.png	307581
Assets/TooManyCrosshairs/2048px/Masks/MaskOpenCircle1pxCrisp2048.png	52894
Assets/TooManyCrosshairs/2048px/Masks/MaskOpenCircle30pxCrisp2048.png	62551
Assets/TooManyCrosshairs/2048px/Masks/MaskOpenCircle32pxSoft2048.png	155719
Assets/TooManyCrosshairs/2048px/Masks/MaskOpenCircleSoft2048.png	227517
Assets/TooManyCrosshairs/2048px/Optics/88mmAAgun2048.png	42765
Assets/TooManyCrosshairs/2048px/Optics/ModernIFV2048.png	19159
Assets/TooManyCrosshairs/2048px/Optics/ModernTank2048.png	17752
Assets/TooManyCrosshairs/2048px/Optics/ModernTankGreenGlow2048.png	41619
Assets/TooManyCrosshairs/2048px/Optics/ModernTankWhiteGlow2048.png	41035
Assets/TooManyCrosshairs/2048px/Optics/T722048.png	34241
Assets/TooManyCrosshairs/2048px/Optics/WW2Aircraft2048.png	57905
Assets/TooManyCrosshairs/2048px/Optics/WW2Tank2048.png	26223
Assets/TooManyCrosshairs/2048px/Scopes/BasicCrosshair2048.png	21393
Assets/TooManyCrosshairs/2048px/Scopes/ChevronScopeFull2048.png	21110
Assets/TooManyCrosshairs/2048px/Scopes/ChevronScopeOuter2048.png	19197
Assets/TooManyCrosshairs/2048px/Scopes/CrosshairTaperedFull.png	23069
Assets/TooManyCrosshairs/2048px/Scopes/Duplex2048.png	21481
Assets/TooManyCrosshairs/2048px/Scopes/DuplexIlluminatedFull2048.png	19724
Assets/TooManyCrosshairs/2048px/Scopes/DuplexIlluminatedOuter2048.png	19528
Assets/TooManyCrosshairs/2048px/Scopes/DuplexSport2048.png	24915
Assets/TooManyCrosshairs/2048px/Scopes/German2048.png	19330
Assets/TooManyCrosshairs/2048px/Scopes/GermanAlt2048.png	21463
Assets/TooManyCrosshairs/2048px/Scopes/MarksmanFull2048.png	24278
Assets/TooManyCrosshairs/2048px/Scopes/MarksmanScopeOuter2048.png	17279
Assets/TooManyCrosshairs/2048px/Scopes/MilDot2048.png	23978
Assets/TooManyCrosshairs/2048px/Scopes/MilDotIlluminatedCenter2048.png	21301
Assets/TooManyCrosshairs/2048px/Scopes/MilDotIlluminatedOuter2048.png	21032
Assets/TooManyCrosshairs/2048px/Sights/Chevron2048.png	17559
Assets/TooManyCrosshairs/2048px/Sights/ChevronGlowRed2048.png	33230
Assets/TooManyCrosshairs/2048px/Sights/ChevronGlowWhite2048.png	31387
Assets/TooManyCrosshairs/2048px/Sights/Dot2048.png	22337
Assets/TooManyCrosshairs/2048px/Sights/DotRedGlow2048.png	24475
Assets/TooManyCrosshairs/2048px/Sights/DotWhiteGlow2048.png	24278
Assets/TooManyCrosshairs/2048px/Sights/DuplexInnerIlluminatedInner2048.png	16783
Assets/TooManyCrosshairs/2048px/Sights/DuplexInnerIlluminatedInnerRedGlow2048.png	26265
Assets/TooManyCrosshairs/2048px/Sights/DuplexInnerIlluminatedInnerWhiteGlow2048.png	26232
Assets/TooManyCrosshairs/2048px/Sights/MarksmanDotline2048.png	19006
Assets/TooManyCrosshairs/2048px/Sights/MarksmanDotlineGlowRed2048.png	37520
Assets/TooManyCrosshairs/2048px/Sights/MarksmanDotlineGlowWhite2048.png	35992
Assets/TooManyCrosshairs/2048px/Sights/MarksmanInnerRing2048.png	20843
Assets/TooManyCrosshairs/2048px/Sights/MarksmanInnerRingGlowRed2048.png	52193
Assets/TooManyCrosshairs/2048px/Sights/MarksmanInnerRingGlowWhite2048.png	47853
Assets/TooManyCrosshairs/2048px/Sights/MarksmanInnerRingWDot2048.png	21093
Assets/TooManyCrosshairs/2048px/Sights/MarksmanInnerRingWDotGlowRed2048.png	54921
Assets/TooManyCrosshairs/2048px/Sights/MarksmanInnerRingWDotGlowWhite2048.png	50430
Assets/TooManyCrosshairs/2048px/Sights/MarksmanInnerRingWDotLine2048.png	23460
Assets/TooManyCrosshairs/2048px/Sights/MarksmanInnerRingWDotLineGlowRed2048.png	66745
Assets/TooManyCrosshairs/2048px/Sights/MarksmanInnerRingWDotLineGlowWhite2048.png	61242
Assets/TooManyCrosshairs/2048px/Sights/Reflex2048.png	20829
Assets/TooManyCrosshairs/2048px/Sights/ReflexNoDot2048.png	20721
Assets/TooManyCrosshairs/2048px/Sights/ReflexRedGlow2048.png	54655
Assets/TooManyCrosshairs/2048px/Sights/ReflexWhiteGlow2048.png	49442
Assets/TooManyCrosshairs/2160p/Masks/MaskCircleCrisp3840x2160.png	63073
Assets/TooManyCrosshairs/2160p/Masks/MaskCircleSoft3840x2160.png	244386
Assets/TooManyCrosshairs/256px/Movie/MartianTraitor/MartianTraitorDot256.png	417
Assets/TooManyCrosshairs/256px/Movie/MartianTraitor/MartianTraitorFull256.png	737
Assets/TooManyCrosshairs/256px/Movie/MartianTraitor/MartianTraitorHorizLines256.png	422
Assets/TooManyCrosshairs/256px/Movie/MartianTraitor/MartianTraitorInner256.png	830
Assets/TooManyCrosshairs/256px/Movie/MartianTraitor/MartianTraitorInnerDot256.png	863
Assets/TooManyCrosshairs/256px/Movie/MartianTraitor/MartianTraitorVertLines256.png	502
Assets/TooManyCrosshairs/512px/Movie/MartianTraitor/MartianTraitorDot512.png	1187
Assets/TooManyCrosshairs/512px/Movie/MartianTraitor/MartianTraitorFull512.png	1630
Assets/TooManyCrosshairs/512px/Movie/MartianTraitor/MartianTraitorHorizLines512.png	1196
Assets/TooManyCrosshairs/512px/Movie/MartianTraitor/MartianTraitorInner512.png	1413
Assets/TooManyCrosshairs/512px/Movie/MartianTraitor/MartianTraitorInnerDot512.png	1457
Assets/TooManyCrosshairs/512px/Movie/MartianTraitor/MartianTraitorVertLines512.png	1305
Assets/TooManyCrosshairs/64px/Base/12Hair/12Hair64.png	493
Assets/TooManyCrosshairs/64px/Base/2Hair/2HairHoriz64.png	158
Assets/TooManyCrosshairs/64px/Base/2Hair/2HairVert64.png	175
Assets/TooManyCrosshairs/64px/Base/3Hair/3HairUp64.png	242
Assets/TooManyCrosshairs/64px/Base/6Hair/6Hair64.png	317
Assets/TooManyCrosshairs/64px/Base/8Hair/8Hair64.png	313
Assets/TooManyCrosshairs/64px/Base/Carrot/CarrotDownCentered64.png	274
Assets/TooManyCrosshairs/64px/Base/Carrot/CarrotFilledDownCentered64.png	300
Assets/TooManyCrosshairs/64px/Base/Carrot/CarrotFilledUpCentered64.png	254
Assets/TooManyCrosshairs/64px/Base/Carrot/CarrotSolidDownCentered64.png	315
Assets/TooManyCrosshairs/64px/Base/Carrot/CarrotSolidUpCentered64.png	298
Assets/TooManyCrosshairs/64px/Base/Carrot/CarrotUpCentered64.png	273
Assets/TooManyCrosshairs/64px/Base/Circle/Circle4Split64.png	657
Assets/TooManyCrosshairs/64px/Base/Circle/Circle64.png	753
Assets/TooManyCrosshairs/64px/Base/Circle/Circle6Split64.png	503
Assets/TooManyCrosshairs/64px/Base/Circle/Circle8Split64.png	675
Assets/TooManyCrosshairs/64px/Base/Circle/CircleXsplit64.png	656
Assets/TooManyCrosshairs/64px/Base/Cross/Cross64.png	194
Assets/TooManyCrosshairs/64px/Base/Cross/CrossStriped64.png	310
Assets/TooManyCrosshairs/64px/Base/Cross/CrossStripedInner64.png	251
Assets/TooManyCrosshairs/64px/Base/Cross/CrossStripedOuter64.png	242
Assets/TooManyCrosshairs/64px/Base/Diamond/Diamond4Split64.png	363
Assets/TooManyCrosshairs/64px/Base/Diamond/Diamond64.png	435
Assets/TooManyCrosshairs/64px/Base/Dots/DotRound64.png	229
Assets/TooManyCrosshairs/64px/Base/Dots/DotSquare64.png	185
Assets/TooManyCrosshairs/64px/Base/Hex/Hex64.png	602
Assets/TooManyCrosshairs/64px/Base/Hex/HexTurned64.png	541
Assets/TooManyCrosshairs/64px/Base/Line/LineCenteredUp2px64.png	239
Assets/TooManyCrosshairs/64px/Base/Line/LineCenteredUp64.png	168
Assets/TooManyCrosshairs/64px/Base/Line/LineCenteredUpLong2px64.png	194
Assets/TooManyCrosshairs/64px/Base/Line/LineCenteredUpLong3px64.png	179
Assets/TooManyCrosshairs/64px/Base/Ring/Ring8Split64.png	717
Assets/TooManyCrosshairs/64px/Base/Square/Square2Split64.png	278
Assets/TooManyCrosshairs/64px/Base/Square/Square4Split64.png	290
Assets/TooManyCrosshairs/64px/Base/Square/Square4SplitThick3px64.png	344
Assets/TooManyCrosshairs/64px/Base/Square/Square64.png	260
Assets/TooManyCrosshairs/64px/Base/Square/SquareThick5px64.png	278
Assets/TooManyCrosshairs/64px/Base/Square/SquareXHair3px64.png	596
Assets/TooManyCrosshairs/64px/Base/Square/SquareXHair5px64.png	553
Assets/TooManyCrosshairs/64px/Base/Square/SquareXHair64.png	562
Assets/TooManyCrosshairs/64px/Base/Star/Star64.png	673
Assets/TooManyCrosshairs/64px/Base/Triangle/TriangleDown64.png	544
Assets/TooManyCrosshairs/64px/Base/Triangle/TriangleSplitDown64.png	492
Assets/TooManyCrosshairs/64px/Base/Triangle/TriangleSplitDownFilled64.png	432
Assets/TooManyCrosshairs/64px/Base/Triangle/TriangleSplitDownSolid64.png	509
Assets/TooManyCrosshairs/64px/Base/Triangle/TriangleSplitUp64.png	449
Assets/TooManyCrosshairs/64px/Base/Triangle/TriangleSplitUpFilled64.png	419
Assets/TooManyCrosshairs/64px/Base/Triangle/TriangleSplitUpSolid64.png	505
Assets/TooManyCrosshairs/64px/Base/Triangle/TriangleUp64.png	535
Assets/TooManyCrosshairs/64px/Base/TriHex/TriHex3hairs64.png	550
Assets/TooManyCrosshairs/64px/Base/TriHex/TriHex64.png	436
Assets/TooManyCrosshairs/64px/Base/xhair/xHair64.png	256
Assets/TooManyCrosshairs/64px/BaseDot/3HairDot/3HairUpDot64.png	268
Assets/TooManyCrosshairs/64px/BaseDot/CrossDot/CrossDot64.png	237
Assets/TooManyCrosshairs/64px/BaseDot/DiamondDot/Diamond4SplitDot64.png	390
Assets/TooManyCrosshairs/64px/BaseDot/SquareDot/Square4SplitDot64.png	329
Assets/TooManyCrosshairs/64px/BaseDot/xhairDot/xHairDot64.png	285
Assets/TooManyCrosshairs/Cursors/_Demo/Materials/Cyan.mat	3837
Assets/TooManyCrosshairs/Cursors/_Demo/Materials/Green.mat	3841
Assets/TooManyCrosshairs/Cursors/_Demo/Materials/Orange.mat	3840
Assets/TooManyCrosshairs/Cursors/_Demo/Materials/Pink.mat	3836
Assets/TooManyCrosshairs/Cursors/_Demo/Materials/Purple.mat	3840
Assets/TooManyCrosshairs/Cursors/_Demo/Scenes/CursorDemo.unity	194022
Assets/TooManyCrosshairs/Cursors/_Demo/Scripts/CursorChanger.cs	2330
Assets/TooManyCrosshairs/Cursors/_Demo/Scripts/CursorTrigger.cs	454
Assets/TooManyCrosshairs/Cursors/_Demo/Scripts/HideMouseCursor.cs	203
Assets/TooManyCrosshairs/Cursors/_Demo/Scripts/MoveToMousePosition.cs	229
Assets/TooManyCrosshairs/Cursors/Background.png	1293031
Assets/TooManyCrosshairs/Cursors/Cursors/Attack.png	1686
Assets/TooManyCrosshairs/Cursors/Cursors/Attack/Attack (1).png	402
Assets/TooManyCrosshairs/Cursors/Cursors/Attack/Attack (10).png	410
Assets/TooManyCrosshairs/Cursors/Cursors/Attack/Attack (11).png	414
Assets/TooManyCrosshairs/Cursors/Cursors/Attack/Attack (5).png	426
Assets/TooManyCrosshairs/Cursors/Cursors/Attack/Attack (6).png	465
Assets/TooManyCrosshairs/Cursors/Cursors/Attack/Attack (7).png	431
Assets/TooManyCrosshairs/Cursors/Cursors/Attack/Attack (8).png	413
Assets/TooManyCrosshairs/Cursors/Cursors/Attack/Attack (9).png	459
Assets/TooManyCrosshairs/Cursors/Cursors/Attack/CursorAttack.anim	28672
Assets/TooManyCrosshairs/Cursors/Cursors/Build.png	1776
Assets/TooManyCrosshairs/Cursors/Cursors/Build/Build (1).png	188
Assets/TooManyCrosshairs/Cursors/Cursors/Build/Build (2).png	1057
Assets/TooManyCrosshairs/Cursors/Cursors/Build/Build (3).png	1463
Assets/TooManyCrosshairs/Cursors/Cursors/Build/Build (4).png	758
Assets/TooManyCrosshairs/Cursors/Cursors/Build/Build (5).png	1051
Assets/TooManyCrosshairs/Cursors/Cursors/Build/Build (6).png	593
Assets/TooManyCrosshairs/Cursors/Cursors/Build/Build (7).png	654
Assets/TooManyCrosshairs/Cursors/Cursors/Build/CursorBuild.anim	9787
Assets/TooManyCrosshairs/Cursors/Cursors/Enter.png	875
Assets/TooManyCrosshairs/Cursors/Cursors/Enter/CursorEnter.anim	23437
Assets/TooManyCrosshairs/Cursors/Cursors/Enter/Enter.png	366
Assets/TooManyCrosshairs/Cursors/Cursors/Eraser.png	1511
Assets/TooManyCrosshairs/Cursors/Cursors/Eraser/Eraser (1).png	877
Assets/TooManyCrosshairs/Cursors/Cursors/Eraser/Eraser (2).png	500
Assets/TooManyCrosshairs/Cursors/Cursors/Eraser/Eraser (3).png	444
Assets/TooManyCrosshairs/Cursors/Cursors/Expand.png	1268
Assets/TooManyCrosshairs/Cursors/Cursors/Expand/CursorExpand.anim	22600
Assets/TooManyCrosshairs/Cursors/Cursors/Expand/Expand (1).png	218
Assets/TooManyCrosshairs/Cursors/Cursors/Expand/Expand (2).png	388
Assets/TooManyCrosshairs/Cursors/Cursors/Expand/Expand (3).png	389
Assets/TooManyCrosshairs/Cursors/Cursors/Expand/Expand (4).png	434
Assets/TooManyCrosshairs/Cursors/Cursors/Expand/Expand (5).png	404
Assets/TooManyCrosshairs/Cursors/Cursors/Guard.png	1320
Assets/TooManyCrosshairs/Cursors/Cursors/Guard/CursorGuard.anim	7806
Assets/TooManyCrosshairs/Cursors/Cursors/Move.png	1581
Assets/TooManyCrosshairs/Cursors/Cursors/Move/CursorMove.anim	11292
Assets/TooManyCrosshairs/Cursors/Cursors/Move/Move (1).png	691
Assets/TooManyCrosshairs/Cursors/Cursors/Move/Move (2).png	1087
Assets/TooManyCrosshairs/Cursors/Cursors/NoGo.png	2444
Assets/TooManyCrosshairs/Cursors/Cursors/NoGo/CursorNoGo.anim	88826
Assets/TooManyCrosshairs/Cursors/Cursors/NoGo/NoGo (1).png	709
Assets/TooManyCrosshairs/Cursors/Cursors/NoGo/NoGo (2).png	1369
Assets/TooManyCrosshairs/Cursors/Cursors/NoGo/NoGo (3).png	698
Assets/TooManyCrosshairs/Cursors/Cursors/Patrol.png	1006
Assets/TooManyCrosshairs/Cursors/Cursors/Patrol/Patrol (1).png	656
Assets/TooManyCrosshairs/Cursors/Cursors/Patrol/Patrol (3).png	644
Assets/TooManyCrosshairs/Cursors/Cursors/Pencil.png	1014
Assets/TooManyCrosshairs/Cursors/Cursors/Pencil/Pencil (1).png	380
Assets/TooManyCrosshairs/Cursors/Cursors/Pencil/Pencil (3).png	366
Assets/TooManyCrosshairs/Cursors/Cursors/Pencil/Pencil (4).png	541
Assets/TooManyCrosshairs/Cursors/Cursors/PointerArrow 1.png	1403
Assets/TooManyCrosshairs/Cursors/Cursors/PointerArrow/CursorPointerARrow.anim	2676
Assets/TooManyCrosshairs/Cursors/Cursors/PointerArrow/PointerArrow (1).png	447
Assets/TooManyCrosshairs/Cursors/Cursors/PointerArrow/PointerArrow (2).png	1174
Assets/TooManyCrosshairs/Cursors/Cursors/Repair.png	938
Assets/TooManyCrosshairs/Cursors/Cursors/Repair/Repair (1).png	829
Assets/TooManyCrosshairs/Cursors/Cursors/Repair/Repair (2).png	766
Assets/TooManyCrosshairs/Cursors/Cursors/Selection Box.png	482
Assets/TooManyCrosshairs/Cursors/Cursors/SelectionBox/CursorSelectionBox.anim	22333
Assets/TooManyCrosshairs/Cursors/Cursors/SelectionBox/SelectionBox (1).png	196
Assets/TooManyCrosshairs/Cursors/Cursors/SelectionBox/SelectionBox (2).png	221
Assets/TooManyCrosshairs/Cursors/Cursors/SelectionBox/SelectionBox (3).png	214
Assets/TooManyCrosshairs/Cursors/Cursors/SelectionBox/SelectionBox (4).png	193
Assets/TooManyCrosshairs/Cursors/Cursors/Sell.png	2237
Assets/TooManyCrosshairs/Cursors/Cursors/Sell/CursorSell.anim	87918
Assets/TooManyCrosshairs/Cursors/Cursors/Sell/Sell (1).png	1306
Assets/TooManyCrosshairs/Cursors/Cursors/Sell/Sell (2).png	1014
Assets/TooManyCrosshairs/Cursors/Cursors/Shield.png	1549
Assets/TooManyCrosshairs/Cursors/Cursors/Shield/Sheild (1).png	603
Assets/TooManyCrosshairs/Cursors/Cursors/Shield/Sheild (2).png	1193
Assets/TooManyCrosshairs/Cursors/Cursors/Sword.png	963
Assets/TooManyCrosshairs/Cursors/Cursors/Sword/Sword (1).png	286
Assets/TooManyCrosshairs/Cursors/Cursors/Sword/Sword (2).png	728
Assets/TooManyCrosshairs/Cursors/Cursors/Sword/Sword (3).png	291
Assets/TooManyCrosshairs/HELLSLAYER Crosshairs/_Demo/Materials/Additive.mat	2862
Assets/TooManyCrosshairs/HELLSLAYER Crosshairs/_Demo/Prefabs/Crosshair.prefab	13956
Assets/TooManyCrosshairs/HELLSLAYER Crosshairs/_Demo/Prefabs/Gun.prefab	1742
Assets/TooManyCrosshairs/HELLSLAYER Crosshairs/_Demo/Scenes/Demo.unity	22786
Assets/TooManyCrosshairs/HELLSLAYER Crosshairs/_Demo/Scripts/Crosshair.cs	2895
Assets/TooManyCrosshairs/HELLSLAYER Crosshairs/_Demo/Scripts/Gun.cs	1261
Assets/TooManyCrosshairs/HELLSLAYER Crosshairs/_Demo/Textures/bg.png	1592231
Assets/TooManyCrosshairs/HELLSLAYER Crosshairs/Crosshairs/HellSlayerBFG2048.png	29063
Assets/TooManyCrosshairs/HELLSLAYER Crosshairs/Crosshairs/HellSlayerChainGun2048.png	40883
Assets/TooManyCrosshairs/HELLSLAYER Crosshairs/Crosshairs/HellSlayerChaingunExternalRing2048.png	46541
Assets/TooManyCrosshairs/HELLSLAYER Crosshairs/Crosshairs/HellSlayerClawGrapple2048.png	32866
Assets/TooManyCrosshairs/HELLSLAYER Crosshairs/Crosshairs/HellSlayerDot2048.png	23842
Assets/TooManyCrosshairs/HELLSLAYER Crosshairs/Crosshairs/HellSlayerEtrAssaultCross2048.png	20708
Assets/TooManyCrosshairs/HELLSLAYER Crosshairs/Crosshairs/HellSlayerEtrAssaultFull2048.png	48634
Assets/TooManyCrosshairs/HELLSLAYER Crosshairs/Crosshairs/HellSlayerEtrAssaultRing2048.png	45828
Assets/TooManyCrosshairs/HELLSLAYER Crosshairs/Crosshairs/HellSlayerEtrAssaultZoomed2048.png	25201
Assets/TooManyCrosshairs/HELLSLAYER Crosshairs/Crosshairs/HellSlayerEtrBalista2048.png	37904
Assets/TooManyCrosshairs/HELLSLAYER Crosshairs/Crosshairs/HellSlayerEtrBalistaAlt2048.png	20716
Assets/TooManyCrosshairs/HELLSLAYER Crosshairs/Crosshairs/HellSlayerEtrBalistaLeftCentered2048.png	29128
Assets/TooManyCrosshairs/HELLSLAYER Crosshairs/Crosshairs/HellSlayerEtrBalistaRightCentered2048.png	29158
Assets/TooManyCrosshairs/HELLSLAYER Crosshairs/Crosshairs/HellSlayerEtrRocketLauncher2048.png	25297
Assets/TooManyCrosshairs/HELLSLAYER Crosshairs/Crosshairs/HellSlayerGaussGun.png	32457
Assets/TooManyCrosshairs/HELLSLAYER Crosshairs/Crosshairs/HellSlayerGaussGunAlt2048.png	29235
Assets/TooManyCrosshairs/HELLSLAYER Crosshairs/Crosshairs/HellSlayerHitIndicator.png	21503
Assets/TooManyCrosshairs/HELLSLAYER Crosshairs/Crosshairs/HellSlayerPistol2048.png	40062
Assets/TooManyCrosshairs/HELLSLAYER Crosshairs/Crosshairs/HellSlayerPistolAlt.png	23011
Assets/TooManyCrosshairs/HELLSLAYER Crosshairs/Crosshairs/HellSlayerPlasma2048.png	41142
Assets/TooManyCrosshairs/HELLSLAYER Crosshairs/Crosshairs/HellSlayerPlasmaEtr2048.png	23937
Assets/TooManyCrosshairs/HELLSLAYER Crosshairs/Crosshairs/HellSlayerPlasmaInner2048.png	19156
Assets/TooManyCrosshairs/HELLSLAYER Crosshairs/Crosshairs/HellSlayerPlasmaOuter2048.png	37957
Assets/TooManyCrosshairs/HELLSLAYER Crosshairs/Crosshairs/HellSlayerRocketLauncherDashed2048.png	24174
Assets/TooManyCrosshairs/HELLSLAYER Crosshairs/Crosshairs/HellSlayerRocketLauncherExternal2048.png	37057
Assets/TooManyCrosshairs/HELLSLAYER Crosshairs/Crosshairs/HellSlayerRocketLauncherFull2048.png	42338
Assets/TooManyCrosshairs/HELLSLAYER Crosshairs/Crosshairs/HellSlayerRocketLauncherInternal.png	22105
Assets/TooManyCrosshairs/HELLSLAYER Crosshairs/Crosshairs/HellSlayerShotgunAltFull2048.png	33009
Assets/TooManyCrosshairs/HELLSLAYER Crosshairs/Crosshairs/HellSlayerShotgunAltInner2048.png	17071
Assets/TooManyCrosshairs/HELLSLAYER Crosshairs/Crosshairs/HellSlayerShotgunChevrons.png	22082
Assets/TooManyCrosshairs/HELLSLAYER Crosshairs/Crosshairs/HellSlayerShotgunDown2048.png	24374
Assets/TooManyCrosshairs/HELLSLAYER Crosshairs/Crosshairs/HellSlayerShotgunFull2048.png	37953
Assets/TooManyCrosshairs/HELLSLAYER Crosshairs/Crosshairs/HellSlayerShotgunLeft2048.png	19744
Assets/TooManyCrosshairs/HELLSLAYER Crosshairs/Crosshairs/HellSlayerShotgunRight2048.png	19785
Assets/TooManyCrosshairs/HELLSLAYER Crosshairs/Crosshairs/HellSlayerShotgunRing2048.png	32336
Assets/TooManyCrosshairs/HELLSLAYER Crosshairs/Crosshairs/HellSlayerShotgunUp.png	24397
Assets/TooManyCrosshairs/HELLSLAYER Crosshairs/Glowing/HellSlayerBFG2048Glow.png	16796806
Assets/TooManyCrosshairs/HELLSLAYER Crosshairs/Glowing/HellSlayerChainGun2048Glow.png	16796806
Assets/TooManyCrosshairs/HELLSLAYER Crosshairs/Glowing/HellSlayerChaingunExternalRing2048Glow.png	16796806
Assets/TooManyCrosshairs/HELLSLAYER Crosshairs/Glowing/HellSlayerClawGrapple2048Glow.png	16796806
Assets/TooManyCrosshairs/HELLSLAYER Crosshairs/Glowing/HellSlayerDot2048Glow.png	16796806
Assets/TooManyCrosshairs/HELLSLAYER Crosshairs/Glowing/HellSlayerEtrAssaultCross2048Glow.png	16796806
Assets/TooManyCrosshairs/HELLSLAYER Crosshairs/Glowing/HellSlayerEtrAssaultFull2048Glow.png	16796806
Assets/TooManyCrosshairs/HELLSLAYER Crosshairs/Glowing/HellSlayerEtrAssaultRing2048Glow.png	16796806
Assets/TooManyCrosshairs/HELLSLAYER Crosshairs/Glowing/HellSlayerEtrAssaultZoomed2048Glow.png	16796806
Assets/TooManyCrosshairs/HELLSLAYER Crosshairs/Glowing/HellSlayerEtrBalista2048Glow.png	16796806
Assets/TooManyCrosshairs/HELLSLAYER Crosshairs/Glowing/HellSlayerEtrBalistaAlt2048Glow.png	45949
Assets/TooManyCrosshairs/HELLSLAYER Crosshairs/Glowing/HellSlayerEtrBalistaLeftCentered2048Glow.png	16796806
Assets/TooManyCrosshairs/HELLSLAYER Crosshairs/Glowing/HellSlayerEtrBalistaRightCentered2048Glow.png	16796806
Assets/TooManyCrosshairs/HELLSLAYER Crosshairs/Glowing/HellSlayerEtrRocketLauncher2048Glow.png	16796806
Assets/TooManyCrosshairs/HELLSLAYER Crosshairs/Glowing/HellSlayerGaussGunAlt2048Glow.png	16796806
Assets/TooManyCrosshairs/HELLSLAYER Crosshairs/Glowing/HellSlayerGaussGunGlow.png	16796806
Assets/TooManyCrosshairs/HELLSLAYER Crosshairs/Glowing/HellSlayerHitIndicatorGlow.png	16796806
Assets/TooManyCrosshairs/HELLSLAYER Crosshairs/Glowing/HellSlayerPistol2048Glow.png	16796806
Assets/TooManyCrosshairs/HELLSLAYER Crosshairs/Glowing/HellSlayerPistolAltGlow.png	16796806
Assets/TooManyCrosshairs/HELLSLAYER Crosshairs/Glowing/HellSlayerPlasma2048Glow.png	16796806
Assets/TooManyCrosshairs/HELLSLAYER Crosshairs/Glowing/HellSlayerPlasmaEtr2048Glow.png	16796806
Assets/TooManyCrosshairs/HELLSLAYER Crosshairs/Glowing/HellSlayerPlasmaInner2048Glow.png	16796806
Assets/TooManyCrosshairs/HELLSLAYER Crosshairs/Glowing/HellSlayerPlasmaOuter2048Glow.png	16796806
Assets/TooManyCrosshairs/HELLSLAYER Crosshairs/Glowing/HellSlayerRocketLauncherDashed2048Glow.png	16796806
Assets/TooManyCrosshairs/HELLSLAYER Crosshairs/Glowing/HellSlayerRocketLauncherExternal2048Glow.png	81149
Assets/TooManyCrosshairs/HELLSLAYER Crosshairs/Glowing/HellSlayerRocketLauncherFull2048Glow.png	102859
Assets/TooManyCrosshairs/HELLSLAYER Crosshairs/Glowing/HellSlayerRocketLauncherInternalGlow.png	16796806
Assets/TooManyCrosshairs/HELLSLAYER Crosshairs/Glowing/HellSlayerShotgunAltFull2048Glow.png	16796806
Assets/TooManyCrosshairs/HELLSLAYER Crosshairs/Glowing/HellSlayerShotgunAltInner2048Glow.png	16796806
Assets/TooManyCrosshairs/HELLSLAYER Crosshairs/Glowing/HellSlayerShotgunChevronsGlow.png	16796806
Assets/TooManyCrosshairs/HELLSLAYER Crosshairs/Glowing/HellSlayerShotgunDown2048Glow.png	16796806
Assets/TooManyCrosshairs/HELLSLAYER Crosshairs/Glowing/HellSlayerShotgunFull2048Glow.png	16796806
Assets/TooManyCrosshairs/HELLSLAYER Crosshairs/Glowing/HellSlayerShotgunLeft2048Glow.png	16796806
Assets/TooManyCrosshairs/HELLSLAYER Crosshairs/Glowing/HellSlayerShotgunRight2048Glow.png	16796800
Assets/TooManyCrosshairs/HELLSLAYER Crosshairs/Glowing/HellSlayerShotgunRing2048Glow.png	16796806
Assets/TooManyCrosshairs/HELLSLAYER Crosshairs/Glowing/HellSlayerShotgunUpGlow.png	16796806
Assets/TooManyCrosshairs/HorizonCrosshairs/Crosshairs/Assault5Cross2048.png	18087
Assets/TooManyCrosshairs/HorizonCrosshairs/Crosshairs/Assault5CrossDown2048.png	17205
Assets/TooManyCrosshairs/HorizonCrosshairs/Crosshairs/Assault5CrossLeft2048.png	16536
Assets/TooManyCrosshairs/HorizonCrosshairs/Crosshairs/Assault5CrossRight2048.png	16536
Assets/TooManyCrosshairs/HorizonCrosshairs/Crosshairs/Assault5CrossUp2048.png	17205
Assets/TooManyCrosshairs/HorizonCrosshairs/Crosshairs/Assault5Dot2048.png	16848
Assets/TooManyCrosshairs/HorizonCrosshairs/Crosshairs/Assault5Full2048.png	57681
Assets/TooManyCrosshairs/HorizonCrosshairs/Crosshairs/Assault5FullNoDot2048.png	57280
Assets/TooManyCrosshairs/HorizonCrosshairs/Crosshairs/Assault5Ring2048.png	55717
Assets/TooManyCrosshairs/HorizonCrosshairs/Crosshairs/AssaultRifleCross2048.png	17368
Assets/TooManyCrosshairs/HorizonCrosshairs/Crosshairs/AssaultRifleDown2048.png	20661
Assets/TooManyCrosshairs/HorizonCrosshairs/Crosshairs/AssaultRifleFull2048.png	37299
Assets/TooManyCrosshairs/HorizonCrosshairs/Crosshairs/AssaultRifleLeft2048.png	24475
Assets/TooManyCrosshairs/HorizonCrosshairs/Crosshairs/AssaultRifleRight2048.png	24333
Assets/TooManyCrosshairs/HorizonCrosshairs/Crosshairs/AssaultRifleRing2048.png	36381
Assets/TooManyCrosshairs/HorizonCrosshairs/Crosshairs/AssaultRifleUp2048.png	20672
Assets/TooManyCrosshairs/HorizonCrosshairs/Crosshairs/BattleRifleFull2048.png	73016
Assets/TooManyCrosshairs/HorizonCrosshairs/Crosshairs/BattleRifleInner2048.png	31333
Assets/TooManyCrosshairs/HorizonCrosshairs/Crosshairs/BattleRifleOuter2048.png	59495
Assets/TooManyCrosshairs/HorizonCrosshairs/Crosshairs/BinaryRifleFull2048.png	34729
Assets/TooManyCrosshairs/HorizonCrosshairs/Crosshairs/BoltShotFull2048.png	28864
Assets/TooManyCrosshairs/HorizonCrosshairs/Crosshairs/BoltShotInner2048.png	20033
Assets/TooManyCrosshairs/HorizonCrosshairs/Crosshairs/BoltShotOuter2048.png	26266
Assets/TooManyCrosshairs/HorizonCrosshairs/Crosshairs/CarbineRifle2048.png	39999
Assets/TooManyCrosshairs/HorizonCrosshairs/Crosshairs/DMRfull2048.png	79361
Assets/TooManyCrosshairs/HorizonCrosshairs/Crosshairs/DMRinner2048.png	35159
Assets/TooManyCrosshairs/HorizonCrosshairs/Crosshairs/DMRouter2048.png	62579
Assets/TooManyCrosshairs/HorizonCrosshairs/Crosshairs/FuelRod2048.png	46757
Assets/TooManyCrosshairs/HorizonCrosshairs/Crosshairs/FuelRod5Full2048.png	91052
Assets/TooManyCrosshairs/HorizonCrosshairs/Crosshairs/FuelRod5Inner2048.png	20304
Assets/TooManyCrosshairs/HorizonCrosshairs/Crosshairs/FuelRod5outer2048.png	87169
Assets/TooManyCrosshairs/HorizonCrosshairs/Crosshairs/HydraAltCross2048.png	18044
Assets/TooManyCrosshairs/HorizonCrosshairs/Crosshairs/HydraAltFull2048.png	18708
Assets/TooManyCrosshairs/HorizonCrosshairs/Crosshairs/HydraFull2048.png	57029
Assets/TooManyCrosshairs/HorizonCrosshairs/Crosshairs/HydraInner2048.png	17161
Assets/TooManyCrosshairs/HorizonCrosshairs/Crosshairs/HydraOuter2048.png	56925
Assets/TooManyCrosshairs/HorizonCrosshairs/Crosshairs/IncineratorFull2048.png	26887
Assets/TooManyCrosshairs/HorizonCrosshairs/Crosshairs/IncineratorInner2048.png	19752
Assets/TooManyCrosshairs/HorizonCrosshairs/Crosshairs/IncineratorOuter2048.png	22740
Assets/TooManyCrosshairs/HorizonCrosshairs/Crosshairs/LaserChargerBar2048.png	44293
Assets/TooManyCrosshairs/HorizonCrosshairs/Crosshairs/LaserFull2048.png	101132
Assets/TooManyCrosshairs/HorizonCrosshairs/Crosshairs/LaserInner2048.png	25660
Assets/TooManyCrosshairs/HorizonCrosshairs/Crosshairs/LaserOuter2048.png	71358
Assets/TooManyCrosshairs/HorizonCrosshairs/Crosshairs/Needler2048.png	36651
Assets/TooManyCrosshairs/HorizonCrosshairs/Crosshairs/Needler5full2048.png	40508
Assets/TooManyCrosshairs/HorizonCrosshairs/Crosshairs/Pistol5Expander2048.png	42517
Assets/TooManyCrosshairs/HorizonCrosshairs/Crosshairs/Pistol5OuterRing2048.png	63421
Assets/TooManyCrosshairs/HorizonCrosshairs/Crosshairs/PistolCross2048.png	18028
Assets/TooManyCrosshairs/HorizonCrosshairs/Crosshairs/PistolFull2048.png	65578
Assets/TooManyCrosshairs/HorizonCrosshairs/Crosshairs/PistolRing2048.png	63421
Assets/TooManyCrosshairs/HorizonCrosshairs/Crosshairs/PlasmaPistol2048.png	33644
Assets/TooManyCrosshairs/HorizonCrosshairs/Crosshairs/PlasmaPistolLeft2048.png	22683
Assets/TooManyCrosshairs/HorizonCrosshairs/Crosshairs/PlasmaPistolRight2048.png	23156
Assets/TooManyCrosshairs/HorizonCrosshairs/Crosshairs/PlasmaPistolSoftRing2048.png	255347
Assets/TooManyCrosshairs/HorizonCrosshairs/Crosshairs/PlasmaPistolUp2048.png	21842
Assets/TooManyCrosshairs/HorizonCrosshairs/Crosshairs/PlasmaRifle2048.png	39099
Assets/TooManyCrosshairs/HorizonCrosshairs/Crosshairs/RailgunChargeUpRing2048.png	34366
Assets/TooManyCrosshairs/HorizonCrosshairs/Crosshairs/RailgunFadedRings2048.png	46250
Assets/TooManyCrosshairs/HorizonCrosshairs/Crosshairs/RailgunFull2048.png	46940
Assets/TooManyCrosshairs/HorizonCrosshairs/Crosshairs/RailgunSolidLines2048.png	17209
Assets/TooManyCrosshairs/HorizonCrosshairs/Crosshairs/RocketLauncher2048.png	61275
Assets/TooManyCrosshairs/HorizonCrosshairs/Crosshairs/RocketLauncherInner2048.png	16960
Assets/TooManyCrosshairs/HorizonCrosshairs/Crosshairs/RocketLauncherOuter2048.png	58724
Assets/TooManyCrosshairs/HorizonCrosshairs/Crosshairs/SAWassault5cross2048.png	27754
Assets/TooManyCrosshairs/HorizonCrosshairs/Crosshairs/SAWouter2048.png	26261
Assets/TooManyCrosshairs/HorizonCrosshairs/Crosshairs/ScatterShotFull2048.png	31160
Assets/TooManyCrosshairs/HorizonCrosshairs/Crosshairs/Shotgun2048.png	62579
Assets/TooManyCrosshairs/HorizonCrosshairs/Crosshairs/SMGdymanicDown2048.png	18468
Assets/TooManyCrosshairs/HorizonCrosshairs/Crosshairs/SMGdynamic2048.png	27815
Assets/TooManyCrosshairs/HorizonCrosshairs/Crosshairs/SMGdynamicLeft2048.png	21248
Assets/TooManyCrosshairs/HorizonCrosshairs/Crosshairs/SMGdynamicRight2048.png	21087
Assets/TooManyCrosshairs/HorizonCrosshairs/Crosshairs/SMGdynamicUp2048.png	18484
Assets/TooManyCrosshairs/HorizonCrosshairs/Crosshairs/SMGstatic2048.png	62696
Assets/TooManyCrosshairs/HorizonCrosshairs/Crosshairs/SniperRifle2048.png	65172
Assets/TooManyCrosshairs/HorizonCrosshairs/Crosshairs/StormRifleNE2048.png	21798
Assets/TooManyCrosshairs/HorizonCrosshairs/Crosshairs/StormRifleNW2048.png	22942
Assets/TooManyCrosshairs/HorizonCrosshairs/Crosshairs/StormRifleSE2048.png	22905
Assets/TooManyCrosshairs/HorizonCrosshairs/Crosshairs/StormRifleSoftOuter2048.png	188564
Assets/TooManyCrosshairs/HorizonCrosshairs/Crosshairs/StormRIfleSW2048.png	21916
Assets/TooManyCrosshairs/HorizonCrosshairs/Masks/PistolZoomMask2160p.png	47788
Assets/TooManyCrosshairs/HorizonCrosshairs/Masks/PistolZoomMaskInlay2160p.png	53101
Assets/TooManyCrosshairs/HorizonCrosshairs/Masks/RifleZOomMask2160p.png	43593
Assets/TooManyCrosshairs/HorizonCrosshairs/Masks/RifleZoomMaskInlay2160p.png	36780
Assets/TooManyCrosshairs/HorizonCrosshairs/Masks/RifleZoomScopeInlay2160p.png	36518
Assets/TooManyCrosshairs/HorizonCrosshairs/UI/Blip.png	1422150
Assets/TooManyCrosshairs/HorizonCrosshairs/UI/RadarBase2048.png	63901
Assets/TooManyCrosshairs/HorizonCrosshairs/UI/RadarPing2048.png	354489
Assets/TooManyCrosshairs/Too Many Crosshairs v1.3.pdf	639658
Assets/TooManyCrosshairs/Unknown's Crosshairs/_Demo/Materials/Additive.mat	2073
Assets/TooManyCrosshairs/Unknown's Crosshairs/_Demo/Prefabs/Crosshairs.prefab	14510
Assets/TooManyCrosshairs/Unknown's Crosshairs/_Demo/Prefabs/Gun.prefab	1562
Assets/TooManyCrosshairs/Unknown's Crosshairs/_Demo/Prefabs/Scopes.prefab	11537
Assets/TooManyCrosshairs/Unknown's Crosshairs/_Demo/Prefabs/Sights.prefab	9464
Assets/TooManyCrosshairs/Unknown's Crosshairs/_Demo/Scenes/Crosshairs.unity	18758
Assets/TooManyCrosshairs/Unknown's Crosshairs/_Demo/Scenes/Scopes.unity	16587
Assets/TooManyCrosshairs/Unknown's Crosshairs/_Demo/Scenes/Sights.unity	16588
Assets/TooManyCrosshairs/Unknown's Crosshairs/_Demo/Scripts/Crosshair.cs	3121
Assets/TooManyCrosshairs/Unknown's Crosshairs/_Demo/Scripts/Gun.cs	1259
Assets/TooManyCrosshairs/Unknown's Crosshairs/_Demo/Textures/BackgroundScope.png	1420443
Assets/TooManyCrosshairs/Unknown's Crosshairs/_Demo/Textures/BackgroundScopes.png	1463488
Assets/TooManyCrosshairs/Unknown's Crosshairs/Crosshairs/UnknownsCircleCenter2048.png	20407
Assets/TooManyCrosshairs/Unknown's Crosshairs/Crosshairs/UnknownsCircleDown2048.png	22432
Assets/TooManyCrosshairs/Unknown's Crosshairs/Crosshairs/UnknownsCircleFull2048.png	51358
Assets/TooManyCrosshairs/Unknown's Crosshairs/Crosshairs/UnknownsCircleLeft2048.png	27938
Assets/TooManyCrosshairs/Unknown's Crosshairs/Crosshairs/UnknownsCircleRight2048.png	28026
Assets/TooManyCrosshairs/Unknown's Crosshairs/Crosshairs/UnknownsCircleUp2048.png	22360
Assets/TooManyCrosshairs/Unknown's Crosshairs/Crosshairs/UnknownsCrossCenter2048.png	20407
Assets/TooManyCrosshairs/Unknown's Crosshairs/Crosshairs/UnknownsCrossDown2048.png	17859
Assets/TooManyCrosshairs/Unknown's Crosshairs/Crosshairs/UnknownsCrossFull2048.png	23117
Assets/TooManyCrosshairs/Unknown's Crosshairs/Crosshairs/UnknownsCrossLeft2048.png	16830
Assets/TooManyCrosshairs/Unknown's Crosshairs/Crosshairs/UnknownsCrossRight2048.png	16820
Assets/TooManyCrosshairs/Unknown's Crosshairs/Crosshairs/UnknownsCrossUp2048.png	17927
Assets/TooManyCrosshairs/Unknown's Crosshairs/Crosshairs/UnknownsIronCenter2048.png	17700
Assets/TooManyCrosshairs/Unknown's Crosshairs/Crosshairs/UnknownsIronFull2048.png	18346
Assets/TooManyCrosshairs/Unknown's Crosshairs/Crosshairs/UnknownsIronLeft2048.png	17688
Assets/TooManyCrosshairs/Unknown's Crosshairs/Crosshairs/UnknownsIronRight2048.png	17684
Assets/TooManyCrosshairs/Unknown's Crosshairs/Masks/MaskCircleSoft3840x2160.png	244386
Assets/TooManyCrosshairs/Unknown's Crosshairs/Masks/MaskHolographic.png	31662
Assets/TooManyCrosshairs/Unknown's Crosshairs/Masks/MaskHolographicSoft.png	76169
Assets/TooManyCrosshairs/Unknown's Crosshairs/Masks/MaskOpenCircle128pxSoft2048.png	307581
Assets/TooManyCrosshairs/Unknown's Crosshairs/Scopes/Unknowns15xFull2048.png	24882
Assets/TooManyCrosshairs/Unknown's Crosshairs/Scopes/Unknowns4xFull2048.png	17856
Assets/TooManyCrosshairs/Unknown's Crosshairs/Scopes/Unknowns4xInner2048.png	17213
Assets/TooManyCrosshairs/Unknown's Crosshairs/Scopes/Unknowns4xInnerGlow2048.png	31161
Assets/TooManyCrosshairs/Unknown's Crosshairs/Scopes/Unknowns4xOuter2048.png	16933
Assets/TooManyCrosshairs/Unknown's Crosshairs/Scopes/Unknowns6xFull2048.png	23941
Assets/TooManyCrosshairs/Unknown's Crosshairs/Scopes/Unknowns6xInner2048.png	16604
Assets/TooManyCrosshairs/Unknown's Crosshairs/Scopes/Unknowns6xInnerGlow2048.png	23826
Assets/TooManyCrosshairs/Unknown's Crosshairs/Scopes/Unknowns6xOuter2048.png	23787
Assets/TooManyCrosshairs/Unknown's Crosshairs/Scopes/Unknowns8xFull2048.png	23915
Assets/TooManyCrosshairs/Unknown's Crosshairs/Scopes/Unknowns8xInner2048.png	16521
Assets/TooManyCrosshairs/Unknown's Crosshairs/Scopes/Unknowns8xInnerGlow2048.png	23234
Assets/TooManyCrosshairs/Unknown's Crosshairs/Scopes/Unknowns8xOuter2048.png	23951
Assets/TooManyCrosshairs/Unknown's Crosshairs/Scopes/UnknownsMarksmanFull2048.png	21458
Assets/TooManyCrosshairs/Unknown's Crosshairs/Scopes/UnknownsMarksmanInner2048.png	16628
Assets/TooManyCrosshairs/Unknown's Crosshairs/Scopes/UnknownsMarksmanInnerGlow2048.png	25663
Assets/TooManyCrosshairs/Unknown's Crosshairs/Scopes/UnknownsMarksmanOuter2048.png	21218
Assets/TooManyCrosshairs/Unknown's Crosshairs/Sights/Unknowns2x2048.png	41350
Assets/TooManyCrosshairs/Unknown's Crosshairs/Sights/Unknowns2xGlow2048.png	110970
Assets/TooManyCrosshairs/Unknown's Crosshairs/Sights/Unknowns3x2048.png	24175
Assets/TooManyCrosshairs/Unknown's Crosshairs/Sights/Unknowns3xGlow2048.png	47800
Assets/TooManyCrosshairs/Unknown's Crosshairs/Sights/UnknownsChevron2048.png	19576
Assets/TooManyCrosshairs/Unknown's Crosshairs/Sights/UnknownsChevronGlow2048.png	33673
Assets/TooManyCrosshairs/Unknown's Crosshairs/Sights/UnknownsDot2048.png	17290
Assets/TooManyCrosshairs/Unknown's Crosshairs/Sights/UnknownsDotGlow2048.png	25821
Assets/TooManyCrosshairs/Unknown's Crosshairs/Sights/UnknownsHolographic2048.png	36666
Assets/TooManyCrosshairs/Unknown's Crosshairs/Sights/UnknownsHolographicGlow2048.png	109853
Assets/URPDefaultResources/Default_Forward_Renderer.asset	2027
Assets/URPDefaultResources/High.asset	4732
Assets/URPDefaultResources/Low.asset	4731
Assets/URPDefaultResources/Medium.asset	4734
Assets/URPDefaultResources/Ultra.asset	4734
Assets/URPDefaultResources/Very High.asset	4737
Assets/URPDefaultResources/Very Low.asset	4736
Assets/Vefects/Stylized Female Character - Vexa/Animations/AirDash.controller	2032
Assets/Vefects/Stylized Female Character - Vexa/Animations/AirDash_Vexa.fbx	3481280
Assets/Vefects/Stylized Female Character - Vexa/Animations/AirStomp.controller	2843
Assets/Vefects/Stylized Female Character - Vexa/Animations/AirStomp_Vexa.fbx	3729168
Assets/Vefects/Stylized Female Character - Vexa/Animations/Appearance.controller	2040
Assets/Vefects/Stylized Female Character - Vexa/Animations/Appearance_Vexa.fbx	3773776
Assets/Vefects/Stylized Female Character - Vexa/Animations/Dash.controller	2032
Assets/Vefects/Stylized Female Character - Vexa/Animations/Dash_Vexa.fbx	3481264
Assets/Vefects/Stylized Female Character - Vexa/Animations/Death.controller	2028
Assets/Vefects/Stylized Female Character - Vexa/Animations/Death_Vexa.fbx	3640688
Assets/Vefects/Stylized Female Character - Vexa/Animations/GunShot01.controller	2036
Assets/Vefects/Stylized Female Character - Vexa/Animations/GunShot01_Vexa.fbx	3729168
Assets/Vefects/Stylized Female Character - Vexa/Animations/GunShot02.controller	2039
Assets/Vefects/Stylized Female Character - Vexa/Animations/GunShot02_Vexa.fbx	3596288
Assets/Vefects/Stylized Female Character - Vexa/Animations/GunShot03.controller	2039
Assets/Vefects/Stylized Female Character - Vexa/Animations/GunShot03_Vexa.fbx	3596544
Assets/Vefects/Stylized Female Character - Vexa/Animations/GunShotComplete.controller	2043
Assets/Vefects/Stylized Female Character - Vexa/Animations/GunShotComplete_Vexa.fbx	3640704
Assets/Vefects/Stylized Female Character - Vexa/Animations/HandsSpell.controller	2038
Assets/Vefects/Stylized Female Character - Vexa/Animations/HandsSpell_Vexa.fbx	3862016
Assets/Vefects/Stylized Female Character - Vexa/Animations/Healing.controller	2031
Assets/Vefects/Stylized Female Character - Vexa/Animations/Healing_Vexa.fbx	3862080
Assets/Vefects/Stylized Female Character - Vexa/Animations/Idle.controller	2031
Assets/Vefects/Stylized Female Character - Vexa/Animations/Idle_Vexa.fbx	4039104
Assets/Vefects/Stylized Female Character - Vexa/Animations/IdleChill.controller	2035
Assets/Vefects/Stylized Female Character - Vexa/Animations/IdleChill_Vexa.fbx	3274556
Assets/Vefects/Stylized Female Character - Vexa/Animations/Jump01.controller	2034
Assets/Vefects/Stylized Female Character - Vexa/Animations/Jump01_Vexa.fbx	3569744
Assets/Vefects/Stylized Female Character - Vexa/Animations/Jump02.controller	2031
Assets/Vefects/Stylized Female Character - Vexa/Animations/Jump02_Vexa.fbx	3569872
Assets/Vefects/Stylized Female Character - Vexa/Animations/Jump03.controller	2036
Assets/Vefects/Stylized Female Character - Vexa/Animations/Jump03_Vexa.fbx	3649584
Assets/Vefects/Stylized Female Character - Vexa/Animations/JumpComplete.controller	2040
Assets/Vefects/Stylized Female Character - Vexa/Animations/JumpComplete_Vexa.fbx	3596336
Assets/Vefects/Stylized Female Character - Vexa/Animations/MagicWand.controller	2036
Assets/Vefects/Stylized Female Character - Vexa/Animations/MagicWand_Vexa.fbx	4083584
Assets/Vefects/Stylized Female Character - Vexa/Animations/ReceivingHeavyDamage.controller	2047
Assets/Vefects/Stylized Female Character - Vexa/Animations/ReceivingHeavyDamage_Vexa.fbx	3826768
Assets/Vefects/Stylized Female Character - Vexa/Animations/ReceivingLightDamage.controller	2048
Assets/Vefects/Stylized Female Character - Vexa/Animations/ReceivingLightDamage_Vexa.fbx	3516736
Assets/Vefects/Stylized Female Character - Vexa/Animations/SnappySpell.controller	2036
Assets/Vefects/Stylized Female Character - Vexa/Animations/SnappySpell_Vexa.fbx	3729088
Assets/Vefects/Stylized Female Character - Vexa/Animations/Stomp.controller	2030
Assets/Vefects/Stylized Female Character - Vexa/Animations/Stomp_Vexa.fbx	3685104
Assets/Vefects/Stylized Female Character - Vexa/Animations/SummonCreature.controller	2039
Assets/Vefects/Stylized Female Character - Vexa/Animations/SummonCreature_Vexa.fbx	3817776
Assets/Vefects/Stylized Female Character - Vexa/Animations/SwordAttack.controller	2041
Assets/Vefects/Stylized Female Character - Vexa/Animations/SwordAttack_Vexa.fbx	3685392
Assets/Vefects/Stylized Female Character - Vexa/Animations/SwordSlash.controller	2034
Assets/Vefects/Stylized Female Character - Vexa/Animations/SwordSlash_Vexa.fbx	3729248
Assets/Vefects/Stylized Female Character - Vexa/Materials/Body/M_Vexa_Body_Colors_Advanced.mat	1750
Assets/Vefects/Stylized Female Character - Vexa/Materials/Body/M_Vexa_Body_Colors_Basic.mat	3900
Assets/Vefects/Stylized Female Character - Vexa/Materials/Body/M_Vexa_Body_ID_Advanced.mat	1746
Assets/Vefects/Stylized Female Character - Vexa/Materials/Body/M_Vexa_Body_ID_Basic.mat	3897
Assets/Vefects/Stylized Female Character - Vexa/Materials/Dark/M_Vexa_Body_Dark_Advanced.mat	1748
Assets/Vefects/Stylized Female Character - Vexa/Materials/Dark/M_Vexa_Body_Dark_Basic.mat	3899
Assets/Vefects/Stylized Female Character - Vexa/Materials/Dark/M_Vexa_Hair_Dark_Advanced.mat	1748
Assets/Vefects/Stylized Female Character - Vexa/Materials/Dark/M_Vexa_Hair_Dark_Basic.mat	3899
Assets/Vefects/Stylized Female Character - Vexa/Materials/Dark/M_Vexa_Jacket_Dark_Advanced.mat	1750
Assets/Vefects/Stylized Female Character - Vexa/Materials/Dark/M_Vexa_Jacket_Dark_Basic.mat	3900
Assets/Vefects/Stylized Female Character - Vexa/Materials/Hair/M_Vexa_Hair_Colors_Advanced.mat	1750
Assets/Vefects/Stylized Female Character - Vexa/Materials/Hair/M_Vexa_Hair_Colors_Basic.mat	3901
Assets/Vefects/Stylized Female Character - Vexa/Materials/Hair/M_Vexa_Hair_ID_Advanced.mat	1746
Assets/Vefects/Stylized Female Character - Vexa/Materials/Hair/M_Vexa_Hair_ID_Basic.mat	3897
Assets/Vefects/Stylized Female Character - Vexa/Materials/Jacket/M_Vexa_Jacket_Colors_Advanced.mat	1752
Assets/Vefects/Stylized Female Character - Vexa/Materials/Jacket/M_Vexa_Jacket_Colors_Basic.mat	3902
Assets/Vefects/Stylized Female Character - Vexa/Materials/Jacket/M_Vexa_Jacket_ID_Advanced.mat	1748
Assets/Vefects/Stylized Female Character - Vexa/Materials/Jacket/M_Vexa_Jacket_ID_Basic.mat	3898
Assets/Vefects/Stylized Female Character - Vexa/Materials/Logo/M_Vexa_Logo_White.mat	3923
Assets/Vefects/Stylized Female Character - Vexa/Materials/M_Vexa_Body_Basic.mat	3893
Assets/Vefects/Stylized Female Character - Vexa/Materials/M_Vexa_Body_Colors_Basic.mat	3901
Assets/Vefects/Stylized Female Character - Vexa/Materials/M_Vexa_Body_ID_Basic.mat	3895
Assets/Vefects/Stylized Female Character - Vexa/Materials/M_Vexa_Hair_Basic.mat	3894
Assets/Vefects/Stylized Female Character - Vexa/Materials/M_Vexa_Hair_Colors_Basic.mat	3900
Assets/Vefects/Stylized Female Character - Vexa/Materials/M_Vexa_Hair_ID_Basic.mat	3896
Assets/Vefects/Stylized Female Character - Vexa/Materials/M_Vexa_Jacket_Basic.mat	3896
Assets/Vefects/Stylized Female Character - Vexa/Materials/M_Vexa_Jacket_Colors_Basic.mat	3903
Assets/Vefects/Stylized Female Character - Vexa/Materials/M_Vexa_Jacket_ID_Basic.mat	3897
Assets/Vefects/Stylized Female Character - Vexa/Materials/M_Vexa_Logo_White.mat	3923
Assets/Vefects/Stylized Female Character - Vexa/Materials/Selector/M_Vexa_Selector_Body_01.mat	2765
Assets/Vefects/Stylized Female Character - Vexa/Materials/Selector/M_Vexa_Selector_Body_02.mat	2780
Assets/Vefects/Stylized Female Character - Vexa/Materials/Selector/M_Vexa_Selector_Body_03.mat	2801
Assets/Vefects/Stylized Female Character - Vexa/Materials/Selector/M_Vexa_Selector_Hair_01.mat	2163
Assets/Vefects/Stylized Female Character - Vexa/Materials/Selector/M_Vexa_Selector_Hair_02.mat	2158
Assets/Vefects/Stylized Female Character - Vexa/Materials/Selector/M_Vexa_Selector_Hair_03.mat	2154
Assets/Vefects/Stylized Female Character - Vexa/Materials/Selector/M_Vexa_Selector_Jacket_01.mat	2148
Assets/Vefects/Stylized Female Character - Vexa/Materials/Selector/M_Vexa_Selector_Jacket_02.mat	2146
Assets/Vefects/Stylized Female Character - Vexa/Materials/Selector/M_Vexa_Selector_Jacket_03.mat	2143
Assets/Vefects/Stylized Female Character - Vexa/Materials/SH_Vexa_Body_Advanced.mat	1744
Assets/Vefects/Stylized Female Character - Vexa/Materials/SH_Vexa_Body_Colors_Advanced.mat	1751
Assets/Vefects/Stylized Female Character - Vexa/Materials/SH_Vexa_Body_ID_Advanced.mat	1747
Assets/Vefects/Stylized Female Character - Vexa/Materials/SH_Vexa_Hair_Advanced.mat	1744
Assets/Vefects/Stylized Female Character - Vexa/Materials/SH_Vexa_Hair_Colors_Advanced.mat	1751
Assets/Vefects/Stylized Female Character - Vexa/Materials/SH_Vexa_Hair_ID_Advanced.mat	1747
Assets/Vefects/Stylized Female Character - Vexa/Materials/SH_Vexa_Jacket_Advanced.mat	1746
Assets/Vefects/Stylized Female Character - Vexa/Materials/SH_Vexa_Jacket_Colors_Advanced.mat	1753
Assets/Vefects/Stylized Female Character - Vexa/Materials/SH_Vexa_Jacket_ID_Advanced.mat	1749
Assets/Vefects/Stylized Female Character - Vexa/Meshes/Vefects_Vexa.fbx	2804604
Assets/Vefects/Stylized Female Character - Vexa/Others/Materials/M_Floor.mat	3828
Assets/Vefects/Stylized Female Character - Vexa/Others/Meshes/SM_Platform_01.fbx	13132
Assets/Vefects/Stylized Female Character - Vexa/Others/Scenes/Demo.unity	228879
Assets/Vefects/Stylized Female Character - Vexa/Others/Scenes/Overview.unity	210459
Assets/Vefects/Stylized Female Character - Vexa/Prefabs/Platform.prefab	4436
Assets/Vefects/Stylized Female Character - Vexa/Prefabs/Vefects_Vexa.prefab	87341
Assets/Vefects/Stylized Female Character - Vexa/Prefabs/Vefects_Vexa_AirDash.prefab	87952
Assets/Vefects/Stylized Female Character - Vexa/Prefabs/Vefects_Vexa_AirStomp.prefab	87940
Assets/Vefects/Stylized Female Character - Vexa/Prefabs/Vefects_Vexa_Appearance.prefab	87972
Assets/Vefects/Stylized Female Character - Vexa/Prefabs/Vefects_Vexa_Colors_Advanced.prefab	88652
Assets/Vefects/Stylized Female Character - Vexa/Prefabs/Vefects_Vexa_Colors_Basic.prefab	88649
Assets/Vefects/Stylized Female Character - Vexa/Prefabs/Vefects_Vexa_Dark_Color_Advanced.prefab	88660
Assets/Vefects/Stylized Female Character - Vexa/Prefabs/Vefects_Vexa_Dark_Color_Basic.prefab	88684
Assets/Vefects/Stylized Female Character - Vexa/Prefabs/Vefects_Vexa_Dash.prefab	87960
Assets/Vefects/Stylized Female Character - Vexa/Prefabs/Vefects_Vexa_Death.prefab	87965
Assets/Vefects/Stylized Female Character - Vexa/Prefabs/Vefects_Vexa_GunShot01.prefab	87917
Assets/Vefects/Stylized Female Character - Vexa/Prefabs/Vefects_Vexa_GunShot02.prefab	87933
Assets/Vefects/Stylized Female Character - Vexa/Prefabs/Vefects_Vexa_GunShot03.prefab	87969
Assets/Vefects/Stylized Female Character - Vexa/Prefabs/Vefects_Vexa_GunShotComplete.prefab	87960
Assets/Vefects/Stylized Female Character - Vexa/Prefabs/Vefects_Vexa_HandsSpell.prefab	88006
Assets/Vefects/Stylized Female Character - Vexa/Prefabs/Vefects_Vexa_Healing.prefab	87987
Assets/Vefects/Stylized Female Character - Vexa/Prefabs/Vefects_Vexa_ID_Advanced.prefab	88643
Assets/Vefects/Stylized Female Character - Vexa/Prefabs/Vefects_Vexa_ID_Basic.prefab	88639
Assets/Vefects/Stylized Female Character - Vexa/Prefabs/Vefects_Vexa_Idle.prefab	87955
Assets/Vefects/Stylized Female Character - Vexa/Prefabs/Vefects_Vexa_IdleChill.prefab	88651
Assets/Vefects/Stylized Female Character - Vexa/Prefabs/Vefects_Vexa_Jump01.prefab	87973
Assets/Vefects/Stylized Female Character - Vexa/Prefabs/Vefects_Vexa_Jump02.prefab	87962
Assets/Vefects/Stylized Female Character - Vexa/Prefabs/Vefects_Vexa_Jump03.prefab	87951
Assets/Vefects/Stylized Female Character - Vexa/Prefabs/Vefects_Vexa_JumpComplete.prefab	87992
Assets/Vefects/Stylized Female Character - Vexa/Prefabs/Vefects_Vexa_MagicWand.prefab	87946
Assets/Vefects/Stylized Female Character - Vexa/Prefabs/Vefects_Vexa_RecivingHeavyDamage.prefab	87968
Assets/Vefects/Stylized Female Character - Vexa/Prefabs/Vefects_Vexa_RecivingLightDamage.prefab	88016
Assets/Vefects/Stylized Female Character - Vexa/Prefabs/Vefects_Vexa_Selector_01.prefab	88674
Assets/Vefects/Stylized Female Character - Vexa/Prefabs/Vefects_Vexa_Selector_02.prefab	88632
Assets/Vefects/Stylized Female Character - Vexa/Prefabs/Vefects_Vexa_Selector_03.prefab	88671
Assets/Vefects/Stylized Female Character - Vexa/Prefabs/Vefects_Vexa_SnappySpell.prefab	87925
Assets/Vefects/Stylized Female Character - Vexa/Prefabs/Vefects_Vexa_Stomp.prefab	87992
Assets/Vefects/Stylized Female Character - Vexa/Prefabs/Vefects_Vexa_SummonCreature.prefab	87921
Assets/Vefects/Stylized Female Character - Vexa/Prefabs/Vefects_Vexa_SwordAttack.prefab	87955
Assets/Vefects/Stylized Female Character - Vexa/Prefabs/Vefects_Vexa_SwordSlash.prefab	87990
Assets/Vefects/Stylized Female Character - Vexa/Shaders/SH_Vexa.shader	9382
Assets/Vefects/Stylized Female Character - Vexa/Shaders/SH_Vexa_Selector_Body.shader	17486
Assets/Vefects/Stylized Female Character - Vexa/Shaders/SH_Vexa_Selector_Hair.shader	12558
Assets/Vefects/Stylized Female Character - Vexa/Shaders/SH_Vexa_Selector_Jacket.shader	12496
Assets/Vefects/Stylized Female Character - Vexa/Textures/Body/T_Vexa_Body_Masks_01.tga	12582956
Assets/Vefects/Stylized Female Character - Vexa/Textures/Body/T_Vexa_Body_Masks_01_Low.tga	786476
Assets/Vefects/Stylized Female Character - Vexa/Textures/Body/T_Vexa_Body_Masks_02.tga	12582956
Assets/Vefects/Stylized Female Character - Vexa/Textures/Body/T_Vexa_Body_Masks_02_Low.tga	786476
Assets/Vefects/Stylized Female Character - Vexa/Textures/Body/T_Vexa_Body_Masks_03.tga	12582956
Assets/Vefects/Stylized Female Character - Vexa/Textures/Body/T_Vexa_Body_Masks_03_Low.tga	786476
Assets/Vefects/Stylized Female Character - Vexa/Textures/Body/Vexa_Body_AO.png	5336956
Assets/Vefects/Stylized Female Character - Vexa/Textures/Body/Vexa_Body_Base_Color.png	2092610
Assets/Vefects/Stylized Female Character - Vexa/Textures/Body/Vexa_Body_Base_Color_Grayscale.tga	12582956
Assets/Vefects/Stylized Female Character - Vexa/Textures/Body/Vexa_Body_Curvature.png	5008112
Assets/Vefects/Stylized Female Character - Vexa/Textures/Body/Vexa_Body_ID.png	460573
Assets/Vefects/Stylized Female Character - Vexa/Textures/Body/Vexa_Body_Metallic.png	11188
Assets/Vefects/Stylized Female Character - Vexa/Textures/Body/Vexa_Body_Normal.png	14706228
Assets/Vefects/Stylized Female Character - Vexa/Textures/Body/Vexa_Body_Position.png	3281721
Assets/Vefects/Stylized Female Character - Vexa/Textures/Body/Vexa_Body_Roughness.png	45553
Assets/Vefects/Stylized Female Character - Vexa/Textures/Body/Vexa_Body_WSnormal.png	15762913
Assets/Vefects/Stylized Female Character - Vexa/Textures/Dark/Vexa_Body_Base_Color_Dark.png	1809130
Assets/Vefects/Stylized Female Character - Vexa/Textures/Dark/Vexa_Hair_Base_Color_Dark.png	1141291
Assets/Vefects/Stylized Female Character - Vexa/Textures/Dark/Vexa_Jacket_Base_Color_Dark.png	1724426
Assets/Vefects/Stylized Female Character - Vexa/Textures/Hair/T_Vexa_Hair_Masks.tga	12582956
Assets/Vefects/Stylized Female Character - Vexa/Textures/Hair/T_Vexa_Hair_Masks_Low.tga	196652
Assets/Vefects/Stylized Female Character - Vexa/Textures/Hair/Vexa_Hair_AO.png	4888509
Assets/Vefects/Stylized Female Character - Vexa/Textures/Hair/Vexa_Hair_Base_Color.png	1225087
Assets/Vefects/Stylized Female Character - Vexa/Textures/Hair/Vexa_Hair_Base_Color_Grayscale.tga	12582956
Assets/Vefects/Stylized Female Character - Vexa/Textures/Hair/Vexa_Hair_Curvature.png	5145598
Assets/Vefects/Stylized Female Character - Vexa/Textures/Hair/Vexa_Hair_ID.png	514539
Assets/Vefects/Stylized Female Character - Vexa/Textures/Hair/Vexa_Hair_Metallic.png	4166
Assets/Vefects/Stylized Female Character - Vexa/Textures/Hair/Vexa_Hair_Normal.png	13670378
Assets/Vefects/Stylized Female Character - Vexa/Textures/Hair/Vexa_Hair_Position.png	3670045
Assets/Vefects/Stylized Female Character - Vexa/Textures/Hair/Vexa_Hair_Roughness.png	40200
Assets/Vefects/Stylized Female Character - Vexa/Textures/Hair/Vexa_Hair_WSnormal.png	14356590
Assets/Vefects/Stylized Female Character - Vexa/Textures/Jacket/T_Vexa_Jacket_Masks.tga	12582956
Assets/Vefects/Stylized Female Character - Vexa/Textures/Jacket/T_Vexa_Jacket_Masks_Low.tga	196652
Assets/Vefects/Stylized Female Character - Vexa/Textures/Jacket/Vexa_Jacket_AO.png	5153695
Assets/Vefects/Stylized Female Character - Vexa/Textures/Jacket/Vexa_Jacket_Base_Color.png	1935042
Assets/Vefects/Stylized Female Character - Vexa/Textures/Jacket/Vexa_Jacket_Base_Color_Grayscale.tga	12582956
Assets/Vefects/Stylized Female Character - Vexa/Textures/Jacket/Vexa_Jacket_Curvature.png	5469040
Assets/Vefects/Stylized Female Character - Vexa/Textures/Jacket/Vexa_Jacket_ID.png	359798
Assets/Vefects/Stylized Female Character - Vexa/Textures/Jacket/Vexa_Jacket_Metallic.png	39022
Assets/Vefects/Stylized Female Character - Vexa/Textures/Jacket/Vexa_Jacket_Normal.png	14793005
Assets/Vefects/Stylized Female Character - Vexa/Textures/Jacket/Vexa_Jacket_Position.png	4785179
Assets/Vefects/Stylized Female Character - Vexa/Textures/Jacket/Vexa_Jacket_Roughness.png	44177
Assets/Vefects/Stylized Female Character - Vexa/Textures/Jacket/Vexa_Jacket_WSnormal.png	13029067
Assets/Vefects/Stylized Female Character - Vexa/Textures/Logo/T_Vefects_Vexa_Custom_Logo_01_Mask_Alpha.png	7853
Assets/Vefects/Stylized Female Character - Vexa/Vefects Top Secret.pdf	122867
Assets/Vefects/Stylized Female Character - Vexa/Vefects Vexa Info Doc.pdf	34108
Assets/WeaponsPack (LowPoly)/American AssaultRifle.prefab	12760
Assets/WeaponsPack (LowPoly)/American Heavy Machinegun.prefab	18173
Assets/WeaponsPack (LowPoly)/American Heavy SMG.prefab	12715
Assets/WeaponsPack (LowPoly)/American Light AssaultRifle.prefab	8230
Assets/WeaponsPack (LowPoly)/American Light Machinegun.prefab	20773
Assets/WeaponsPack (LowPoly)/American Light SMG.prefab	8183
Assets/WeaponsPack (LowPoly)/American Old Rifle.prefab	15334
Assets/WeaponsPack (LowPoly)/American Pistol.prefab	12717
Assets/WeaponsPack (LowPoly)/American Sniper.prefab	20363
Assets/WeaponsPack (LowPoly)/Belgian AssaultRifle.prefab	10458
Assets/WeaponsPack (LowPoly)/British AssaultRifle.prefab	10458
Assets/WeaponsPack (LowPoly)/British BoltRifle.prefab	20008
Assets/WeaponsPack (LowPoly)/British SMG.prefab	13122
Assets/WeaponsPack (LowPoly)/Chinese AssaultRifle.prefab	12763
Assets/WeaponsPack (LowPoly)/Chinese SMG.prefab	17292
Assets/WeaponsPack (LowPoly)/Czech Machinegun.prefab	20812
Assets/WeaponsPack (LowPoly)/DemoScene/DemoScene.unity	132962
Assets/WeaponsPack (LowPoly)/DemoScene/SpinWeapon.cs	441
Assets/WeaponsPack (LowPoly)/FBXs/American AssaultRifle.fbx	241072
Assets/WeaponsPack (LowPoly)/FBXs/American Heavy Machinegun.fbx	315120
Assets/WeaponsPack (LowPoly)/FBXs/American Heavy SMG.fbx	192544
Assets/WeaponsPack (LowPoly)/FBXs/American Light AssaultRifle.fbx	233408
Assets/WeaponsPack (LowPoly)/FBXs/American Light Machinegun.fbx	326768
Assets/WeaponsPack (LowPoly)/FBXs/American Light SMG.fbx	138208
Assets/WeaponsPack (LowPoly)/FBXs/American Old Rifle.fbx	196464
Assets/WeaponsPack (LowPoly)/FBXs/American Pistol.fbx	158944
Assets/WeaponsPack (LowPoly)/FBXs/American Sniper.fbx	224848
Assets/WeaponsPack (LowPoly)/FBXs/Belgian AssaultRifle.fbx	193232
Assets/WeaponsPack (LowPoly)/FBXs/British AssaultRifle.fbx	191680
Assets/WeaponsPack (LowPoly)/FBXs/British BoltRifle.fbx	233520
Assets/WeaponsPack (LowPoly)/FBXs/British SMG.fbx	173456
Assets/WeaponsPack (LowPoly)/FBXs/Chinese AssaultRifle.fbx	188112
Assets/WeaponsPack (LowPoly)/FBXs/Chinese SMG.fbx	235376
Assets/WeaponsPack (LowPoly)/FBXs/Czech Machinegun.fbx	253056
Assets/WeaponsPack (LowPoly)/FBXs/French AssaultRifle.fbx	203680
Assets/WeaponsPack (LowPoly)/FBXs/German AssaultRifle.fbx	242240
Assets/WeaponsPack (LowPoly)/FBXs/German BoltRifle.fbx	210800
Assets/WeaponsPack (LowPoly)/FBXs/German Heavy SMG.fbx	235120
Assets/WeaponsPack (LowPoly)/FBXs/German Machinegun.fbx	286080
Assets/WeaponsPack (LowPoly)/FBXs/German Old AssaultRifle.fbx	184496
Assets/WeaponsPack (LowPoly)/FBXs/German Old SMG.fbx	217792
Assets/WeaponsPack (LowPoly)/FBXs/German Pistol.fbx	173552
Assets/WeaponsPack (LowPoly)/FBXs/German SMG.fbx	229856
Assets/WeaponsPack (LowPoly)/FBXs/Israeli Pistol.fbx	155600
Assets/WeaponsPack (LowPoly)/FBXs/Israeli SMG.fbx	227344
Assets/WeaponsPack (LowPoly)/FBXs/Italian Pistol.fbx	194208
Assets/WeaponsPack (LowPoly)/FBXs/Old Revolver.fbx	206112
Assets/WeaponsPack (LowPoly)/FBXs/Police Pistol.fbx	119008
Assets/WeaponsPack (LowPoly)/FBXs/Revolver38.fbx	223392
Assets/WeaponsPack (LowPoly)/FBXs/Russian AssaultRifle.fbx	211024
Assets/WeaponsPack (LowPoly)/FBXs/Russian Light AssaultRifle.fbx	199216
Assets/WeaponsPack (LowPoly)/FBXs/Russian Machinegun.fbx	374016
Assets/WeaponsPack (LowPoly)/FBXs/Russian Pistol.fbx	163024
Assets/WeaponsPack (LowPoly)/FBXs/Russian Sniper.fbx	245792
Assets/WeaponsPack (LowPoly)/FBXs/Soviet AssaultRifle.fbx	180576
Assets/WeaponsPack (LowPoly)/FBXs/Soviet BoltRifle.fbx	194560
Assets/WeaponsPack (LowPoly)/FBXs/Soviet Pistol.fbx	156736
Assets/WeaponsPack (LowPoly)/FBXs/Soviet SMG.fbx	203200
Assets/WeaponsPack (LowPoly)/French AssaultRifle.prefab	12748
Assets/WeaponsPack (LowPoly)/German AssaultRifle.prefab	15045
Assets/WeaponsPack (LowPoly)/German BoltRifle.prefab	17507
Assets/WeaponsPack (LowPoly)/German Heavy SMG.prefab	14985
Assets/WeaponsPack (LowPoly)/German Machinegun.prefab	18248
Assets/WeaponsPack (LowPoly)/German Old AssaultRifle.prefab	10451
Assets/WeaponsPack (LowPoly)/German Old SMG.prefab	17300
Assets/WeaponsPack (LowPoly)/German Pistol.prefab	8145
Assets/WeaponsPack (LowPoly)/German SMG.prefab	12704
Assets/WeaponsPack (LowPoly)/Israeli Pistol.prefab	10456
Assets/WeaponsPack (LowPoly)/Israeli SMG.prefab	17341
Assets/WeaponsPack (LowPoly)/Italian Pistol.prefab	5875
Assets/WeaponsPack (LowPoly)/Materials/American AssaultRifle.mat	4009
Assets/WeaponsPack (LowPoly)/Materials/American Heavy Machinegun.mat	4014
Assets/WeaponsPack (LowPoly)/Materials/American Heavy SMG.mat	3923
Assets/WeaponsPack (LowPoly)/Materials/American Light AssaultRifle.mat	4016
Assets/WeaponsPack (LowPoly)/Materials/American Light Machinegun.mat	3929
Assets/WeaponsPack (LowPoly)/Materials/American Light SMG.mat	4006
Assets/WeaponsPack (LowPoly)/Materials/American Old Rifle.mat	4007
Assets/WeaponsPack (LowPoly)/Materials/American Pistol.mat	3988
Assets/WeaponsPack (LowPoly)/Materials/American Sniper.mat	4004
Assets/WeaponsPack (LowPoly)/Materials/Belgian AssaultRifle.mat	4007
Assets/WeaponsPack (LowPoly)/Materials/British AssaultRifle.mat	3924
Assets/WeaponsPack (LowPoly)/Materials/British BoltRifle.mat	3920
Assets/WeaponsPack (LowPoly)/Materials/British SMG.mat	3915
Assets/WeaponsPack (LowPoly)/Materials/Chinese AssaultRifle.mat	4008
Assets/WeaponsPack (LowPoly)/Materials/Chinese SMG.mat	3999
Assets/WeaponsPack (LowPoly)/Materials/Czech Machinegun.mat	4004
Assets/WeaponsPack (LowPoly)/Materials/French AssaultRifle.mat	3923
Assets/WeaponsPack (LowPoly)/Materials/German AssaultRifle.mat	3923
Assets/WeaponsPack (LowPoly)/Materials/German BoltRifle.mat	3921
Assets/WeaponsPack (LowPoly)/Materials/German Heavy SMG.mat	3920
Assets/WeaponsPack (LowPoly)/Materials/German Machinegun.mat	3921
Assets/WeaponsPack (LowPoly)/Materials/German Old AssaultRifle.mat	4011
Assets/WeaponsPack (LowPoly)/Materials/German Old SMG.mat	3919
Assets/WeaponsPack (LowPoly)/Materials/German Pistol.mat	3945
Assets/WeaponsPack (LowPoly)/Materials/German SMG.mat	3999
Assets/WeaponsPack (LowPoly)/Materials/Israeli Pistol.mat	4038
Assets/WeaponsPack (LowPoly)/Materials/Israeli SMG.mat	3915
Assets/WeaponsPack (LowPoly)/Materials/Italian Pistol.mat	3980
Assets/WeaponsPack (LowPoly)/Materials/OldRevolver.mat	3916
Assets/WeaponsPack (LowPoly)/Materials/Police Pistol.mat	3951
Assets/WeaponsPack (LowPoly)/Materials/Revolver38.mat	3945
Assets/WeaponsPack (LowPoly)/Materials/Russian AssaultRifle.mat	3923
Assets/WeaponsPack (LowPoly)/Materials/Russian Light AssaultRifle.mat	4014
Assets/WeaponsPack (LowPoly)/Materials/Russian Machinegun.mat	4007
Assets/WeaponsPack (LowPoly)/Materials/Russian Pistol.mat	3948
Assets/WeaponsPack (LowPoly)/Materials/Russian Sniper.mat	4002
Assets/WeaponsPack (LowPoly)/Materials/Soviet AssaultRifle.mat	4004
Assets/WeaponsPack (LowPoly)/Materials/Soviet BoltRifle.mat	4004
Assets/WeaponsPack (LowPoly)/Materials/Soviet SMG.mat	3914
Assets/WeaponsPack (LowPoly)/Materials/SovietPistol.mat	3999
Assets/WeaponsPack (LowPoly)/Old Revolver.prefab	10342
Assets/WeaponsPack (LowPoly)/Police Pistol.prefab	5854
Assets/WeaponsPack (LowPoly)/Revolver 38.prefab	8126
Assets/WeaponsPack (LowPoly)/Russian AssaultRifle.prefab	10439
Assets/WeaponsPack (LowPoly)/Russian Light AssaultRifle.prefab	12736
Assets/WeaponsPack (LowPoly)/Russian Machinegun.prefab	15522
Assets/WeaponsPack (LowPoly)/Russian Pistol.prefab	12680
Assets/WeaponsPack (LowPoly)/Russian Sniper.prefab	17676
Assets/WeaponsPack (LowPoly)/Soviet AssaultRifle.prefab	3588
Assets/WeaponsPack (LowPoly)/Soviet BoltRifle.prefab	17658
Assets/WeaponsPack (LowPoly)/Soviet Pistol.prefab	10489
Assets/WeaponsPack (LowPoly)/Soviet SMG.prefab	17781
Assets/WeaponsPack (LowPoly)/Textures/American AssaultRifle.png	123912
Assets/WeaponsPack (LowPoly)/Textures/American Heavy Machinegun.png	188828
Assets/WeaponsPack (LowPoly)/Textures/American Heavy SMG.png	307513
Assets/WeaponsPack (LowPoly)/Textures/American Light AssaultRifle.png	124946
Assets/WeaponsPack (LowPoly)/Textures/American Light Machinegun.png	154883
Assets/WeaponsPack (LowPoly)/Textures/American Light SMG.png	350269
Assets/WeaponsPack (LowPoly)/Textures/American Old Rifle.png	126439
Assets/WeaponsPack (LowPoly)/Textures/American Pistol.png	448412
Assets/WeaponsPack (LowPoly)/Textures/American Sniper.png	90921
Assets/WeaponsPack (LowPoly)/Textures/Belgian AssaultRifle.png	263976
Assets/WeaponsPack (LowPoly)/Textures/British AssaultRifle.png	437276
Assets/WeaponsPack (LowPoly)/Textures/British BoltRifle.png	110914
Assets/WeaponsPack (LowPoly)/Textures/British SMG.png	342637
Assets/WeaponsPack (LowPoly)/Textures/Chinese AssaultRifle.png	125062
Assets/WeaponsPack (LowPoly)/Textures/Chinese SMG.png	261048
Assets/WeaponsPack (LowPoly)/Textures/Czech Machinegun.png	110758
Assets/WeaponsPack (LowPoly)/Textures/French AssaultRifle.png	153859
Assets/WeaponsPack (LowPoly)/Textures/German AssaultRifle.png	70374
Assets/WeaponsPack (LowPoly)/Textures/German BoltRifle.png	96993
Assets/WeaponsPack (LowPoly)/Textures/German Heavy SMG.png	169708
Assets/WeaponsPack (LowPoly)/Textures/German Machinegun.png	146166
Assets/WeaponsPack (LowPoly)/Textures/German Old AssaultRifle.png	195727
Assets/WeaponsPack (LowPoly)/Textures/German Old SMG.png	540065
Assets/WeaponsPack (LowPoly)/Textures/German Pistol.png	400505
Assets/WeaponsPack (LowPoly)/Textures/German SMG.png	169708
Assets/WeaponsPack (LowPoly)/Textures/Israeli Pistol.png	142134
Assets/WeaponsPack (LowPoly)/Textures/Israeli SMG.png	156185
Assets/WeaponsPack (LowPoly)/Textures/Italian Pistol.png	46178
Assets/WeaponsPack (LowPoly)/Textures/OldRevolver.png	1058529
Assets/WeaponsPack (LowPoly)/Textures/Police Pistol.png	115408
Assets/WeaponsPack (LowPoly)/Textures/Revolver38.png	204536
Assets/WeaponsPack (LowPoly)/Textures/Russian AssaultRifle.png	358636
Assets/WeaponsPack (LowPoly)/Textures/Russian Light AssaultRifle.png	254430
Assets/WeaponsPack (LowPoly)/Textures/Russian Machinegun.png	91535
Assets/WeaponsPack (LowPoly)/Textures/Russian Pistol.png	402982
Assets/WeaponsPack (LowPoly)/Textures/Russian Sniper.png	123045
Assets/WeaponsPack (LowPoly)/Textures/Soviet AssaultRifle.png	168221
Assets/WeaponsPack (LowPoly)/Textures/Soviet BoltRifle.png	223654
Assets/WeaponsPack (LowPoly)/Textures/Soviet SMG.png	144588
Assets/WeaponsPack (LowPoly)/Textures/SovietPistol.png	639298
Assets/Zombie/Animations/Z_Attack.anim	298926
Assets/Zombie/Animations/Z_FallingBack.anim	778809
Assets/Zombie/Animations/Z_FallingForward.anim	673224
Assets/Zombie/Animations/Z_Idle.anim	340401
Assets/Zombie/Animations/Z_Run.anim	542877
Assets/Zombie/Animations/Z_Run_InPlace.anim	551557
Assets/Zombie/Animations/Z_Walk.anim	295170
Assets/Zombie/Animations/Z_Walk_InPlace.anim	296185
Assets/Zombie/Animations/Z_Walk1.anim	285461
Assets/Zombie/Animations/Z_Walk1_InPlace.anim	285287
Assets/Zombie/Animations/Zombie.controller	10921
Assets/Zombie/Animations/Zombie@Z_Attack.FBX	1110288
Assets/Zombie/Animations/Zombie@Z_FallingBack.FBX	836960
Assets/Zombie/Animations/Zombie@Z_FallingForward.FBX	795376
Assets/Zombie/Animations/Zombie@Z_Idle.FBX	1406976
Assets/Zombie/Animations/Zombie@Z_Run.FBX	1213936
Assets/Zombie/Animations/Zombie@Z_Run_InPlace.FBX	1204928
Assets/Zombie/Animations/Zombie@Z_Walk.FBX	1273760
Assets/Zombie/Animations/Zombie@Z_Walk_InPlace.FBX	1273760
Assets/Zombie/Animations/Zombie@Z_Walk1.FBX	1277600
Assets/Zombie/Animations/Zombie@Z_Walk1_InPlace.FBX	1277616
Assets/Zombie/FBXs/Zombie1.FBX	1276736
Assets/Zombie/FBXs/Zombie2.FBX	1026032
Assets/Zombie/FBXs/Zombie3.FBX	843184
Assets/Zombie/Materials/Plane.mat	3850
Assets/Zombie/Materials/Zombie.mat	4249
Assets/Zombie/Prefabs/Zombie1.prefab	91513
Assets/Zombie/Prefabs/Zombie2.prefab	61944
Assets/Zombie/Prefabs/Zombie3.prefab	59474
Assets/Zombie/ScenePrefabs.unity	23277
Assets/Zombie/Textures/Zombie.tga	3145772
Assets/Zombie/Textures/Zombie_ao.png	497379
Assets/Zombie/Textures/zombie_emission.tga	3145772
Assets/Zombie/Textures/Zombie_metallic.tga	4194348
Assets/Zombie/Textures/Zombie_nm.png	1028333
